applicant_id,ability,portfolio_score,interview_score,admitted,data_source
1,0.9086013598921112,0.6485658379660353,0.9604477413290281,True,admitted_students_file
2,0.031085587771152785,-1.454627597036103,-1.1076730006795625,False,applicant_pool
3,0.2785759145118061,-0.8414601530946475,-1.2760331966721985,False,applicant_pool
4,0.013985221865292462,-0.274854104030484,0.3180399438260534,False,applicant_pool
5,0.3365831266054347,0.7796210207358992,0.8085066647843042,False,applicant_pool
6,0.4249658974361492,-0.021346419070559747,0.7182390744451115,False,applicant_pool
7,-1.9369669327054153,1.1368686334505633,-1.3174508479825338,False,applicant_pool
8,0.6665726686095336,1.3152366287442812,1.5342989755986693,True,admitted_students_file
9,-0.9820194198303006,1.1991704686772062,0.28478791431824796,False,applicant_pool
10,-1.4422991355594112,1.2055405644802868,-0.05656854327585022,False,applicant_pool
11,-0.05841124385868244,-1.0369939046587182,-1.190299482269677,False,applicant_pool
12,0.08398100331445427,0.4826354994557758,1.2008279807880284,True,admitted_students_file
13,-0.6935061645722808,-0.6075290409554163,0.5895424216916048,False,applicant_pool
14,0.8310318576679744,-1.6490663313591984,-1.3089632263076263,False,applicant_pool
15,-1.342175166370907,-0.2874711320558362,-0.5549593082623123,False,applicant_pool
16,-0.40694374877255896,1.3247369656272514,-1.4179295149827218,False,applicant_pool
17,-0.5848741349330007,0.4607420101184635,0.3873410835082717,False,applicant_pool
18,-0.04658727033933937,2.017809371605892,-0.027813865755969003,False,applicant_pool
19,0.2788642846472388,0.17723014526811154,-0.07101576408450283,False,applicant_pool
20,-1.0078929496235447,2.4478027535929074,0.01682410935211054,False,applicant_pool
21,0.7242826774562282,0.17752122551705124,0.4352444904680544,False,applicant_pool
22,0.06300236833469973,0.022480296153736364,0.6427193207749634,False,applicant_pool
23,-1.8919462533119105,-1.2793900879214963,-3.3614879064106304,False,applicant_pool
24,-1.958591440397031,1.1105627402927678,-0.8028544377287183,False,applicant_pool
25,-0.012319292929311235,-0.5021251289404789,-0.6937470123866033,False,applicant_pool
26,-0.2209673177863541,-0.647047639408727,0.5425243565335094,False,applicant_pool
27,-0.1034201135746335,1.281230563762572,1.0678094981173596,True,admitted_students_file
28,-0.02798245653021798,1.1582226687959571,-0.08939584131866529,False,applicant_pool
29,0.22555983951018072,1.132051367210679,0.5525412190472789,False,applicant_pool
30,0.9476496098482997,-0.36219113405498116,1.469820976135529,True,admitted_students_file
31,-1.1111049009175582,-0.05097586530525164,-0.2552967763030094,False,applicant_pool
32,-1.1719715929007948,-0.059854397695851456,-1.4434503175716151,False,applicant_pool
33,-1.0933238578873825,0.7825181806723981,-0.38897306705790213,False,applicant_pool
34,0.2889166671687069,1.55356466849423,1.0330364642952052,True,admitted_students_file
35,1.2449473786464456,0.36814655519840694,0.6719237079900904,False,applicant_pool
36,-0.4313394382395105,1.9748910853573585,-0.1938399387985814,False,applicant_pool
37,-2.5016998441596545,0.8971944180330614,-1.5172637277552634,False,applicant_pool
38,-1.7039928626103755,-0.23479939411441825,-0.287775452765354,False,applicant_pool
39,-0.8330367227960116,0.8287114061289749,-0.26961259677639654,False,applicant_pool
40,-0.5577288874952148,1.7059402787087732,0.6740598629661696,False,applicant_pool
41,-0.4083886272547264,1.9982889833413344,1.1318031842537972,True,admitted_students_file
42,0.038581122980917065,1.1868913445990807,2.3492560802254863,True,admitted_students_file
43,-0.3117463308224471,0.025674453657999224,-0.1797343801650182,False,applicant_pool
44,1.0493396105434072,-0.21669325405592046,1.306981879225324,True,admitted_students_file
45,-0.6760173056813688,0.5760695035613909,-0.4836921918138232,False,applicant_pool
46,-0.862317959475543,1.6739744952710462,0.34599726591533314,False,applicant_pool
47,0.4788755385204616,0.4337691222144516,0.6020059356548931,False,applicant_pool
48,-1.5356420699261193,0.4545318718688109,-1.2446146880318196,False,applicant_pool
49,0.3896917053200022,0.05139785431709231,0.14410576734204109,False,applicant_pool
50,0.10255318372626686,-0.3278910626312124,0.47516603378107414,False,applicant_pool
51,-0.1474424899181674,-0.1621345066439178,-0.7614802405296737,False,applicant_pool
52,1.5882761071492624,0.13542598524553,1.1204686817311618,True,admitted_students_file
53,-0.6222074452947179,1.7180999962398222,1.2084436442734705,True,admitted_students_file
54,2.0602981705240784,-0.23971377853080178,0.6062536206267087,False,applicant_pool
55,-0.2254314492280993,0.05261207591138063,0.6544570621746021,False,applicant_pool
56,-1.2770164449702281,-0.8653776604065087,-1.3415377326969529,False,applicant_pool
57,0.0699195809948253,0.7166310664731552,0.39567212651668454,False,applicant_pool
58,-1.0762452003187681,1.3666791787182826,-1.2169213781004657,False,applicant_pool
59,-0.7517558478135002,1.6244978459567558,0.3057535893836848,False,applicant_pool
60,0.39703330001549114,0.20336452469571042,0.6503732773639931,False,applicant_pool
61,0.5555820886501248,0.5743542832792355,1.9562001549158117,True,admitted_students_file
62,-0.6221677002542582,-0.15355032217003803,-0.10669430669766355,False,applicant_pool
63,0.9874051450464006,0.5280186796945225,1.7733768483264443,True,admitted_students_file
64,1.157507758021134,0.3139651524992144,0.11008419030286931,False,applicant_pool
65,1.436301756563291,0.05826438725148733,0.8826922465225377,False,applicant_pool
66,0.5294134071257222,0.13775369227712947,1.2881811242420582,True,admitted_students_file
67,1.3634287120856987,0.45192228339364876,0.5585646617816299,False,applicant_pool
68,-1.8807984279740577,-0.29415243484556425,-0.7380622205515827,False,applicant_pool
69,-0.31790654862846257,-0.2424967920780333,0.1490603337610107,False,applicant_pool
70,-0.8670052563234263,1.7073620136715535,0.7385384461911568,False,applicant_pool
71,0.11922586112739209,2.710546768846383,1.6092603718877714,True,admitted_students_file
72,-0.5714492191967373,-1.2043669485340438,-1.8446871172257124,False,applicant_pool
73,-0.16615784194973238,-1.2594712043760588,0.31610662576055515,False,applicant_pool
74,1.8821748802040494,-0.9571528278081498,1.043568096464156,True,admitted_students_file
75,-0.1697197964203783,-0.10328841503855507,0.06097594982450752,False,applicant_pool
76,0.4137923171902139,0.895780511037257,0.5622275146062803,False,applicant_pool
77,-0.2322693299242352,0.591252942048272,0.2598494885936083,False,applicant_pool
78,0.07571328795683367,0.17203113678046833,0.2763359650582693,False,applicant_pool
79,0.006016680436071459,0.5289355469578989,0.6276319271195816,False,applicant_pool
80,0.4483240659731595,-0.6920861566283695,0.3555928430044674,False,applicant_pool
81,1.165307535547177,-0.2441227717526189,0.05104002836789867,False,applicant_pool
82,1.6473939976033294,-0.020094548375796818,0.03112676615699317,False,applicant_pool
83,0.30962008190916684,-1.5842163388718526,-0.7694909711342977,False,applicant_pool
84,0.5895468860356021,-1.161310204722596,-1.5946982932738794,False,applicant_pool
85,-1.150864509185567,-1.121566061277659,-1.7036425672966433,False,applicant_pool
86,-0.08787674241562057,0.7641082236837743,0.08311758174606604,False,applicant_pool
87,0.940289464883589,0.24535494857241638,1.114892603287572,True,admitted_students_file
88,0.8659686384171532,0.611061200073943,2.3478873198596286,True,admitted_students_file
89,0.21160973279505021,-1.8396549898024643,-2.419442853787312,False,applicant_pool
90,0.8863939595679524,-1.4835666860516032,1.2037672490085076,True,admitted_students_file
91,0.49076670899381886,0.6632154402564954,0.586935785629386,False,applicant_pool
92,1.2003062582593216,-2.778669641666051,-0.7824701216935681,False,applicant_pool
93,0.2893591569571111,1.2246293575998046,-0.006289975874606224,False,applicant_pool
94,-0.35569831557103465,-1.82331714352279,-0.7185499492525615,False,applicant_pool
95,0.33584125693302364,0.8433448919249784,0.7955017722039082,False,applicant_pool
96,-2.9305943758527757,-0.8885846247569626,-2.525493538228131,False,applicant_pool
97,0.38288573638504947,1.0489037151715825,-0.4255064369202566,False,applicant_pool
98,-3.6484128252147836,3.208160913916495,-0.23450597265068868,False,applicant_pool
99,-1.723463407405418,-2.2731776301211255,-2.005736847720651,False,applicant_pool
100,0.45176860094098414,0.6953771478606484,0.5802496918828292,False,applicant_pool
101,0.47752933726679525,-1.8081627135937397,-0.042972152661608476,False,applicant_pool
102,-1.1624287801399305,0.4267689222175041,0.3148477126743765,False,applicant_pool
103,-0.7121020418789388,-0.20677216355189393,-1.0460350014486348,False,applicant_pool
104,1.370540988614132,0.1297823224618433,2.0917898533575587,True,admitted_students_file
105,-0.48403013157267616,-0.911686276328237,-0.875509190108036,False,applicant_pool
106,2.242920312402985,0.7805411094965004,2.000071599786147,True,admitted_students_file
107,-0.001919853176346149,-1.448357837970381,-0.8733936434234609,False,applicant_pool
108,0.4080361768812668,1.2416372628987402,1.120808761515793,True,admitted_students_file
109,1.6168743984986076,-0.40925030661018263,-1.0561376899334793,False,applicant_pool
110,0.13102711619341956,-1.4026906774030896,-0.95643579351909,False,applicant_pool
111,-1.0023439806908012,1.5949368233406982,-0.569577182441285,False,applicant_pool
112,-0.10972745169429012,-0.06734265280915312,1.0233394236237354,True,admitted_students_file
113,-0.03561073619009093,1.9076359704420263,2.3270744964685983,True,admitted_students_file
114,-1.3647416522015654,1.2213561293133421,0.5031562428415662,False,applicant_pool
115,-0.25583207134082336,-0.798145704786435,-0.8520127606199398,False,applicant_pool
116,-0.7421920939974367,-0.0849898009367489,-1.2432786873298096,False,applicant_pool
117,0.9243577571874341,0.12103793966357433,0.21920050206023212,False,applicant_pool
118,0.03461187418525562,1.5263031999864394,2.374444132709825,True,admitted_students_file
119,-0.28279574914757005,0.437517713367115,-0.3839688938212681,False,applicant_pool
120,-0.10618193062257626,0.17629262109645927,-1.6033447992622205,False,applicant_pool
121,0.22312201840616613,-0.1998795870983077,0.7362234362898834,False,applicant_pool
122,0.6168141996897798,-0.0505570358546391,1.4184193360253667,True,admitted_students_file
123,-0.9997122286693814,1.3045920856783244,1.3596228880723784,True,admitted_students_file
124,-1.0415876326212719,0.0037053507974743488,0.05222011978906149,False,applicant_pool
125,1.10467921540253,-0.3949972712981747,1.3023570377321776,True,admitted_students_file
126,-0.4123368722047306,-0.5645071656136869,-0.597894772744492,False,applicant_pool
127,-1.416842092596874,-0.553765153836162,-2.734301646625638,False,applicant_pool
128,0.44381270938310463,-1.402095996042765,-0.6033674072787698,False,applicant_pool
129,0.4633698060326869,-0.750375308326479,0.24854736420262696,False,applicant_pool
130,-1.5307152572567064,1.498420275650323,-0.11568077764052435,False,applicant_pool
131,0.2294817154636063,-0.20659926056749658,-0.11171168743525922,False,applicant_pool
132,0.7355830924283736,0.7044116685560984,0.26111396732708136,False,applicant_pool
133,0.37438645170626306,-2.4787565179008344,-2.06905766331689,False,applicant_pool
134,0.6319814837613953,0.5683113089658791,2.066894275608977,True,admitted_students_file
135,-1.404269098090749,-0.16135270436911373,0.2943882873171886,False,applicant_pool
136,0.3310401549961956,-0.48144002289050875,-0.09961290600357602,False,applicant_pool
137,-0.30261975947044656,0.18095995742113172,0.1179876522329942,False,applicant_pool
138,-0.4827901587246448,-0.4958252538120278,-1.3227006580747505,False,applicant_pool
139,0.8705556094197265,-2.123874919888356,-0.3648551568469916,False,applicant_pool
140,1.47927451067423,0.9222479411719373,2.7927440138299486,True,admitted_students_file
141,1.794370054600359,0.24301756134819305,0.2538404044052738,False,applicant_pool
142,1.314807871505905,-0.3139424547478518,0.9752808306844103,True,admitted_students_file
143,-0.10973418163018368,-0.9661853720724374,-0.3220321400551755,False,applicant_pool
144,0.35272016302634307,-1.469857516107135,-0.3568147190800346,False,applicant_pool
145,0.7668228717842437,0.2238927070680576,1.7939374937479242,True,admitted_students_file
146,0.12117794929946196,1.613440960225359,2.5527150397109404,True,admitted_students_file
147,0.13076418791154437,0.2031664767410382,0.05361635751331503,False,applicant_pool
148,0.823753131876182,-1.382761606092826,0.10786606226863182,False,applicant_pool
149,-0.059282646025932216,0.22511672703840255,0.16675574666634727,False,applicant_pool
150,-0.7292869363736615,-0.053342962246727924,-0.9511901391610402,False,applicant_pool
151,-0.4144730658358585,0.8640436260742304,0.4817907739716519,False,applicant_pool
152,0.6339103777337424,0.6067331774117265,1.2764679807947283,True,admitted_students_file
153,0.002993291199955732,-2.9858225341099236,-1.7869889280995892,False,applicant_pool
154,0.34020997686833787,0.5452422044284568,-0.041282928797365614,False,applicant_pool
155,0.6700792422021898,-1.0034794095040838,-0.5412025566452052,False,applicant_pool
156,-0.3748414628976096,-1.421728741448699,-1.486905826947361,False,applicant_pool
157,0.7562481636298061,-0.18847341037356372,-0.2206571788349354,False,applicant_pool
158,0.37884260345839443,0.41097110903001155,0.732856620241432,False,applicant_pool
159,-1.2348130869114786,-1.6407346102868243,-1.5764275357737427,False,applicant_pool
160,1.4423047911862443,0.7045764170575515,2.081135105979505,True,admitted_students_file
161,-0.5007447437569161,0.7633388475315999,-0.4296494762588974,False,applicant_pool
162,-1.6550953431851838,0.046976196299497744,-1.4495125258358512,False,applicant_pool
163,-1.0450437095863023,-0.8676236302270486,-0.15503515452681182,False,applicant_pool
164,-1.021045160678322,-0.979378004189292,-1.4154221620149934,False,applicant_pool
165,0.05217331865753347,1.0259321315802274,0.7218602631306884,False,applicant_pool
166,-0.2738505055462372,-1.5112226864959049,-1.2828701798043467,False,applicant_pool
167,-0.33683196764059287,1.0644704608191784,1.266086593671231,True,admitted_students_file
168,0.6197019654824789,-0.1651991591304367,1.115692900629348,True,admitted_students_file
169,0.3398753611927038,-0.09583449964285712,0.9378722304195939,False,applicant_pool
170,0.31604787064428624,-1.708087705413325,-0.8862285646495918,False,applicant_pool
171,0.40982845732869266,-0.1467166301285866,-0.43968249656223224,False,applicant_pool
172,0.6161346680022383,0.6135855160113759,2.1469672740403274,True,admitted_students_file
173,-2.107953341777443,-1.3364100878519811,-1.6394199453902636,False,applicant_pool
174,-0.3644382522644612,0.4986358672518455,-0.23243283723287295,False,applicant_pool
175,-2.180210064489474,0.08901225367902267,-0.36260538416570576,False,applicant_pool
176,0.03605992679779541,-0.6437556138323068,-0.7699284372537989,False,applicant_pool
177,-0.00463297222434532,0.8546730864913044,1.5400184565055828,True,admitted_students_file
178,1.0455322747896802,-2.202256768978556,0.28292829134637454,False,applicant_pool
179,1.1876343927211208,0.346680748743709,0.3522669017754003,False,applicant_pool
180,0.20277504825236733,1.6194351580732922,1.5916674462263514,True,admitted_students_file
181,-0.5003610773968998,1.4399431391006616,1.1582618328803753,True,admitted_students_file
182,0.48516111254573785,0.3898067205385225,2.3991655312152016,True,admitted_students_file
183,-0.5279176373243135,-0.3016807761308459,-1.0588497510895536,False,applicant_pool
184,-0.001392651443348899,-0.6358025565476308,0.5886034087015434,False,applicant_pool
185,0.9861363169607678,-0.30292579390564206,0.45622905260931956,False,applicant_pool
186,-0.5577713459894236,0.5438072479179061,-0.8780315922528847,False,applicant_pool
187,0.8056786392425009,-0.8072438054594162,-0.08500837692499603,False,applicant_pool
188,0.6774013686923024,0.757423818050381,0.9343617041525392,False,applicant_pool
189,-0.9547918171308215,2.133160518003324,0.024716520386424357,False,applicant_pool
190,0.973894128217401,-0.061883235127395034,0.8113286137045744,False,applicant_pool
191,0.6985663453715051,-1.3443948032833053,0.25067798120633705,False,applicant_pool
192,0.10192588737265744,-1.3447447463164128,-0.6410918004700323,False,applicant_pool
193,-0.7623234580276522,0.7765655517115755,-0.37003350167136345,False,applicant_pool
194,-0.85920601857557,-0.05974617896044361,-0.701249376283285,False,applicant_pool
195,-0.5376625769030224,0.876830896064053,0.21727905769925399,False,applicant_pool
196,0.54259446329196,-0.5336342491593495,0.15794927842293088,False,applicant_pool
197,-0.9556251674013979,0.8306235475398316,0.6956304806580037,False,applicant_pool
198,0.4375122486198699,-0.15829917344972547,0.37184632623085645,False,applicant_pool
199,-1.2417555288783926,-0.7325040553239491,-2.2651563697723196,False,applicant_pool
200,-0.20406858443884895,-0.4009984788023845,-0.7869183414988856,False,applicant_pool
201,0.10964775457400863,-1.1970543554232365,-0.5905995549243523,False,applicant_pool
202,2.4451301450589167,1.9893595585816115,3.669305446834223,True,admitted_students_file
203,-1.3773156555203674,-0.09638181355848706,-0.04941084582566935,False,applicant_pool
204,1.4720145664901334,0.644514088682196,2.618023364973233,True,admitted_students_file
205,0.14984241398728004,-0.5368691328707993,-0.16013728896877416,False,applicant_pool
206,0.41117191801596314,-1.0519278219798232,0.11782508527523639,False,applicant_pool
207,0.11834791338820451,-0.23388051091793519,-1.0932192624764034,False,applicant_pool
208,0.444726818195233,1.1011925333791985,1.3057646797364186,True,admitted_students_file
209,-0.15368510436201774,-0.5207317913982836,-1.191055853266799,False,applicant_pool
210,1.4540501814574582,-0.8705319727294154,0.335509398644903,False,applicant_pool
211,-0.4564711442247224,0.1554642443691435,1.925232387304373,True,admitted_students_file
212,1.1322345721792477,0.4990226007177441,1.2728051277163455,True,admitted_students_file
213,-0.6443671202130229,1.642848168853183,0.04434342818987402,False,applicant_pool
214,-0.06025184640128695,0.35375047837249485,0.4762264149518189,False,applicant_pool
215,-1.0719625522902192,0.643992678531235,-0.640133048555888,False,applicant_pool
216,0.4550237203475199,0.7192752369203216,0.0907734430138113,False,applicant_pool
217,1.4451259569265338,-1.1530153819326303,1.6620695471193878,True,admitted_students_file
218,-0.07735617982085408,-0.9633320704695443,0.07032105569796787,False,applicant_pool
219,-0.19688569870390954,-1.0838962896056503,-0.5906326549041925,False,applicant_pool
220,-1.1146169630679268,-1.3321457556916456,-1.864672070367001,False,applicant_pool
221,-0.2292926535523081,0.7954598748704036,0.15045605577622262,False,applicant_pool
222,-1.5927942597215277,0.29005009166375534,0.23295359755335332,False,applicant_pool
223,-0.9128779867188273,0.07949606309144953,-0.327093973992598,False,applicant_pool
224,0.22678604610913541,-2.5927165154022687,-3.6958184051047054,False,applicant_pool
225,1.3190131977413961,2.0554768586186185,3.8880754975951954,True,admitted_students_file
226,2.809210861229503,-0.8942720041535557,1.3728539069799652,True,admitted_students_file
227,-0.5865850850709007,2.0518127559389576,1.1927562900786088,True,admitted_students_file
228,1.43530015664544,-1.449241480651316,0.7516245088005381,False,applicant_pool
229,0.2437524804016479,-0.8124011585565369,-0.0438396616825672,False,applicant_pool
230,-0.15124764674637586,-2.20284938250963,-1.007327036614637,False,applicant_pool
231,0.4325944517261522,0.3621249759426975,0.21996120082930498,False,applicant_pool
232,0.06191648367995918,-1.1012568208112323,-1.536427945911798,False,applicant_pool
233,0.11039572561221853,-1.0730001540983543,-0.4295299314847506,False,applicant_pool
234,-0.4083331628266692,-1.3725142171743974,-0.1554205404084803,False,applicant_pool
235,-1.3981096597988507,0.777355062737863,-0.8569522789578243,False,applicant_pool
236,-1.5436252025220816,0.7114636515675471,-1.050521804494291,False,applicant_pool
237,0.653244883281227,1.8120338910787854,2.4571446855999644,True,admitted_students_file
238,-0.2767000900857134,-0.6857066210729733,-0.9456360058519103,False,applicant_pool
239,-0.5960888996561666,0.21881937104680035,-0.5326171332801695,False,applicant_pool
240,0.008505626723153567,-1.2893351974019516,-1.093740212003588,False,applicant_pool
241,0.7949322529156275,-0.33503902273531805,0.2534439129238658,False,applicant_pool
242,0.1803639430263982,-0.5188453132811776,-1.3215595577970336,False,applicant_pool
243,-0.6560549366409674,0.46444995749542084,-0.5020813152237438,False,applicant_pool
244,1.2262929556489497,1.017021806418191,1.6194122087414469,True,admitted_students_file
245,1.579185502981632,0.9910666908314999,1.8269304813009164,True,admitted_students_file
246,0.4945566553228533,-0.8428122722176108,0.5842289858241185,False,applicant_pool
247,0.9736635113440901,0.9984679046229995,2.569459975914971,True,admitted_students_file
248,1.241959996813811,-0.044085137107797066,1.837357071473991,True,admitted_students_file
249,1.1300993164045137,-0.32459689589701496,1.1638332421816282,True,admitted_students_file
250,0.6140991771126236,-0.7085114868189184,-0.1654822148461368,False,applicant_pool
251,0.5983470470748828,-0.559935794361552,-0.41118103470615097,False,applicant_pool
252,0.5196605733465026,1.7423138461962333,1.4827982754586597,True,admitted_students_file
253,-1.0973376745470436,0.30741076649402355,-0.10354735139343446,False,applicant_pool
254,0.7007231568595857,0.17461184750120493,1.1443242116064813,True,admitted_students_file
255,-1.355813971126554,-0.26224685853694674,-0.6155795258201805,False,applicant_pool
256,-0.7945994551250549,2.4459786114380284,0.9885736216401959,True,admitted_students_file
257,1.3035650678080875,1.3050104888464247,2.246377679715016,True,admitted_students_file
258,0.8402201626941975,-0.7210621147987927,0.9600634846904649,True,admitted_students_file
259,1.4873982896858626,-0.2736150547046242,1.4050713715850838,True,admitted_students_file
260,-0.27167438368729224,-0.21424454337091037,-0.33825644120221093,False,applicant_pool
261,-1.1522488412767675,0.14587197828259946,-1.2378390457004138,False,applicant_pool
262,-0.24043719707034283,-0.7012259926314353,-1.212378273877831,False,applicant_pool
263,0.1020312972405742,0.43881652336169663,-0.12530125312305096,False,applicant_pool
264,0.07898871634000969,1.4520881320393144,1.1751525905190117,True,admitted_students_file
265,1.1336804787567016,-1.3136281090041633,0.24689666782809322,False,applicant_pool
266,-0.36127042500344553,-1.128146737092067,-1.9582937779229042,False,applicant_pool
267,0.35203447180292424,-0.48315855529730695,-0.43802723012583433,False,applicant_pool
268,-0.9886271494346061,-0.43679556010782966,-0.7562249354888075,False,applicant_pool
269,0.450317278043813,1.9984658747459307,0.9619331122450118,True,admitted_students_file
270,0.003108550185636745,1.0017092200148388,0.9568644577720324,True,admitted_students_file
271,-0.7498133382845175,0.9443223521182641,-0.08876894464966073,False,applicant_pool
272,-0.2358293621748528,-0.2643656935134005,-0.8315209763658443,False,applicant_pool
273,-0.18417574651522164,-0.2863134067868141,-0.26857414693209497,False,applicant_pool
274,-0.2701551293370962,-1.4517054137653986,-0.8446131223112514,False,applicant_pool
275,1.7713412422676835,0.7817402280478173,1.065532715716126,True,admitted_students_file
276,-0.09844600230787963,0.49105460480878543,0.08536692575575552,False,applicant_pool
277,-0.24389611017733773,1.2859973646782836,1.0047406795405904,True,admitted_students_file
278,-2.0974509576101417,-0.2108297133561673,-2.033845564449838,False,applicant_pool
279,-0.8942073519794773,-0.1417791462003969,-1.8338210121136496,False,applicant_pool
280,-0.26307342445635284,0.17004552856063573,-1.136069824315044,False,applicant_pool
281,-0.6858526761766428,0.8918975755070955,-0.15870642027508458,False,applicant_pool
282,1.381707593377797,-1.470215622097479,-0.9804230120813902,False,applicant_pool
283,-0.16493777539621862,0.7360561337383746,0.12782160629902928,False,applicant_pool
284,1.2884442493182524,-0.020495562172830533,1.9896266424653994,True,admitted_students_file
285,0.061704634050368024,-1.0586372679536964,-1.6130250834192406,False,applicant_pool
286,0.037227836421576635,-2.0846057526540664,-1.528619041585509,False,applicant_pool
287,-0.08879644771250095,-0.1364737118783534,1.3461875842559134,True,admitted_students_file
288,0.0037962516214591325,1.44771298327407,1.229172060765091,True,admitted_students_file
289,1.7187950030498593,1.674684666741395,1.9483554841313961,True,admitted_students_file
290,-2.3196107267512183,0.3553762106700964,-1.386570279616196,False,applicant_pool
291,-2.001545744438679,1.9620056638422476,0.2748527034876141,False,applicant_pool
292,-0.5431708310561139,-0.04294108295674488,0.8060676073308499,False,applicant_pool
293,0.014527881937568883,0.9533035516427811,0.25749290659315777,False,applicant_pool
294,0.6901044247640123,-0.45123088890642726,-0.3750593997143675,False,applicant_pool
295,0.4730871980274752,-0.5145988392841486,-0.9921486797629969,False,applicant_pool
296,-0.3842459128805702,-0.6775091168806363,-0.6179735465879215,False,applicant_pool
297,1.0190436932417624,-2.0605289471243124,-1.6609465738961964,False,applicant_pool
298,1.030195403152731,1.2870922599469117,1.1815891436395116,True,admitted_students_file
299,0.18405783127156553,-0.6416324391380163,-0.9335019038904396,False,applicant_pool
300,0.9626575724868413,-0.8014387797551964,0.8566786724394432,False,applicant_pool
301,0.2726452634321288,-1.1799716816126755,-0.9456396429741194,False,applicant_pool
302,-0.5614830267828836,-0.20435943653628302,-0.2199463715535272,False,applicant_pool
303,0.6978168390000047,1.7634923105597426,0.4769865460318419,False,applicant_pool
304,0.11061312257867771,2.0937788508227175,1.524909650827899,True,admitted_students_file
305,0.001339846754486929,-1.6608668758020833,-1.9209047829834616,False,applicant_pool
306,1.4729535721895743,-0.35444799597628235,0.4290746745877385,False,applicant_pool
307,-2.4508721285400865,-1.0343577700936986,-0.7175576321326034,False,applicant_pool
308,-1.4176841701595697,0.9883377412115197,0.373446885252386,False,applicant_pool
309,-1.18707042637437,0.2865935472939267,-0.675198779384203,False,applicant_pool
310,-0.3632606475688056,-0.636569327379835,1.589369853131621,True,admitted_students_file
311,-0.2546081697660301,0.072573080591019,-0.7589450912250796,False,applicant_pool
312,-1.5073256477730475,-0.4774186214077085,-0.4744323075147384,False,applicant_pool
313,-0.9851580323108263,1.6142460943748966,-0.6639648794513343,False,applicant_pool
314,-0.8608416785235702,0.5469595150160383,-0.3747693366334589,False,applicant_pool
315,2.457424092075892,0.669823420916438,1.089258058318622,True,admitted_students_file
316,1.8017419477471466,-2.6669174780328975,-0.38227095412212564,False,applicant_pool
317,-0.4117494176846493,-0.06678867882881083,-0.27187058522861934,False,applicant_pool
318,-0.3635832903067989,2.083210959059034,0.9023926252604457,False,applicant_pool
319,-1.1492039971882941,1.3261290700366843,0.8794412149398682,False,applicant_pool
320,-1.9081304132252668,-1.8470895859203031,-2.8378622805465734,False,applicant_pool
321,-0.11688018640852403,-0.3134258326835941,-0.050902688944749946,False,applicant_pool
322,-0.9978519832440257,-1.2015194659187214,-0.8552029837658486,False,applicant_pool
323,-0.08485053166200977,1.7111015603628703,0.01880832242823116,False,applicant_pool
324,-1.6002058490434774,0.2442782822759085,-1.4052429575709886,False,applicant_pool
325,-0.7619744583102578,-0.767795559731436,-0.9566478346060172,False,applicant_pool
326,0.14862709530283086,0.03415794354078901,0.559917668848176,False,applicant_pool
327,0.3662095977839374,-2.607365529068484,-0.46188491918988195,False,applicant_pool
328,0.41747195874201454,-1.0849613034565766,-0.5849839331740097,False,applicant_pool
329,-1.3204889841570373,0.03644372582630957,-1.056159147769892,False,applicant_pool
330,0.8546857301355617,0.8456753684533224,0.49441749293321013,False,applicant_pool
331,-0.8002116966018503,-1.9413141205973408,-1.5510029166555508,False,applicant_pool
332,0.6328579146073064,-0.38115530770242934,-0.044375607100493986,False,applicant_pool
333,-0.010638676618193147,1.0096857385188218,0.4575580062574057,False,applicant_pool
334,-1.3763874990779479,-1.4514533243732721,-1.9038184893652488,False,applicant_pool
335,-0.31619770458118795,0.2291828347841731,0.3295799780951777,False,applicant_pool
336,0.3653637420637676,0.06597450310600346,-0.11424152786513148,False,applicant_pool
337,0.612965380474599,1.7143803203566024,0.9722640433040475,True,admitted_students_file
338,-0.14098789744441861,-0.23013619311163766,0.060976271432435614,False,applicant_pool
339,1.5317788906010528,-0.17160059837507027,-1.2338915413709208,False,applicant_pool
340,1.007510770986559,0.8549597531646885,0.788031119135131,False,applicant_pool
341,-0.25665411639975283,-1.3263486680493446,-1.8348684594770681,False,applicant_pool
342,0.7501218121369445,-0.22088320655085864,1.186285849742708,True,admitted_students_file
343,1.9337934851881868,-0.45572501084051054,0.6520915745459619,False,applicant_pool
344,1.960484600783027,-0.13891181270510022,0.791521031563591,False,applicant_pool
345,-1.2279998808224974,0.848406448962838,-0.28077147038607037,False,applicant_pool
346,-0.9265331111571506,0.5541614850821731,-0.6588022568741748,False,applicant_pool
347,1.484918786733851,-0.7486823085286762,0.19670000012588923,False,applicant_pool
348,-1.0582810508376372,0.13669920332721244,-0.5310509135855619,False,applicant_pool
349,-1.322541133291679,1.4904416141005241,-0.18629299162863827,False,applicant_pool
350,-0.4861941306990469,-0.8313656987973053,-1.1568661057630547,False,applicant_pool
351,0.42022670947458574,0.1451667803970126,-0.33960460318137703,False,applicant_pool
352,-0.10239670661109637,-0.19316067693862857,-0.999760917671693,False,applicant_pool
353,-0.6505636204055921,-0.06300501583677695,-0.42137378524434355,False,applicant_pool
354,-0.674212461724509,-1.6306576222494007,-1.2835451977329655,False,applicant_pool
355,-0.7123370644127087,1.4107628543122044,-0.5457328872140925,False,applicant_pool
356,-0.8795096286589426,-0.7743519008881833,-0.5430510034390386,False,applicant_pool
357,2.2816328772760617,1.0260719701535328,2.68484149870656,True,admitted_students_file
358,0.2975110711855549,-0.6213766080475112,0.4717697978347645,False,applicant_pool
359,0.8867590544047386,-0.6255046518957602,0.37973772094925423,False,applicant_pool
360,-0.4890774681189237,1.2131232504654668,0.9165872287275502,False,applicant_pool
361,-0.18595667718604886,0.9938846034779243,2.0546712432945444,True,admitted_students_file
362,-0.713553981370355,0.20866589896398288,-0.5392423741782472,False,applicant_pool
363,-2.651708334919202,0.7611505498063198,-1.960846610946063,False,applicant_pool
364,-1.3780092768478662,-0.28855278025639997,-2.1571072553727957,False,applicant_pool
365,-1.8106186799803947,-0.008367627718889919,0.04663065115808629,False,applicant_pool
366,-2.2497837779516074,-0.6616243924638191,-0.6542642296809673,False,applicant_pool
367,-1.1953589742981028,0.9040649493002597,-0.8365609356025593,False,applicant_pool
368,1.3249556793816308,-0.6934133311673524,-0.09862204253570855,False,applicant_pool
369,-0.04443616770435442,1.4851563449378529,0.7096743889299537,False,applicant_pool
370,1.290563762321174,-0.31583416831982436,1.4905540466030658,True,admitted_students_file
371,0.4109825769008753,0.020508564016334337,-0.6206422973400307,False,applicant_pool
372,0.7825588257151592,0.7587280206543343,-0.37479721728204174,False,applicant_pool
373,-0.9008969953045751,0.023864421189582014,0.947188960418767,False,applicant_pool
374,0.5239509541926708,-0.2979083142853102,0.36558901678383715,False,applicant_pool
375,0.7287142340743459,-0.03002344780847147,0.7722383252158109,False,applicant_pool
376,-0.5766472922336929,0.8938183535575839,0.06258698622053396,False,applicant_pool
377,0.5595403706161663,-0.6628522221367055,0.25889674311426614,False,applicant_pool
378,0.5661877585748329,-0.12623700727326478,-0.7739761299926708,False,applicant_pool
379,-0.5495526211300829,0.010286727337475357,-0.9391672277673557,False,applicant_pool
380,-1.122768432270995,0.8645851955276563,-0.09420858471734639,False,applicant_pool
381,-1.1841283318982723,-0.09984537387143656,-2.42420653378048,False,applicant_pool
382,0.08650554192146179,1.808299094493722,1.0198606839999091,True,admitted_students_file
383,0.3270098687893148,-0.1565385777150951,-0.1441087200358422,False,applicant_pool
384,-0.7925258304579145,-0.23768363840527992,-0.8815193171263294,False,applicant_pool
385,0.02658534132609864,-0.17103212161773174,-0.47964767266424835,False,applicant_pool
386,0.5705370361384854,-1.3166414286580101,-1.182092203249839,False,applicant_pool
387,0.6181907146653008,-1.036726846758685,-1.5474707810503436,False,applicant_pool
388,1.5518801201224885,-0.5306668897390933,0.7651115327663953,False,applicant_pool
389,1.2769808321980434,1.1358298488501297,1.3582401519239422,True,admitted_students_file
390,-1.001291432756544,-0.03312605936201012,-1.6350684524751347,False,applicant_pool
391,1.6835862095380225,-0.48464418961570654,0.8230857019331449,False,applicant_pool
392,-0.5309765045557148,1.2265347456065954,0.24564772013217814,False,applicant_pool
393,1.0448728124544275,1.5511771328922608,1.364715698311867,True,admitted_students_file
394,0.06798662605108885,1.2553824609077604,-0.6496365142419632,False,applicant_pool
395,-0.4121493784569676,-0.8530899972351577,-0.3444683355843564,False,applicant_pool
396,-1.8076968597749328,-0.49524862019365573,-2.3600502900559737,False,applicant_pool
397,-0.1715645102163482,1.813736070314719,1.1117006924528101,True,admitted_students_file
398,-1.559383235305609,0.24113969200002205,-1.4226462135515168,False,applicant_pool
399,0.9672992358427723,-0.26762706489607857,0.18267834883176132,False,applicant_pool
400,1.516792657139248,0.7183479613308372,2.259446146230493,True,admitted_students_file
401,-0.7969109892966902,1.0072990673581124,0.508884991302286,False,applicant_pool
402,0.30197074251927114,-0.5714495709282644,0.6158667239367834,False,applicant_pool
403,-0.7253915220079754,0.21943995861993149,-0.09759866996712727,False,applicant_pool
404,-0.6284847301367896,0.9265600692170585,0.47104947944072106,False,applicant_pool
405,0.7744947038653713,-1.1602871459598532,-1.4975623875197375,False,applicant_pool
406,-0.03853826184341251,0.012345457426139817,-0.23929281857781515,False,applicant_pool
407,1.7396480419310116,-1.1143896530507154,0.24898170047816673,False,applicant_pool
408,-0.482232478702921,-0.9835804969268109,-0.09621305991294304,False,applicant_pool
409,0.9993363324744892,-0.5631000774803041,-0.0708069637886295,False,applicant_pool
410,0.09741341295778198,0.47711953787947037,0.5588480743834998,False,applicant_pool
411,0.7957780097442332,-0.32202262863813463,0.4659711378782907,False,applicant_pool
412,-0.4471576573299467,-0.6484181249684061,0.09824835370257978,False,applicant_pool
413,-0.04955883755158271,0.051554563324959245,-0.0923236358615987,False,applicant_pool
414,-0.11549887929893475,-1.1469627282664296,-0.2411491808322842,False,applicant_pool
415,-0.8360571148457872,0.4288032178339101,-1.4581206269539873,False,applicant_pool
416,0.6620815345817527,1.13138676195831,0.035940789690281694,False,applicant_pool
417,0.6502490055783642,-0.07920404098801156,-1.2271618142534395,False,applicant_pool
418,0.5935546949055667,-0.2026489933002083,0.8042781886368162,False,applicant_pool
419,1.5369656539176446,0.3734403532155694,1.7133307610887043,True,admitted_students_file
420,1.4493448012363035,-2.028469418831545,0.2513483002925907,False,applicant_pool
421,-0.37494468984913537,0.5368174565978674,-0.36893598660765925,False,applicant_pool
422,0.37305231843417824,3.1018858037448633,1.864226419142111,True,admitted_students_file
423,-0.6236006892582127,-0.12267622111472039,-0.569813341606024,False,applicant_pool
424,0.023355316114555456,-0.11912503371633071,0.9483391956222054,False,applicant_pool
425,-0.5997494491188647,0.7436070000996834,1.2791870974729678,True,admitted_students_file
426,1.620070309136051,1.645332668197962,2.6781778781560623,True,admitted_students_file
427,0.3636981503429628,0.974967844434135,1.1018467039675643,True,admitted_students_file
428,-0.21802912810442213,-2.1556068785835505,-0.6080955159570943,False,applicant_pool
429,1.193618571856377,0.5633988376627469,0.9629715961827396,True,admitted_students_file
430,-2.1706154097954116,2.5719301452416747,-0.012804493297535358,False,applicant_pool
431,-2.0141025948652898,0.6224410467594651,-0.9948954906984537,False,applicant_pool
432,0.7958386552197739,-1.1546019132717495,-0.9182961763274885,False,applicant_pool
433,0.06046844811736806,0.281829624418614,0.09998719208825942,False,applicant_pool
434,0.25044630026076065,-1.280687251341067,-1.4518422488509573,False,applicant_pool
435,-1.3263961033185487,1.2328036892688596,0.656670404097407,False,applicant_pool
436,-0.023233710850366202,-0.9558825880279255,-0.2558444205477771,False,applicant_pool
437,2.003509410401342,0.07424363469202304,2.351233157594165,True,admitted_students_file
438,0.8241996197958629,-0.8577800019918477,-1.1623252104673227,False,applicant_pool
439,0.1697065451428121,-0.546448057547991,1.0863058797820848,True,admitted_students_file
440,-0.43905391010493766,1.486150645860495,-0.4201199114142957,False,applicant_pool
441,-0.39457285186939384,0.1034571648936973,-1.0280408490924469,False,applicant_pool
442,-2.1291978892000176,-0.5592024737257201,-2.1820353187058927,False,applicant_pool
443,0.2576404209211606,-1.1452279708867228,0.33847257690128985,False,applicant_pool
444,0.8454831084818539,-1.8717014863994363,-0.5091404975864271,False,applicant_pool
445,-1.5756193271706151,-1.2512806335226867,-2.0081654498157464,False,applicant_pool
446,-0.661416892306816,0.11195924144437792,-0.911986677312197,False,applicant_pool
447,-1.157464632233422,0.9802337687226637,-1.0783546667444828,False,applicant_pool
448,-0.9653511948087635,-0.5603514924222011,-0.1988676201150198,False,applicant_pool
449,0.05348162682190022,1.5705436007190146,1.6146638806356424,True,admitted_students_file
450,-2.0844021549884744,-0.7175004222282269,-0.874521411226211,False,applicant_pool
451,0.614270438357064,-0.2380117228798793,0.522340853946957,False,applicant_pool
452,0.7538550699336822,-1.079576720337252,-2.0611907937511944,False,applicant_pool
453,-0.2511025880369125,0.9907617345678559,-0.39042960763190315,False,applicant_pool
454,-2.4807085099845416,2.097510614044568,0.07633128173171327,False,applicant_pool
455,-0.9964186260023896,-1.7618169609361978,-2.051655049175296,False,applicant_pool
456,1.2329019341026966,-0.3461620686346983,0.18519153570451025,False,applicant_pool
457,-2.7779942807285725,1.264779847050035,-1.755848117313719,False,applicant_pool
458,-0.34752341219351923,-1.4469455214256013,-0.5030921096622503,False,applicant_pool
459,-1.180000778467259,0.5666839069710864,-0.07932112028249677,False,applicant_pool
460,0.8045703015848366,1.2214722002075706,1.6677614822007507,True,admitted_students_file
461,-0.6751139521434614,0.07822881435683716,-0.8314969137108458,False,applicant_pool
462,0.40395402073561154,0.5502630709401326,0.7436425408191004,False,applicant_pool
463,0.5654604191690931,1.7609023861276074,0.5757003751053188,False,applicant_pool
464,1.83622583973002,1.9484265541011465,2.369144469397923,True,admitted_students_file
465,-0.20294194367537022,-0.06196721303448301,-1.9417416568765806,False,applicant_pool
466,0.37604436962261134,-0.5323778492992332,-1.1992980591839928,False,applicant_pool
467,-1.485055479127436,-0.9199801110736965,-1.788891424607144,False,applicant_pool
468,1.190413563293744,0.9769641504287125,3.071378216312049,True,admitted_students_file
469,-0.7605088480713647,-1.3717755577909683,-2.6465050152079215,False,applicant_pool
470,-0.5607541640877456,-0.25257403799120237,-1.39916974612922,False,applicant_pool
471,-0.022247794849210738,0.10268977095446595,0.20402964215338293,False,applicant_pool
472,-1.5628843453398495,-0.5030025127187545,-0.1042304235278706,False,applicant_pool
473,0.228770028928938,0.2798202650191239,0.47210443895789156,False,applicant_pool
474,0.9674662729250108,2.564513318292758,2.7872860309044594,True,admitted_students_file
475,0.2929338234972916,-0.12159859034654243,-0.12495472392554709,False,applicant_pool
476,-1.588897564178725,-0.43540562742738964,-1.6732321868015383,False,applicant_pool
477,-0.12380929432965958,1.0153318243818528,0.6370186909813551,False,applicant_pool
478,0.7420289029794906,0.23958364414552194,0.1772455821929852,False,applicant_pool
479,-1.8779887659659078,1.4393357712113763,0.2218640905119761,False,applicant_pool
480,-1.074766013817714,0.1646876198197184,-1.7159412853606058,False,applicant_pool
481,0.87654360408152,-0.2484232079710333,1.0312691802686,True,admitted_students_file
482,0.27009543419728654,-1.7837248880945553,-0.9563400364212983,False,applicant_pool
483,0.41197158212675383,-1.61973469381174,-0.9353506306158454,False,applicant_pool
484,1.8594948076233115,-1.8356986904271027,-1.1346217159529595,False,applicant_pool
485,0.4685527785062026,0.37933916628423964,-0.13472230628472126,False,applicant_pool
486,0.6578880104331793,-1.3622494798674596,0.38122107606094274,False,applicant_pool
487,2.710745527218326,1.255577365919383,2.4320905819161553,True,admitted_students_file
488,-0.2138045580904907,0.030246564855953728,0.07556623050852576,False,applicant_pool
489,-0.7978827636184951,-0.24418691910166884,-1.2930177030888492,False,applicant_pool
490,0.4277963982471327,-0.8438550752043381,-0.2907763853799991,False,applicant_pool
491,0.4389910293888949,0.6222587482702062,-0.2706940782055698,False,applicant_pool
492,-0.5267153919462082,-0.8044978195424114,-0.7953710094660819,False,applicant_pool
493,-1.0323970195548475,-0.9853780040698807,-1.0521051372669303,False,applicant_pool
494,2.309844422090078,1.1883499206053487,2.49825663178154,True,admitted_students_file
495,0.3268434703880229,0.3546211607750226,-0.18955737108713355,False,applicant_pool
496,-0.7322853814020757,-0.23492942824827223,-0.8681253151430772,False,applicant_pool
497,0.9159303022795986,0.6414329847337166,1.3883220387457968,True,admitted_students_file
498,-0.1091451515613345,0.008931873110698613,-0.21314494768758224,False,applicant_pool
499,-0.25288144631783127,0.38301315045168366,-0.11652815995107299,False,applicant_pool
500,0.5622728719144933,-0.816847902375455,1.1669535562382642,True,admitted_students_file
501,-1.29188226823169,2.0703986089106223,-0.15965676176498111,False,applicant_pool
502,0.3526272039171724,-0.579619967676225,0.6087476312189035,False,applicant_pool
503,1.9129548077317522,1.5560163269499772,1.4465547730896728,True,admitted_students_file
504,0.46617766219731077,-0.18886884930447648,0.6385974884203324,False,applicant_pool
505,-0.3762121037834645,0.8070971156549623,0.7757820484032549,False,applicant_pool
506,-0.507105280428242,0.7342234990261364,-0.20962876645130063,False,applicant_pool
507,-0.41033997334510935,1.1468517551500457,-0.3735011388302657,False,applicant_pool
508,-0.25396267804778105,-0.8406237071641448,-2.0907843930501437,False,applicant_pool
509,-0.377806532758272,1.075635401278862,0.02300930829064851,False,applicant_pool
510,0.9163114410745667,1.8464398509114404,2.1641413933575313,True,admitted_students_file
511,-1.7332091032089831,-0.2586929792418571,-2.049076063562751,False,applicant_pool
512,0.862000050412134,0.034706067142122404,0.6507229830568763,False,applicant_pool
513,-0.3796865251425611,-0.5234466424801542,-1.6205374174923568,False,applicant_pool
514,0.37694778569537224,-0.34643625218509994,-0.1438892376910978,False,applicant_pool
515,-1.1269879102008638,1.7114227989324904,-0.42304805526355416,False,applicant_pool
516,1.328631066849436,-1.0042345261302041,0.1562714001414019,False,applicant_pool
517,1.245634960171873,-0.942118821850772,-0.15347013881655674,False,applicant_pool
518,0.9595905257500736,1.610900936414377,0.8375631550405731,False,applicant_pool
519,-1.5147547757935393,0.6245484258883623,-1.0398455619606235,False,applicant_pool
520,0.8291210710660528,2.1203702490425242,1.2632595545011802,True,admitted_students_file
521,0.4048550876357089,-0.45043863782585325,-0.9493765977897828,False,applicant_pool
522,-1.6052712471325676,0.12628113723756937,-0.20342149372915663,False,applicant_pool
523,-0.02429738377081549,-0.6606769437718044,-0.6973557180183503,False,applicant_pool
524,0.3645344890332625,0.14330116864769596,-1.2114646368589426,False,applicant_pool
525,0.5560752738231508,-1.7740966972843037,-1.2280104905660294,False,applicant_pool
526,0.17726136694885572,0.6849545566550082,1.2007385500152967,True,admitted_students_file
527,0.2912314168473797,0.3234740834923381,-0.13339246805934685,False,applicant_pool
528,1.4736113922530956,-0.057554662465918886,1.9688575890552051,True,admitted_students_file
529,1.2260339099106798,-0.39036432459966475,-0.05647820802095249,False,applicant_pool
530,-2.8670549537827434,-0.8947539873680995,-2.09279017267653,False,applicant_pool
531,-0.317438554837682,0.7277129120327611,0.9923253413905095,True,admitted_students_file
532,-0.16465102754395128,-1.1710899857034065,-0.5530958779927795,False,applicant_pool
533,-1.7520985727269711,0.5118959120492431,-1.7682775116892444,False,applicant_pool
534,0.09418305823231217,2.0744513948094574,0.7498843906320551,False,applicant_pool
535,1.2487577724105066,1.4855214886442982,2.5963312129562306,True,admitted_students_file
536,-1.0865678595905903,-1.5051279426706532,-2.2478302909021926,False,applicant_pool
537,0.3364009386898723,-0.5367380603433028,0.5527544306568134,False,applicant_pool
538,-0.9158234772964378,0.4214507405553377,-0.6225415841521758,False,applicant_pool
539,-0.6719120236796768,-0.07028192201435018,-0.3834199412477118,False,applicant_pool
540,1.477393634170035,-1.399405718282421,-0.9195829485877168,False,applicant_pool
541,-0.542557820111825,0.3853159514734912,-0.5279945169136657,False,applicant_pool
542,0.46221248901062467,-0.010016895116299348,-0.31878733027649375,False,applicant_pool
543,-1.871218116060987,1.9143254086037818,0.18593949554353803,False,applicant_pool
544,1.8623175613948801,-0.2532287026174467,1.1111460640064494,True,admitted_students_file
545,0.602652446306499,1.168003385326591,1.4747812179334525,True,admitted_students_file
546,-0.18249984265026167,-1.2670884031299756,-1.2855981119220252,False,applicant_pool
547,0.5755465099998948,-1.0280092978965083,-0.9452618620390034,False,applicant_pool
548,-1.4098194289478103,0.72166195980949,-0.31939199505889276,False,applicant_pool
549,1.1825307417526572,1.0837307806073746,0.7523577574290966,False,applicant_pool
550,-0.3239847754964302,-0.9573927260743923,-0.07799960752522306,False,applicant_pool
551,-0.2040695150484347,0.02407740648391172,-0.19716054117931875,False,applicant_pool
552,-0.49165561496548443,-1.3815791735290779,-1.4458971893149346,False,applicant_pool
553,-0.5806514027455847,-0.1812198263054794,-0.17169336295804388,False,applicant_pool
554,0.6946706116284086,0.8369227856241259,0.942080558611946,False,applicant_pool
555,0.25590685010422287,-0.4349584991361448,-1.2770197736553868,False,applicant_pool
556,0.6517481414030399,-0.2490347059438028,-0.48123719652409924,False,applicant_pool
557,-0.008794689485571452,-1.1297953982960518,0.0003125356471753715,False,applicant_pool
558,0.513199811077181,-0.6483584136249257,-0.029134048164826204,False,applicant_pool
559,-0.41884874392503835,1.7581109162143385,-0.30657704966636357,False,applicant_pool
560,2.2297318414095484,0.07292489171713287,1.7432053232329592,True,admitted_students_file
561,-1.5679304164304986,-1.0023077666505982,-2.062135992911537,False,applicant_pool
562,1.2609373235629844,-0.3147719499179916,0.0028575261130979746,False,applicant_pool
563,1.3679074507209708,-1.5974276211665621,-0.9505990187333266,False,applicant_pool
564,-0.8521588059655938,-1.0141596921402123,-0.5131563938456929,False,applicant_pool
565,2.2292736105559734,1.3603397390464533,0.9573998168378328,True,admitted_students_file
566,0.9954902829453182,-0.14248242438660505,-0.031817344044479556,False,applicant_pool
567,0.9711390068229115,1.890730176101206,1.9443037050385463,True,admitted_students_file
568,0.028022187025876687,-0.09534783849605591,1.061092474776831,True,admitted_students_file
569,-0.21722615821867644,-0.035978696191495935,0.22311758207861124,False,applicant_pool
570,-0.20940882703960811,0.6408941585421234,-0.31175176539632676,False,applicant_pool
571,0.3905305963195172,-2.672587582219401,-0.4127896229601544,False,applicant_pool
572,1.4011862750338961,0.20493932365357484,0.09539525935337545,False,applicant_pool
573,0.1813142178614196,-0.04898648806095168,0.2717483401189123,False,applicant_pool
574,-0.9114436231372903,1.4860388935151474,0.7149361777721576,False,applicant_pool
575,0.8244270623849798,0.9646793941636173,0.5461382885162792,False,applicant_pool
576,0.9211507463947922,-1.1336916855468007,0.3501635258729721,False,applicant_pool
577,0.6546595284477861,1.2421386186275805,0.8731957053403165,False,applicant_pool
578,0.7454989065249826,-0.26231452558099516,0.800669546876167,False,applicant_pool
579,-0.2709281301578081,-0.9044532262960451,-2.0517147265053506,False,applicant_pool
580,-0.9289891671305796,0.1971032508712023,-0.24124258240838306,False,applicant_pool
581,-0.8681934306407798,-0.2027693556638182,-0.9846004819835122,False,applicant_pool
582,-1.635463248457858,1.5384653140285238,0.741743990698408,False,applicant_pool
583,0.23694861154594976,0.3406220284912099,0.3446344051844885,False,applicant_pool
584,-0.08344878322659362,0.2056589208860058,0.9538972630827012,True,admitted_students_file
585,-0.43998770452970876,0.9006470828554398,0.6547575314348617,False,applicant_pool
586,-2.95561882434507,1.092871618092712,-1.3000416053977426,False,applicant_pool
587,-1.247317469694169,0.7836050942972992,0.24995547272204122,False,applicant_pool
588,1.1208406514031668,1.4194634728149536,2.2070386059107636,True,admitted_students_file
589,-0.664626000063131,0.6086824129137884,0.2939736714967769,False,applicant_pool
590,0.3605916776568414,0.1676514647267018,-1.2612529196883253,False,applicant_pool
591,-1.3906854299752562,1.2391720620880293,-0.7862760326617759,False,applicant_pool
592,1.4387054823592311,-0.09089614008213873,1.8449501650342564,True,admitted_students_file
593,-0.1440276600546764,0.033246516344661574,-0.9511698422161956,False,applicant_pool
594,0.2900403964835352,1.7215769172969146,1.9252740590033572,True,admitted_students_file
595,2.325779791881685,1.6219241279552312,3.060524407639764,True,admitted_students_file
596,1.5164401005894037,-0.008175806923322827,0.472345137775532,False,applicant_pool
597,-0.3065656212870578,-0.45355157730561674,-1.8907383180669455,False,applicant_pool
598,-0.5932201848703592,1.4631735002084985,0.16723083640624203,False,applicant_pool
599,-0.3255450115195318,0.8004183579152141,1.7632782057003011,True,admitted_students_file
600,0.5098982484765356,0.315581254197363,-0.06773242780851407,False,applicant_pool
601,-0.10522413425087113,-0.32187271018994457,-0.8335930901060195,False,applicant_pool
602,-0.39524414500347166,0.3316965787145939,-0.7396136053046491,False,applicant_pool
603,1.4671812507090423,-0.02170845988770261,1.7899064476185345,True,admitted_students_file
604,-0.11420989177783689,-0.6643381795729958,-0.6760972445156157,False,applicant_pool
605,2.2995890930373193,0.12904232858723516,1.1404760637915632,True,admitted_students_file
606,0.09074256375217302,0.2654240456396075,1.220940108141403,True,admitted_students_file
607,1.7853183942247275,-0.375395066920231,1.3220960243027986,True,admitted_students_file
608,0.3573194227106268,0.9038256886095176,0.17624115316091216,False,applicant_pool
609,0.9629605732494478,1.288832392310989,0.6071566898710378,False,applicant_pool
610,-0.7246110515177244,0.9698976936554127,0.9701552928054786,True,admitted_students_file
611,-0.8537592225874118,-0.27624838521399475,-0.7227532304517131,False,applicant_pool
612,0.4597059550149875,0.7558215041883719,-0.2942519654170952,False,applicant_pool
613,0.9885532424653152,0.07796139746004017,-0.5549464648740032,False,applicant_pool
614,0.040256502000462865,-1.2357459785659517,-1.558295260407399,False,applicant_pool
615,-1.2863933350836971,0.6727293784977457,-1.2665207834529895,False,applicant_pool
616,-1.360258366289327,0.14613164095694817,-2.221436251097052,False,applicant_pool
617,-1.4271364021862412,2.5935480020693076,-0.011487350729954104,False,applicant_pool
618,-1.767622112939381,1.45727086327856,-0.8450847054302311,False,applicant_pool
619,0.10948535944708751,0.7111501569345241,0.20953618377884825,False,applicant_pool
620,1.1250439217080253,0.24917050128817964,2.078276406536932,True,admitted_students_file
621,-0.013415786924808768,0.16372225505801816,-0.08909108618220554,False,applicant_pool
622,-2.2604147573378524,-1.0036894036331077,-2.2389700910520745,False,applicant_pool
623,-0.19076046033454871,-1.7389872271999107,-0.8978572422381392,False,applicant_pool
624,-0.1627989966326071,-0.8725591090815651,-0.839105418460804,False,applicant_pool
625,2.0959987502254394,-0.047717018170430385,1.6114902005564518,True,admitted_students_file
626,-1.4571379129195563,-2.105539278208984,-2.1193097603673383,False,applicant_pool
627,-0.3906776025991957,-0.5443217922727491,-0.5219376107472937,False,applicant_pool
628,1.7058526805445642,-0.24761303312442595,2.8843820299163605,True,admitted_students_file
629,0.44997834134654807,-0.21542655348545797,0.7902467529407549,False,applicant_pool
630,0.5633130735164247,-0.6617235981881447,-0.8211722303313294,False,applicant_pool
631,0.11458443702387822,-0.3415138143814004,0.11165143505002528,False,applicant_pool
632,0.32994353865726456,1.7238938281238618,0.780778523745928,False,applicant_pool
633,0.777609530278536,0.662145281490603,1.2482161624918378,True,admitted_students_file
634,-0.8094863188927663,-0.5603007768981497,-1.8529928042398842,False,applicant_pool
635,0.8780585789081998,-0.06834778836196333,-0.2491335998037314,False,applicant_pool
636,-1.3730030168855392,-0.0283133356522669,-0.6701203354064851,False,applicant_pool
637,0.3283679728315381,-0.7679554337401511,0.4126365299280193,False,applicant_pool
638,0.17874096328632716,-0.7691302177438546,-0.03190197127028371,False,applicant_pool
639,-0.6162930881921079,1.010524020326713,0.8541322400621458,False,applicant_pool
640,-0.022685275325646737,-0.419784377516816,-0.025932283212908636,False,applicant_pool
641,-0.6225401526655531,-1.0946963870308715,-0.9954564814800437,False,applicant_pool
642,-1.0717013268617444,-0.04314034406944269,-1.0772323780861774,False,applicant_pool
643,-0.35361474161364437,0.1180097531291236,0.4159580235868193,False,applicant_pool
644,-1.1039886353716615,-1.9727042241938353,-1.282434895738924,False,applicant_pool
645,0.3227974640932481,-0.04074635781719302,0.1391522351485932,False,applicant_pool
646,-1.1500854941523635,0.8679799343482604,-0.26521684311772764,False,applicant_pool
647,0.7119770229910514,0.45122938552183306,1.8700682337389407,True,admitted_students_file
648,-1.18147906792882,2.229795115194971,0.6671101848516422,False,applicant_pool
649,-0.5662949155810063,1.251109482312179,0.49810957763144065,False,applicant_pool
650,-0.624603408215179,1.4489340247508535,0.8747730361752151,False,applicant_pool
651,1.3251467288748389,2.8000859359143266,2.61293685294505,True,admitted_students_file
652,0.33028994561659186,0.7581562617745978,0.13325180888410681,False,applicant_pool
653,-0.21173380254439425,0.16307020793270105,0.23294456636886474,False,applicant_pool
654,0.4987194410697233,0.973740293431332,0.9299703204100609,False,applicant_pool
655,-2.107192347329688,-0.5592364333949937,-0.4436038779388958,False,applicant_pool
656,-0.043133589640907445,0.10768631949496932,0.5938732596098035,False,applicant_pool
657,1.9975141778047627,-0.6477276430783137,0.46052364706209087,False,applicant_pool
658,0.13234650640267256,0.39798455756288165,0.855057345010873,False,applicant_pool
659,0.0679131691693355,-0.6519090880198202,-0.1640912629411291,False,applicant_pool
660,0.5481283796421961,-0.6869284998617177,0.8263783332191699,False,applicant_pool
661,0.8956052433143455,0.4134732931055044,0.483783099692575,False,applicant_pool
662,-1.9974666928898597,-0.13771144078056718,-1.2557924830341105,False,applicant_pool
663,-1.6823264817910268,-1.927521135716747,-2.4157665057447977,False,applicant_pool
664,0.21029129108614655,-1.4555569213120896,-0.7684870635060534,False,applicant_pool
665,-0.7148765618975097,-1.1472664914614634,-1.8300322489860972,False,applicant_pool
666,1.3120252622199142,-0.8829719061139744,0.6820228490080845,False,applicant_pool
667,-0.3151743898852239,0.4144233294786382,0.35708680383036706,False,applicant_pool
668,-1.9345307357131178,0.21893884707163588,-0.2154781957717068,False,applicant_pool
669,-1.268013916843997,1.065279371699199,-0.13879555073486513,False,applicant_pool
670,-2.7496760196305754,0.7528018229417711,-1.5862558836214173,False,applicant_pool
671,-0.23412553728291255,1.0719029561826579,1.0970613868456605,True,admitted_students_file
672,-0.18838412726438336,0.6083961914591229,-0.2829352253931982,False,applicant_pool
673,-0.42446270978189776,0.20967930909148969,0.6198799641100059,False,applicant_pool
674,1.0788790390297387,1.0993517422876555,2.1738394060458983,True,admitted_students_file
675,1.1985198365166936,0.9194127917400996,2.2567514391610013,True,admitted_students_file
676,-0.1703884233561112,0.3760953675539912,0.3973456030042674,False,applicant_pool
677,-2.134693667476856,1.2710718708601423,-0.9019016356193001,False,applicant_pool
678,0.6172815804922585,-2.3457882425033967,-1.047097921893486,False,applicant_pool
679,0.5553602285085755,-0.29046317414044986,0.43823131189472603,False,applicant_pool
680,0.309391570156945,-0.305790465651731,-0.38975843370312413,False,applicant_pool
681,0.9814797493081158,1.1526828774815703,2.320387109660947,True,admitted_students_file
682,-1.16482809646104,1.5713949969507695,0.6703274026163043,False,applicant_pool
683,2.008755386185139,-1.4501793702102626,-0.26148165834173387,False,applicant_pool
684,-0.959427753141868,1.411167174149276,1.611642197180859,True,admitted_students_file
685,0.7492229272008546,-1.171445186026269,-0.2062719756173955,False,applicant_pool
686,-1.6873476944133516,-1.1412152455608227,-2.6044380409782035,False,applicant_pool
687,-0.9302646872700508,-0.2342857023273647,-1.338135639161412,False,applicant_pool
688,1.5163686467253361,-0.3182064721325846,1.8202539315010295,True,admitted_students_file
689,-0.2608998230008499,-1.5584172797168765,0.09493332458525283,False,applicant_pool
690,0.8399226051327979,0.6498779734925669,1.67500991354313,True,admitted_students_file
691,0.2369553887192461,0.6794024247266021,1.5191486327507961,True,admitted_students_file
692,-0.10495815600017268,1.0540415961636707,1.4685350572653015,True,admitted_students_file
693,1.3638503249326897,-0.43345532977786516,0.9945980537854822,True,admitted_students_file
694,-0.23665882465190033,-0.039582714972448675,0.05077225071182115,False,applicant_pool
695,-1.7807381075634705,-0.030427164902642686,-0.7993531909693481,False,applicant_pool
696,-0.8032400919517051,1.6879954414684644,1.0903017873861998,True,admitted_students_file
697,0.5511917287016942,-2.834244782633218,-2.0031030896239694,False,applicant_pool
698,0.39550910636250813,-0.9569443489891034,0.14743820281118997,False,applicant_pool
699,-1.5670582502354382,0.005540842791797656,0.006045478269545823,False,applicant_pool
700,-0.724342519408201,-1.085570234915503,-1.3209039901407293,False,applicant_pool
701,-0.5817213492022466,-0.2583203572711174,-0.7653005589329445,False,applicant_pool
702,-0.365469594114225,-0.12607553636990937,0.014078081652378838,False,applicant_pool
703,-1.3759135886015514,-0.6576861087924688,-1.7766000885918085,False,applicant_pool
704,-0.6283711081194786,0.06446892610267248,-1.2883094499501784,False,applicant_pool
705,-0.7286104852595274,0.6281492777578134,0.7381035431975105,False,applicant_pool
706,0.7715332597619193,-0.23626644503100197,0.0322575475586932,False,applicant_pool
707,0.8091213109902438,-0.45319473396873566,0.24426628016812676,False,applicant_pool
708,-0.145810458088816,-0.16576491665387216,-0.6296115222883931,False,applicant_pool
709,-0.3920397958707315,-0.007436346645589392,0.6340688778034906,False,applicant_pool
710,0.1399243120391134,-1.740319565334422,-0.4430336038431404,False,applicant_pool
711,-0.8165751074555749,0.46155391796127865,-0.399281451978883,False,applicant_pool
712,-1.146832082167441,-0.4510012294467944,-1.8645198078831793,False,applicant_pool
713,-0.9402212089257169,1.2615350748110512,-0.03399685057527285,False,applicant_pool
714,-0.6348131639714567,0.5910534756424747,0.37066309255096125,False,applicant_pool
715,-1.163473799792271,1.1700664042196551,0.13633018573363537,False,applicant_pool
716,0.16205955906287475,-1.0110037937149083,-0.4754451214074309,False,applicant_pool
717,0.7297156737837084,-0.37138664118742654,0.3811030028164515,False,applicant_pool
718,-1.5870983007982418,-1.2424584874574092,-1.3080545503174614,False,applicant_pool
719,0.02512871121603335,-0.7051912089293261,-0.4713420663591713,False,applicant_pool
720,-0.21993579526633558,1.2521054245085916,0.9859196743291183,True,admitted_students_file
721,0.3415086855368029,1.4874905779224952,0.498006075826975,False,applicant_pool
722,-0.012938768103588062,-1.1481332948044598,1.0329987029924967,True,admitted_students_file
723,-1.4535992799316308,-0.45827766831728356,-1.4414215398831727,False,applicant_pool
724,-1.2623892988571654,-0.07619567202394918,-0.7275651255539405,False,applicant_pool
725,0.029423575584972723,0.5856056418097813,0.7962948586569377,False,applicant_pool
726,1.0287809197455093,-1.7598102635364925,-0.7627224321445174,False,applicant_pool
727,-2.214187371043003,-1.6030000815284384,-2.475694488196813,False,applicant_pool
728,0.34572657980157995,0.4896261438724024,0.5399519626478311,False,applicant_pool
729,1.1896220052876432,-1.9490385689179244,-1.1334474311610467,False,applicant_pool
730,-0.1530258762062131,-0.44679740613887026,-0.08287253564655739,False,applicant_pool
731,0.5502024960264408,0.16209180855884073,-0.6914639888006785,False,applicant_pool
732,-0.7030690808978022,0.4156659699331173,1.0400838875645846,True,admitted_students_file
733,-0.11936619927687682,-0.14171809554383202,0.3853748278514143,False,applicant_pool
734,-1.6209135183081516,-0.3657567190475306,-0.8439500039238299,False,applicant_pool
735,-2.344343308418874,0.8445708597164794,-2.190501570359826,False,applicant_pool
736,0.9427658012252752,0.28520592636575753,0.24341155162905703,False,applicant_pool
737,-0.9849949277244419,-0.6470166219514599,-0.08826592272579836,False,applicant_pool
738,-0.4555278450034305,0.037722896682238334,2.6342957615189455,True,admitted_students_file
739,-1.3864422532701932,0.3831690226561928,0.1841571256408212,False,applicant_pool
740,-1.4099697030838758,1.7182372414513813,0.9262342871145443,False,applicant_pool
741,-0.17383770009461635,0.7863236682915793,0.7655978390079576,False,applicant_pool
742,-0.7295771941356465,1.2145568559539437,-0.27801125681522604,False,applicant_pool
743,0.37797099799469847,-0.61060739629963,0.5454081993420258,False,applicant_pool
744,0.4525384189795919,-0.5241829062550026,-0.8174140526968673,False,applicant_pool
745,0.32084964632460716,-0.2353799928129901,-0.7918543408153464,False,applicant_pool
746,0.2386007909284437,-0.143572646638164,-0.829702234018261,False,applicant_pool
747,1.5777682049318862,-1.0080249578028904,1.0533389631849626,True,admitted_students_file
748,-1.067593769044886,1.2659336265568182,0.08873106893350455,False,applicant_pool
749,-0.05493486620291775,0.883351637758792,0.6090715714443846,False,applicant_pool
750,1.1326898205195888,-0.3056778613015072,0.5267750175562739,False,applicant_pool
751,1.2645398093380364,0.6417106490138536,0.4510612190899712,False,applicant_pool
752,-1.4217636493445729,0.2228991630038379,-1.2487735503336606,False,applicant_pool
753,-0.3123554416558699,0.7198279809313747,-0.16944119384833867,False,applicant_pool
754,1.3581210958672605,-1.34430712352563,-0.9747109310356927,False,applicant_pool
755,0.5080791051990653,-0.14566107319743485,-0.11737534590918602,False,applicant_pool
756,0.19526303147977275,-0.05803852790579535,-0.6677185921542816,False,applicant_pool
757,-0.21768469343465674,0.6236420996116513,0.6682452542219413,False,applicant_pool
758,-0.38380092570774543,-0.6284376011821333,-0.19527529770164442,False,applicant_pool
759,0.2882190630903242,-2.4999307240823962,-2.3431599654927697,False,applicant_pool
760,-0.25237412498448336,-1.0816997176829206,-1.074790232707413,False,applicant_pool
761,-0.04257862104444418,-0.06104798571090735,1.2318846225307138,True,admitted_students_file
762,0.07859870611503737,0.06388422550333159,-0.5939201228228653,False,applicant_pool
763,-0.6780715284934992,1.6837481226249844,0.9523362586420114,True,admitted_students_file
764,0.5321293738814383,0.582746440658099,0.7985346332527183,False,applicant_pool
765,2.9142446484154196,0.08153027923148934,2.712274993459126,True,admitted_students_file
766,-1.7769866393260751,-0.032391276781437675,-0.9692688565196987,False,applicant_pool
767,0.3240125241899799,1.104183382169693,0.6264205045871623,False,applicant_pool
768,-0.7601900886189056,-0.5901104521574382,-0.830960466473604,False,applicant_pool
769,0.57740257751925,-0.14028378774059883,0.3410861741237383,False,applicant_pool
770,0.04655747332786092,-1.0892581201383016,-0.7419420480247632,False,applicant_pool
771,0.7618547740424635,1.418906048695304,0.49411651605273665,False,applicant_pool
772,1.1755065765087795,0.3924989370016137,1.8893656091002802,True,admitted_students_file
773,0.19242111776818133,-0.7075232960039459,0.41168709565178024,False,applicant_pool
774,1.1320522884141782,-0.11445501031830795,-0.06949408804658452,False,applicant_pool
775,-2.3442978937886774,0.5096507632062802,-1.4030285774071856,False,applicant_pool
776,1.5904522979160232,-0.2507189127222754,0.7132667318279848,False,applicant_pool
777,0.3750621518923401,-0.5344706217126008,-0.9131786657328771,False,applicant_pool
778,1.0778433557451819,-0.6542736859843314,-1.031437102089034,False,applicant_pool
779,-1.2198757448415216,0.3389618992411148,-1.0420088559788998,False,applicant_pool
780,-0.8307698816053357,-0.3580542792106851,-1.0222173427062478,False,applicant_pool
781,0.14593829414477413,-0.45375773476274617,-1.2089459697564953,False,applicant_pool
782,-0.017037889337463016,-1.3360617550554057,-0.7556303339955296,False,applicant_pool
783,0.2830685880099896,0.07764057652716963,1.0484603692705914,True,admitted_students_file
784,1.0845151609299661,-0.1812234387919082,1.176620921705425,True,admitted_students_file
785,-1.7652203153028492,-0.3216483486419647,-1.445144588775232,False,applicant_pool
786,0.9738190717173091,0.19877067748871843,-0.5261048505809196,False,applicant_pool
787,0.008281909957927018,0.7480022627358979,0.9925763507123195,True,admitted_students_file
788,-0.20378186112454774,0.7015654719404685,0.42603386537553917,False,applicant_pool
789,-1.4711152343848903,0.5527285008997627,-0.2999056003127187,False,applicant_pool
790,0.503048668376865,-0.24067027863572127,1.525817913543503,True,admitted_students_file
791,-2.414107851031037,-0.5669983359412419,-2.5150871622034385,False,applicant_pool
792,0.6483940112387127,-1.0439156413224373,-2.2694602127398507,False,applicant_pool
793,-1.492105835472992,-0.593156507338082,-2.092838727294028,False,applicant_pool
794,0.053457912617474034,0.019650095136569568,0.3877517528276031,False,applicant_pool
795,-0.11916883732792043,-0.7862861216524827,-0.5696975921136337,False,applicant_pool
796,1.1695381472938837,0.09605713911744292,-0.028308354551714876,False,applicant_pool
797,-0.17865516901389017,-0.9654566779118643,-1.7374748687252417,False,applicant_pool
798,-0.6941385611456656,-1.660991889007022,-1.779061103671424,False,applicant_pool
799,-0.506602695971203,0.819406120864795,-0.668944042736429,False,applicant_pool
800,1.2728827687546636,-0.47441459536584457,0.8834477054809001,False,applicant_pool
801,0.5362969691808936,-0.8370336532238911,-0.48347766666633657,False,applicant_pool
802,-0.3856299815231613,-1.0938471412974384,-1.4006426488655879,False,applicant_pool
803,-0.23644641996451343,0.42303597473040044,-0.409510271448278,False,applicant_pool
804,-1.567177090585447,1.3749077114679673,0.05921081218005428,False,applicant_pool
805,0.388474200851541,-0.4030738610061444,0.020336677531532777,False,applicant_pool
806,-1.7598157076954657,-0.21556337466258174,-1.142626314628915,False,applicant_pool
807,0.7517964658354561,1.0716318398890723,1.3113190093850116,True,admitted_students_file
808,0.12862159249126584,-1.8104457043583122,-1.1437225483312747,False,applicant_pool
809,2.3869517995739225,1.966868642912667,2.1067918791956197,True,admitted_students_file
810,-1.1001355537243058,2.4441003023263694,0.36231099787945775,False,applicant_pool
811,-0.10266209104063294,-2.706337529420083,-2.1021221868967213,False,applicant_pool
812,1.7982877009230627,-0.097503228916757,2.5511465734659238,True,admitted_students_file
813,1.1913896402914144,-0.7189470318695635,-0.637097728817565,False,applicant_pool
814,-0.6962120515798997,-0.26477177090473386,-0.9179230369368352,False,applicant_pool
815,0.22396742837344774,-0.4183850696159234,-0.057584524730267095,False,applicant_pool
816,0.001999356415087233,0.8117590984793583,0.3166100683906449,False,applicant_pool
817,0.2819558673941572,-0.1125699069679908,0.8618795532834245,False,applicant_pool
818,-0.6986804359848298,-0.9109072141999566,-1.2621805239721176,False,applicant_pool
819,-0.08932040270073452,-0.17218516129512423,-0.33415759600273476,False,applicant_pool
820,-1.5980523752767137,0.5147842369624097,-0.13388433037287562,False,applicant_pool
821,0.13512345186808206,-1.1837213277652818,0.5859095447096834,False,applicant_pool
822,0.45002067342183205,-1.6462336889699805,0.20771040165753307,False,applicant_pool
823,-0.227419412643884,1.99274280083532,1.0518024834480328,True,admitted_students_file
824,-1.6150508905847878,-0.6424266797084363,-1.502020368903278,False,applicant_pool
825,0.9885318628514624,-0.13735298691952277,0.5859697407047035,False,applicant_pool
826,0.3645250379928023,-0.39779540582557266,0.08127384683250914,False,applicant_pool
827,-0.7260150977009768,0.548087704082142,-0.708796485895713,False,applicant_pool
828,-0.28060044683806395,1.7727899230910438,1.625538818763244,True,admitted_students_file
829,-1.5006694027818388,0.5799338417292843,-0.4538517252782099,False,applicant_pool
830,-1.0254101277779044,-1.518365147539991,-1.6848532611273517,False,applicant_pool
831,-0.5378113463571395,-1.3841234270085299,-2.139059366279036,False,applicant_pool
832,1.2284208122801512,-0.3989647753269165,0.5827467699630314,False,applicant_pool
833,-0.6395033908874757,-0.2682331995332666,-1.9152773960280463,False,applicant_pool
834,0.6402136593287587,-1.7219512695466006,-1.1102839874641595,False,applicant_pool
835,-0.5383162028615798,0.8193409201744406,-0.21150232828207954,False,applicant_pool
836,0.24794756085187486,-1.0863205578814785,-0.34404581290790914,False,applicant_pool
837,-0.14139550214380217,1.4933015621257555,2.1946339564499766,True,admitted_students_file
838,0.8730566000927434,1.8206325972057207,2.1512332042098077,True,admitted_students_file
839,-0.5348113382185579,-0.24825353263217734,0.5048892847919513,False,applicant_pool
840,-1.572528250002441,0.4389726404181848,-0.28516262505726264,False,applicant_pool
841,-1.3819490313636327,-1.2319472220842016,-0.9114951219597617,False,applicant_pool
842,-0.5318774939427574,0.6236763264791144,1.359658388208806,True,admitted_students_file
843,-1.2490599706780527,-0.49819242343437004,-1.6479998387846533,False,applicant_pool
844,0.4102120156795513,-1.0872353215883535,-0.9980382527327738,False,applicant_pool
845,-0.4657681648580778,-0.2893349882529842,-0.0226494191880654,False,applicant_pool
846,2.3746065500264315,-0.46574800840536296,1.2381831342101226,True,admitted_students_file
847,-1.737714595137132,-0.32515940300375434,-1.1866204158267037,False,applicant_pool
848,0.20363317870980122,0.949679902816359,0.5755866785168517,False,applicant_pool
849,-1.127953023505669,-0.7853075926357327,-1.6610005024092132,False,applicant_pool
850,-0.4934013403826786,1.735022999773876,1.9415893467467957,True,admitted_students_file
851,0.14141947334054417,-1.3250596328253537,-1.5392688833390662,False,applicant_pool
852,-2.325371374874287,1.6154302731785954,0.019012865366881515,False,applicant_pool
853,0.23682611678802748,-1.0165106219066937,-0.13983512831581812,False,applicant_pool
854,1.9029074622741677,-0.0010132325366156636,0.13092194103023824,False,applicant_pool
855,-0.45343829836859284,-0.4901961134780198,-1.1949085986958137,False,applicant_pool
856,0.2598078568055095,-0.34372867153785464,-0.5184319222409316,False,applicant_pool
857,1.0249216931253993,0.8013572363555488,1.5822901834842302,True,admitted_students_file
858,-0.16395350002699655,1.4998267972288106,0.6113930690297935,False,applicant_pool
859,-0.5809601885314832,1.190524704955642,0.3363040710481395,False,applicant_pool
860,-2.2757364037217522,-0.40485633234184776,-2.7627384283306493,False,applicant_pool
861,0.6409907193949733,0.18425522240455336,2.164548063870412,True,admitted_students_file
862,-0.11316840972889723,-0.7820778736683621,-0.5320731510905706,False,applicant_pool
863,-1.0126838513881617,-0.9915503125746948,-0.9534515784679961,False,applicant_pool
864,0.12659671027769356,-1.1463009057286688,-1.0412455690387896,False,applicant_pool
865,-0.5836803568061814,-0.4375733069841293,-1.1206540104111977,False,applicant_pool
866,-0.5284261311155256,0.24960563101494201,1.1576459334020925,True,admitted_students_file
867,0.6062911561087082,-1.9118151597515047,-2.190295727272458,False,applicant_pool
868,-1.3383824113238445,-0.046353702580765745,-0.7050255261364531,False,applicant_pool
869,1.0473152860737585,1.5160251245495246,0.8181185431296089,False,applicant_pool
870,-1.3976861631184037,1.1219110690741252,-0.4627546192066844,False,applicant_pool
871,-0.6627014083552638,-0.5851840765266658,-1.257791692545069,False,applicant_pool
872,1.9229461940665773,-1.396872909282786,-0.3482367432840092,False,applicant_pool
873,1.1273547616424222,0.4598303064648266,1.0564795050641411,True,admitted_students_file
874,0.09760399249544019,-2.3174282502075,-3.240506170627085,False,applicant_pool
875,-0.9405302155012165,1.1101541158826773,-0.11058640209513845,False,applicant_pool
876,-0.5292723066998932,-0.2135874578832405,-0.5460618297240195,False,applicant_pool
877,0.0732753145856964,1.8313003205774008,0.28648058037180446,False,applicant_pool
878,0.03752323233959842,-1.7269654855764658,-0.03888435958939529,False,applicant_pool
879,-0.09087092962596285,0.9181462252078333,0.12160807977009536,False,applicant_pool
880,-0.03083251408418433,-0.10050883681419848,-0.25161084780933474,False,applicant_pool
881,-0.2143751097051141,-0.33105053147208047,-0.7690800815054684,False,applicant_pool
882,-1.4419787356400129,-1.3698434652121445,-1.8847807148553126,False,applicant_pool
883,-0.5165107421608328,0.5957479067117164,0.9672050224123088,True,admitted_students_file
884,0.9146240539868465,0.6761373847768578,2.7651059979428396,True,admitted_students_file
885,-1.3683342975511175,1.7851278019658896,0.7928632204600629,False,applicant_pool
886,-0.18955551153927852,1.0080502628605923,1.2936172252390938,True,admitted_students_file
887,-0.819753928770844,-0.593895328955735,0.2826272195116808,False,applicant_pool
888,0.11135042939811132,-1.0038625836175148,-0.4059231465060924,False,applicant_pool
889,-0.38863318106681816,-1.3684914335223863,-0.04295538795467402,False,applicant_pool
890,1.477393664974669,1.4732243456394702,2.4725824995724732,True,admitted_students_file
891,0.5065831541902538,-0.778174284277866,-0.0757430830388476,False,applicant_pool
892,-1.3118031657772113,1.4802298689713072,0.3547160811921898,False,applicant_pool
893,0.6712280116136986,0.5250720408620666,-0.4973968402482294,False,applicant_pool
894,-0.774651856262063,0.3299028815939605,-0.08460335122196183,False,applicant_pool
895,-0.5769963713775336,-0.3068683125602983,-1.6551353088719982,False,applicant_pool
896,0.3138190201071218,0.6606729130022508,-0.504268649606683,False,applicant_pool
897,-0.49174741973013475,-0.015470762836802118,-0.19467673635085156,False,applicant_pool
898,0.8928558163229553,-0.36921329146881043,-0.43948737548484385,False,applicant_pool
899,-0.7745100615133954,0.6960047866482002,-0.056008054574741284,False,applicant_pool
900,-0.6189465525913632,-0.14397210922113055,-0.39899296663321565,False,applicant_pool
901,-0.6563708935481088,-0.7983347787388269,-0.8174239664145138,False,applicant_pool
902,-0.5656387483550389,0.5998267754606512,-0.6106627673108229,False,applicant_pool
903,1.099191555547813,-0.06398565562856524,1.30196150268435,True,admitted_students_file
904,0.6287962936103031,0.4889100117578045,0.6640444329630146,False,applicant_pool
905,1.709943954012071,-0.45385985835418646,1.1252076382974385,True,admitted_students_file
906,2.2676442038992546,-1.209121304680956,-0.14946784527100354,False,applicant_pool
907,-1.0307170319323398,1.7350739625142755,0.3330027151210674,False,applicant_pool
908,0.07041912732728889,1.5466114107635742,1.819175988048145,True,admitted_students_file
909,-1.176200316643433,0.8837849612619612,0.4890543612681344,False,applicant_pool
910,-0.7776059277482671,-0.3878106853742732,-1.315625676576727,False,applicant_pool
911,-0.6300825102556694,-0.3003179731610725,-0.986651047623274,False,applicant_pool
912,-1.0571548741382744,1.3823274458964647,-0.4807185394018494,False,applicant_pool
913,-1.0518872728984137,-0.3538300375674132,-1.3732052945854047,False,applicant_pool
914,-0.14428437852025486,-0.6325560363472975,-1.4842935481584791,False,applicant_pool
915,-1.216718418386407,1.8722346756364532,0.3293624565265982,False,applicant_pool
916,0.8421269591376328,-0.04767768161387231,0.9595889091184351,True,admitted_students_file
917,-0.9177535374175142,1.7684253285138456,0.003399659551860279,False,applicant_pool
918,2.809568970096392,-1.398391910690002,0.8538406907513297,False,applicant_pool
919,-0.45138445096439517,0.5181848827845018,-0.11092860465888041,False,applicant_pool
920,0.07201764191705222,2.071082599216615,2.131598268855637,True,admitted_students_file
921,-1.2953411844660352,0.029750744658861888,-1.2507480716377575,False,applicant_pool
922,1.7060917581276394,-0.2640044922677962,0.534705447453302,False,applicant_pool
923,1.1195006808029162,-1.1677519175984197,-0.6235780937217302,False,applicant_pool
924,0.29691587073611253,1.0823430544352473,0.10026163730644255,False,applicant_pool
925,-1.3468025487795656,-0.7701280826406874,-1.0055754164102855,False,applicant_pool
926,0.21066687772462028,-0.09480855938998854,-0.0192696505138244,False,applicant_pool
927,-1.121431046017255,-1.2345022797926115,-1.492989759900102,False,applicant_pool
928,1.4623552634733608,1.5568946000974326,2.8547612206577933,True,admitted_students_file
929,0.8091947318531727,1.1548853107256827,2.2091085358257656,True,admitted_students_file
930,0.09543903848773612,-0.031584749213130925,-1.110858727455869,False,applicant_pool
931,-2.4363756632473224,-1.154148935586928,-1.8803567180753655,False,applicant_pool
932,-0.9834159786590306,1.535907049242632,0.5170720438771734,False,applicant_pool
933,0.6877611315998724,-0.36593172704714716,-0.11392458644288408,False,applicant_pool
934,1.2128836917231558,-1.1052048408175186,0.2993698340082238,False,applicant_pool
935,1.1091698114921316,-1.762118012472544,-1.6328845952918178,False,applicant_pool
936,-1.5920130022414554,-0.6459651318937749,-0.43083614724442043,False,applicant_pool
937,0.30155230681290407,-1.4546381225299396,-0.3890449122657378,False,applicant_pool
938,1.0155152164829295,-0.6228208365228246,-0.3503870744087931,False,applicant_pool
939,-1.6583355655822452,0.7444087336977152,-1.003839595998611,False,applicant_pool
940,-0.007904515373236347,-0.3754001639752333,-1.4413505744597135,False,applicant_pool
941,0.27384239830845625,0.3556933821137109,0.18942818238903075,False,applicant_pool
942,-0.3007645848467349,-0.7233346595322319,-1.0035768929147366,False,applicant_pool
943,-1.8521618554012016,0.06516906636423135,-2.0891225838606617,False,applicant_pool
944,-0.3256981100737287,1.920900822086021,1.580573326404835,True,admitted_students_file
945,-0.327305430255024,-0.3484860780268965,0.4544935524028844,False,applicant_pool
946,-0.1480724045477542,0.38442943761965875,0.13447972846560352,False,applicant_pool
947,-0.5634714254250696,-1.5655272274684384,-1.5978019423732377,False,applicant_pool
948,-0.4430121532414673,1.5201061224168706,1.0046003014562679,True,admitted_students_file
949,-0.0397062823469779,-0.47720662894486526,-0.3497406660862282,False,applicant_pool
950,0.4424546049697111,1.050533649906501,0.21291691430770765,False,applicant_pool
951,-0.3044267628566672,-0.12318029575890527,-0.7348191787112048,False,applicant_pool
952,-0.4096489283680019,0.6115793650208063,-0.07625042089929865,False,applicant_pool
953,0.09235403825445808,0.6710124272110006,0.6699188186862354,False,applicant_pool
954,-1.9209159258951816,-0.452440339512717,-1.5361458700016062,False,applicant_pool
955,0.4770351272264581,1.091906435761852,1.1670705819333826,True,admitted_students_file
956,-0.0005630971229588082,-0.7589848639930996,-1.5610857630241832,False,applicant_pool
957,0.039693526597561826,0.7779342200275429,0.9971104561657684,True,admitted_students_file
958,0.960734307594464,-0.390205294166531,0.3732349775341151,False,applicant_pool
959,-1.9528155300482481,0.3495579486320601,0.7447789099845852,False,applicant_pool
960,-1.9738338698589637,-0.46199300235426094,-1.8546315260620851,False,applicant_pool
961,0.27380384532351953,0.04997597470659558,0.43687782959613547,False,applicant_pool
962,-0.007116855128515773,-1.074693701691767,1.2772765516127675,True,admitted_students_file
963,0.17017694319193222,0.24755698468879414,0.40739119377469735,False,applicant_pool
964,-0.46212707517244556,0.044187834959585996,-0.31900188363157045,False,applicant_pool
965,0.6643536742399312,-0.5401535540724726,-0.6101152482166078,False,applicant_pool
966,0.93263884299112,-0.05502796639029617,1.6402335268368249,True,admitted_students_file
967,0.48398229395152703,0.1340044761679099,-0.409679709745965,False,applicant_pool
968,-0.26082845840458313,-0.6163570532651123,-0.27118594079161673,False,applicant_pool
969,-2.107689387614403,-0.12875857572966917,-1.785179901089514,False,applicant_pool
970,0.7692362080371281,-1.005551940894921,-0.28614061016218095,False,applicant_pool
971,1.2217286662175928,2.3457330389610074,1.3220975203390495,True,admitted_students_file
972,0.64455841198398,1.059118660208185,2.047579152138634,True,admitted_students_file
973,-0.8796424273675065,0.2730941056315511,-0.5887145232711646,False,applicant_pool
974,0.6737943936677578,1.172112927476695,0.34927699751877106,False,applicant_pool
975,0.8605297079614455,-1.9792524766837778,0.1497136182585478,False,applicant_pool
976,1.5588162477990857,-2.557679737834006,-1.002157037648811,False,applicant_pool
977,-0.8761099242279576,-0.3992910617499062,-0.5947855366741066,False,applicant_pool
978,-0.22645458454413847,-1.378564143602109,-0.4542707058010047,False,applicant_pool
979,0.7472720511434552,-0.23660552444832925,0.6637572737538558,False,applicant_pool
980,0.05741007143815779,0.20565664059489883,-1.366651522527838,False,applicant_pool
981,-1.1173276020512748,0.9204144983406113,0.35875617327251963,False,applicant_pool
982,0.414616285026703,-1.1382639842752136,-0.5408006383771217,False,applicant_pool
983,0.5786616338151667,0.3996306861600717,0.4055699202215721,False,applicant_pool
984,0.08796289633100199,0.014389693152232522,-0.009823281118553157,False,applicant_pool
985,0.21958492717994416,0.34750930993308465,-0.7584117016352883,False,applicant_pool
986,-0.25870590168573016,-0.5197719507535998,-0.3714909638223027,False,applicant_pool
987,1.4782789357160593,1.38313513986212,0.9048451875292995,False,applicant_pool
988,-0.9006921837126766,-0.10350864842972622,-0.8528183375822036,False,applicant_pool
989,-0.5873207627637789,1.7741822235037688,0.8808450515577408,False,applicant_pool
990,0.010985513527525621,-0.7903886536822237,0.24521392049077606,False,applicant_pool
991,0.8789540277008926,0.7428273399555535,0.4804286770748899,False,applicant_pool
992,-1.4973731700945367,-0.05966848056052859,0.004034087366399763,False,applicant_pool
993,-1.3102967497654392,-0.32774241666676374,-0.40192818072032876,False,applicant_pool
994,-2.037728507734718,0.6323153404675466,-1.2141053784670366,False,applicant_pool
995,0.03269522525327079,-0.29917347918958953,-0.9493353515404291,False,applicant_pool
996,-1.1183058172065439,-2.661965337157328,-3.4678475778978117,False,applicant_pool
997,-0.3845501100179167,-3.0628681231743076,-2.0505941555017486,False,applicant_pool
998,0.661378189891708,1.272422160284049,0.7408713229356726,False,applicant_pool
999,-0.6415427207828466,1.2302584578796958,1.2222149928101527,True,admitted_students_file
1000,0.23128202274336457,1.8873409462559467,0.9014382489697631,False,applicant_pool
1001,-0.29933790775172203,-0.017528248282177424,-0.8364326874584151,False,applicant_pool
1002,0.6721143150964368,-1.2926348019978913,-0.23979987061492586,False,applicant_pool
1003,0.4751280673480088,-0.41958384265100146,-0.4441290539585415,False,applicant_pool
1004,-0.69193369617461,0.011424515361312802,-0.4363459721704808,False,applicant_pool
1005,-0.16865175340045263,-1.0070382242851093,-0.0740059544546503,False,applicant_pool
1006,1.0437433977204944,1.6485747229738668,1.8320673106194416,True,admitted_students_file
1007,0.393376870254097,2.239502879643737,1.796046959925499,True,admitted_students_file
1008,-1.3969620577511315,0.47828070073017764,-0.4535401858277273,False,applicant_pool
1009,0.6556180611713827,-0.010863746698195903,-0.7660789887922039,False,applicant_pool
1010,-1.0846106224362382,-1.2949669784744322,-1.2724390156405927,False,applicant_pool
1011,1.412513069961006,1.5464338961560513,2.035267631684215,True,admitted_students_file
1012,1.024098839841025,0.07630681084904649,1.340291801836941,True,admitted_students_file
1013,0.2898854759184008,-0.28916439841061226,0.4245362611760458,False,applicant_pool
1014,0.1572328434361934,0.48117408867453765,0.2736004637481153,False,applicant_pool
1015,-0.20903225602742,-0.5857115289891855,0.20609156379668947,False,applicant_pool
1016,0.6785239514000281,0.14687517312181853,0.33166794261029586,False,applicant_pool
1017,-0.37077816946206166,-1.44246685084566,-1.0055992903456257,False,applicant_pool
1018,0.23556987063989387,1.087087189252434,0.641922487594464,False,applicant_pool
1019,0.8719343665194511,-0.1044110411356732,0.8221206249457038,False,applicant_pool
1020,-0.5618065435255897,1.1588008606340119,0.12450345827404102,False,applicant_pool
1021,-0.6161927399906946,-0.2011361778416194,0.6220223296680929,False,applicant_pool
1022,-1.194365480724459,-0.13619970878397838,0.5472865428774629,False,applicant_pool
1023,-1.0644727461261723,-1.2123174282919575,-0.8681568354415811,False,applicant_pool
1024,-1.8283953114415024,0.7597569730181432,0.3842927346146363,False,applicant_pool
1025,0.7298287890155296,-0.8758399540230916,-1.1723573938562482,False,applicant_pool
1026,1.8089145420827708,-0.4864223731992286,-0.13534451051819363,False,applicant_pool
1027,1.4253289434703056,0.001047186082536809,0.7020520875674985,False,applicant_pool
1028,-1.6260844886265164,0.12122418368935654,-0.9492975225279398,False,applicant_pool
1029,0.7248546715562,-1.706096940217759,-0.7765526672997793,False,applicant_pool
1030,1.4221063499235564,-0.23080586548801652,-0.37514935985996645,False,applicant_pool
1031,-0.456809980738664,0.7952302186437133,1.0260873490648348,True,admitted_students_file
1032,0.10144743065004946,-0.3783380345239026,1.327959870831851,True,admitted_students_file
1033,-2.0078930508046704,-0.2247317542133216,-0.5545147478408593,False,applicant_pool
1034,0.2667361679766415,0.16240605084272658,1.0388087303831193,True,admitted_students_file
1035,-1.0635597294347174,-0.12596043254699904,-0.6149043816861937,False,applicant_pool
1036,0.19963501791151453,-1.0305155023876045,-1.1301704744184544,False,applicant_pool
1037,-1.5612029221888803,-0.03634612366690454,-0.9876372429610829,False,applicant_pool
1038,0.5428582244775959,0.9940731700058961,2.4729170322033225,True,admitted_students_file
1039,1.0245126754266898,-1.0511759472670905,-0.26372280545119964,False,applicant_pool
1040,-0.7831798617151676,-0.374481889485818,-1.0709502117574,False,applicant_pool
1041,-1.1369225814104345,-1.3816313239350773,-0.8619474771018429,False,applicant_pool
1042,-2.156023042549981,0.941381950490345,0.032063525683153404,False,applicant_pool
1043,-0.26641353407517704,-0.09235820683787886,-0.8267328956358488,False,applicant_pool
1044,-0.5815939342816051,-0.8501996336058633,-1.1137050483930504,False,applicant_pool
1045,-1.5510194123480547,0.09226560014317738,-1.2995238250641743,False,applicant_pool
1046,0.45301875631217164,-1.2036002148954528,-0.4390953827363695,False,applicant_pool
1047,-0.44997038186464916,-1.0334955314604064,-0.19167217399524128,False,applicant_pool
1048,-1.0757359586452324,-1.4601335298517806,-2.211134432312722,False,applicant_pool
1049,-0.5545724056404471,-1.0667792375574,-0.29111319951274517,False,applicant_pool
1050,1.0713045389296156,1.3573375839998063,1.6497732541490402,True,admitted_students_file
1051,0.6029369437552222,-0.733118331282596,1.5437165935272015,True,admitted_students_file
1052,-0.13002606149848983,0.4662251226514788,0.44171100880905434,False,applicant_pool
1053,0.6191050184648526,-0.8363014199559217,-0.20902065970968053,False,applicant_pool
1054,-1.160911956386739,0.7595337457632192,0.14140447207590673,False,applicant_pool
1055,0.03237010072703053,-1.0260820009313156,-0.8819151016538325,False,applicant_pool
1056,0.14732233048647056,0.03922792776175646,-1.1354335184849302,False,applicant_pool
1057,-0.4698365084987269,0.05285130986894881,-0.43940520109912434,False,applicant_pool
1058,0.43545833595741784,2.3278053364265916,1.6167158607011487,True,admitted_students_file
1059,-0.7804334546444512,0.6304252879801651,-1.2121275307166544,False,applicant_pool
1060,0.5098207077761179,-0.5929040143292734,-0.10512878211569604,False,applicant_pool
1061,0.5518587715312919,0.6850489636505139,-0.6429871293584041,False,applicant_pool
1062,-2.917159880697066,2.138174470485208,-0.7497213012465431,False,applicant_pool
1063,1.1903057035101177,-1.629636090484295,-0.11504755710194464,False,applicant_pool
1064,-3.047632565352754,-0.8424820425687267,-2.4606771711522,False,applicant_pool
1065,-0.6160490255561253,-0.23689755911329374,-0.8421639110558952,False,applicant_pool
1066,1.025348034257755,-0.41708822714195104,0.33549759326162254,False,applicant_pool
1067,-0.31728672525244067,-0.3327566983298747,-0.9713733315629864,False,applicant_pool
1068,-1.466185982469542,-1.304232265593243,-1.793200297645036,False,applicant_pool
1069,-1.0937370617166706,1.4039560535500122,0.24230282930591163,False,applicant_pool
1070,1.0269057463206197,-1.4226085984766192,-0.8873818384324565,False,applicant_pool
1071,-1.9215045305486382,-0.20021280962249907,-1.1917268307548712,False,applicant_pool
1072,1.1289911009620173,1.0458305917606978,1.5966509588260824,True,admitted_students_file
1073,-0.05510209904228934,-0.03018485714585262,-0.17178346102904204,False,applicant_pool
1074,-1.1923953304424335,-0.979394166902769,0.28306975212639074,False,applicant_pool
1075,-0.5831150723026911,-1.3486756563739577,-1.3541556443188378,False,applicant_pool
1076,-1.0172243411016413,-0.22999919602778213,-1.0061592708952378,False,applicant_pool
1077,0.8662252008585286,-0.7570295658504664,-0.2246980136901725,False,applicant_pool
1078,0.7324278097628383,0.20523109170297799,-0.07017917020069919,False,applicant_pool
1079,-1.7191611338760466,-1.4014511477241796,-1.548269831149765,False,applicant_pool
1080,-0.4035921185193341,0.8130357368876219,-0.21423452567422796,False,applicant_pool
1081,-0.8631856623442771,0.11554952316446464,-0.883527193365305,False,applicant_pool
1082,1.2935099684593703,0.189836394352477,0.5874060441506821,False,applicant_pool
1083,-1.350099118126421,1.441076778240017,-0.6303249820201204,False,applicant_pool
1084,1.604229104685014,-0.43779549837186593,-0.4675764886777597,False,applicant_pool
1085,-0.033294739516937566,-0.725816694733224,-0.8174803392740405,False,applicant_pool
1086,-1.1619344063800876,-0.5477636283468732,-0.49996900367392083,False,applicant_pool
1087,-0.6772741840092779,-0.19252656952325795,-0.4274846259704776,False,applicant_pool
1088,-0.8016188407684506,-0.09096489479132862,0.5122232610178311,False,applicant_pool
1089,-1.274618402015506,-0.8306977366017732,-0.8427860766088031,False,applicant_pool
1090,0.09482685973037566,-2.023085253033059,-0.8865925884549131,False,applicant_pool
1091,-1.2279155506918433,-0.5609290008790382,0.15510535733582742,False,applicant_pool
1092,-2.1803662087381888,0.35982566628688983,-1.2513532690955922,False,applicant_pool
1093,-0.3796764708481731,0.13625830625349225,-0.11406883553307594,False,applicant_pool
1094,-1.8028561964178826,1.199554469825827,-0.4001712174469326,False,applicant_pool
1095,-0.7521608680675204,1.9554865439637885,1.862812401161059,True,admitted_students_file
1096,-0.9091028886033559,0.7593337714584683,-0.09558920462281333,False,applicant_pool
1097,-0.8712160720258142,1.382520642408226,-0.12144619110540528,False,applicant_pool
1098,2.0009631015901537,0.76677429226312,2.210402182578624,True,admitted_students_file
1099,0.05641156716957076,1.7098992559273836,0.5767201672731008,False,applicant_pool
1100,0.24537100899533215,1.8508536342912676,1.7359760769660375,True,admitted_students_file
1101,-1.7763982963422946,0.9511651707789268,-0.24671287771690453,False,applicant_pool
1102,-0.6539631336369219,0.7063801464245854,-0.09851080915256588,False,applicant_pool
1103,0.21530262994151197,-0.20523217193736742,0.4026138981634726,False,applicant_pool
1104,-1.0245289129130064,-0.041337280963909824,-1.7342659772358417,False,applicant_pool
1105,0.9080628435179854,-0.3378373313502621,0.48472006783651034,False,applicant_pool
1106,-1.2026965859010301,0.6212516108950558,-0.7018750030205957,False,applicant_pool
1107,-0.2863661358651756,-0.7203480373593485,1.349220291503224,True,admitted_students_file
1108,-0.5860516399755586,-0.19110620977990994,-0.3960750535929092,False,applicant_pool
1109,0.16432065938191598,-2.3551698851783,-1.8415264316160558,False,applicant_pool
1110,-0.640490071855426,1.7230898947725095,-0.2611213303410528,False,applicant_pool
1111,-0.27089362707093734,-0.2204745825863184,0.5943950014787698,False,applicant_pool
1112,-0.23613009177798555,0.4555804373365769,-0.10238017905356009,False,applicant_pool
1113,-0.734387757391301,1.4577866947114024,-0.08373713769472757,False,applicant_pool
1114,0.48509386849711267,0.3002934374411798,0.7459111986662319,False,applicant_pool
1115,0.23838837483742528,1.4443437020934313,1.5485790319890143,True,admitted_students_file
1116,-0.0886139452531673,-1.241737812151367,-0.4209615890662771,False,applicant_pool
1117,-0.4304583334619581,2.397376589597702,1.2923221626297867,True,admitted_students_file
1118,0.796544030519997,1.0871101984887657,1.3358083446763998,True,admitted_students_file
1119,-0.23583424381418136,0.20920249248664097,0.14511531461359065,False,applicant_pool
1120,-0.3066972878259372,1.4250793326254454,0.9624257150598918,True,admitted_students_file
1121,0.10469002988812601,-1.168634885989372,-0.39414451933477235,False,applicant_pool
1122,1.6965866829708507,-0.2886148787694938,1.6812985986447642,True,admitted_students_file
1123,-1.340356208021204,1.4442503964023794,0.1070216258658592,False,applicant_pool
1124,0.7698568930553547,-1.8670601808949647,-1.2849444231769998,False,applicant_pool
1125,-1.893171161238105,0.5604577749588049,-0.9672678932543692,False,applicant_pool
1126,0.21727315822862395,0.5321761598451539,1.0147886298624533,True,admitted_students_file
1127,1.5750828276087308,1.9692258168221626,1.053231048010689,True,admitted_students_file
1128,0.48866852446730713,-1.5829554197222364,-1.957813018676077,False,applicant_pool
1129,0.1706250785397928,1.6096310570316332,1.7999597730960541,True,admitted_students_file
1130,-0.5604494688030756,-0.5594707431489028,0.3361378340271435,False,applicant_pool
1131,0.03104720048855424,-0.4470094599118548,-1.156015493138777,False,applicant_pool
1132,-0.2520628154033563,-1.2220043869597932,-0.8878221919530206,False,applicant_pool
1133,-0.7859766079313554,-1.0878520374669252,-1.497670198550793,False,applicant_pool
1134,-0.28987561547486984,0.4035223474539224,-0.10871070278275252,False,applicant_pool
1135,0.19838116062643954,-1.1123319147813555,-0.3801962840712044,False,applicant_pool
1136,-0.7672170685306403,0.7402843336529155,-0.9225154379780454,False,applicant_pool
1137,-0.8062818206846841,-0.6629660469697535,-1.7300633643200654,False,applicant_pool
1138,-1.3602434375921744,-1.2130338058486476,-1.8835060292813919,False,applicant_pool
1139,0.3907250260888961,-0.5278091463598945,-0.1908675967020611,False,applicant_pool
1140,0.5453232619670604,0.3367071917563058,-0.2148487790587319,False,applicant_pool
1141,0.23166044423651747,-0.2773532619310194,0.5230530408510027,False,applicant_pool
1142,0.9651704927286658,0.03421011833279838,0.35730471601222846,False,applicant_pool
1143,0.08786763708072752,0.696207461836084,0.21437649004913573,False,applicant_pool
1144,0.3920109373657567,1.0824214516169486,1.156242205999689,True,admitted_students_file
1145,0.30383742563756283,-0.31009530858943096,-0.0943034171659638,False,applicant_pool
1146,-0.09154001941820787,-1.0442220155761586,-0.15201155371226915,False,applicant_pool
1147,-0.5308218281296473,0.07609447892251621,-0.9489685534451018,False,applicant_pool
1148,2.214152615791911,0.47064958610407176,0.7669508132879572,False,applicant_pool
1149,-0.4519509798535085,-1.4607253059719505,-1.4600908804455737,False,applicant_pool
1150,-0.6658777111204364,-0.890608297007585,-0.9695505842287049,False,applicant_pool
1151,0.43400982345010697,-0.7191868959629409,-1.0538942580016064,False,applicant_pool
1152,0.25185441529500513,-0.20782218872037653,-0.9428065459166728,False,applicant_pool
1153,-1.4047915476103274,-0.7610339036267858,-1.280178095667534,False,applicant_pool
1154,1.1226782545637386,0.7070407250968996,0.6588709396589417,False,applicant_pool
1155,-0.09419457535083331,-1.6051332014584174,-2.121321256830857,False,applicant_pool
1156,-1.1109310952157205,-1.5797186971944246,-1.0731834604467507,False,applicant_pool
1157,1.188784114353874,-0.3338888115114624,0.11342567579860297,False,applicant_pool
1158,0.625675571596154,-0.17565280413985668,1.0973829215523438,True,admitted_students_file
1159,-1.2645419919479142,-1.4546438728581037,-1.7475412583473127,False,applicant_pool
1160,1.7771828402577243,-0.6067488426475648,0.9671133018853162,True,admitted_students_file
1161,0.6587973683661927,-0.4010438174190893,0.019489985847820218,False,applicant_pool
1162,-0.010196115625046132,-0.3932979470221456,-2.1208847119026624,False,applicant_pool
1163,1.5902188056217794,0.15188148328929144,0.3366146440546032,False,applicant_pool
1164,0.15929778382964058,-0.6615788844235619,-0.41447933718915597,False,applicant_pool
1165,-0.02808307510403198,1.4778363000082735,1.1976499922926502,True,admitted_students_file
1166,-0.660300116021989,0.48820463973357225,-1.3646338752591554,False,applicant_pool
1167,0.5818504393070786,-0.8071135206413219,-0.18394219836958106,False,applicant_pool
1168,0.4766029673239799,0.09451149336757297,-0.4143604616003126,False,applicant_pool
1169,0.014680139889711287,0.12401531860560501,0.2543861635847135,False,applicant_pool
1170,-0.789986353867603,1.214721474497781,0.26249727841973813,False,applicant_pool
1171,0.12992985416607386,-0.6003824289163511,0.21465694811302122,False,applicant_pool
1172,-0.06979878576213788,0.7673386977205734,1.2001769939042461,True,admitted_students_file
1173,-1.333474318734201,0.041854475782477606,-0.5182599684267999,False,applicant_pool
1174,-1.4718123513241856,1.4915665164487661,0.6151157196103796,False,applicant_pool
1175,0.5651533788097695,1.290891452639408,0.9611894072952785,True,admitted_students_file
1176,-2.601888315051689,0.19697930459260035,0.4129913310885942,False,applicant_pool
1177,0.20541052696125997,-0.26228262101606054,-0.890140228682037,False,applicant_pool
1178,-0.4780830577538245,0.5066059096794557,-0.3508891907848645,False,applicant_pool
1179,1.3082466068799101,-0.18045002712716604,1.3640187847621088,True,admitted_students_file
1180,-0.49346820915387574,1.680307105978335,1.2983501963385933,True,admitted_students_file
1181,0.659484214251896,0.07847007817701199,0.8208426034784344,False,applicant_pool
1182,-0.3969138412377916,-0.4056426325128372,-0.04893864734273318,False,applicant_pool
1183,0.11374815348614345,-0.45961508607392565,-1.683303514406287,False,applicant_pool
1184,0.7368365309200512,-1.2130355851987074,0.8029797008953574,False,applicant_pool
1185,-0.46255571632458015,0.5565591280933229,-0.08162145355694769,False,applicant_pool
1186,0.996554884498404,-0.8200112026395026,0.9868793207978821,True,admitted_students_file
1187,-0.9936978771064832,1.098148252187747,-1.3555758614747475,False,applicant_pool
1188,0.2945928425583791,-1.2929350540015732,-0.46932448500124235,False,applicant_pool
1189,0.9226397227878528,0.12724144897325032,0.28797116624332303,False,applicant_pool
1190,0.6600374917903349,1.1502237584974535,1.5771539187939747,True,admitted_students_file
1191,1.9164448767354103,-2.1522470646236362,0.06867789460084517,False,applicant_pool
1192,-0.7634393173106605,2.018265543792186,1.0718705054624162,True,admitted_students_file
1193,-1.379149251348588,-0.4252851971981094,-1.9141415733173972,False,applicant_pool
1194,-0.9943351084951194,0.1410953821621393,-0.5944842066894648,False,applicant_pool
1195,0.660442566548437,0.5714492255163438,0.6746127312915688,False,applicant_pool
1196,0.4979229342693786,0.7261290561155536,1.1423508229454087,True,admitted_students_file
1197,0.10225665964741577,0.27388393825968216,0.9369992854430405,False,applicant_pool
1198,-1.12295704910713,0.9973845837063676,0.023711042895534704,False,applicant_pool
1199,0.7668672933290608,0.5190707129218126,-0.05746089780895125,False,applicant_pool
1200,-1.2247047776505404,1.7608811400323037,0.42381980224488375,False,applicant_pool
1201,1.1589495823768998,0.5223275428545973,2.9205834912869566,True,admitted_students_file
1202,2.857438423139865,1.9646355198830872,4.286551791856368,True,admitted_students_file
1203,0.3664511465715505,0.9010788402376559,-1.2581852025044051,False,applicant_pool
1204,0.5831081356577431,-1.8057501257682627,-0.7503770859854464,False,applicant_pool
1205,-0.4928597688955594,2.6111026783878413,2.0293415588487242,True,admitted_students_file
1206,-1.8102133210868163,-0.5743441084772188,-1.6775912380142084,False,applicant_pool
1207,-0.6027193630302223,1.4955440152017352,0.25827237981076495,False,applicant_pool
1208,-1.0928952410987494,0.026793443119438404,-0.879841119244994,False,applicant_pool
1209,-1.4470045764150157,1.0610902576025796,0.13568833257617313,False,applicant_pool
1210,1.7223599419956492,-0.688478910865794,-0.1319063118281003,False,applicant_pool
1211,0.272862518025773,0.6257445430895879,1.416176645851544,True,admitted_students_file
1212,0.37968758061398367,-0.25319054539440544,0.04302797870407746,False,applicant_pool
1213,-0.30902236519624954,1.5790031115898886,0.17097049327778113,False,applicant_pool
1214,-0.17287108244343635,0.43866816741700937,0.9598132182119092,True,admitted_students_file
1215,0.9645506822393334,0.9359426413015662,0.1537290267234359,False,applicant_pool
1216,-0.03233711869521544,-2.1640768714730703,-1.8163161615104944,False,applicant_pool
1217,0.5306939380247327,-0.08557267978862526,-0.11084372784614516,False,applicant_pool
1218,-0.19600429784501586,0.4105516350582958,1.6402151259539235,True,admitted_students_file
1219,-0.3421528907320472,0.2236149064397072,-0.5565642278376312,False,applicant_pool
1220,-1.406914165601862,0.9611572137178506,-1.798217673074681,False,applicant_pool
1221,-1.977749062367128,-0.3659042451374545,-1.9306452305733777,False,applicant_pool
1222,-0.2615619010664018,0.04878710503463059,0.1805816257626934,False,applicant_pool
1223,0.05649669199323269,1.1812267644149919,1.3533794292738688,True,admitted_students_file
1224,-1.286130036708791,-2.278689003445357,-0.7235545906902558,False,applicant_pool
1225,-0.03447486503463288,0.5893505016383412,1.345497463482527,True,admitted_students_file
1226,0.053752562990502024,-0.3338848259935533,-0.050540155211376836,False,applicant_pool
1227,-2.156008006059379,-0.9123181245536214,-2.6184028122007943,False,applicant_pool
1228,-0.9151246594795012,0.3365442242759801,0.7607419190608622,False,applicant_pool
1229,0.4072638937354685,1.2274512968086555,0.8045703886253186,False,applicant_pool
1230,0.3870587293957439,1.039143831484181,0.4663215992217279,False,applicant_pool
1231,-1.1536749163997606,-0.13511303090662863,-1.1296638272570019,False,applicant_pool
1232,0.15844805049973495,0.8757409637609486,-0.20437890795832236,False,applicant_pool
1233,1.0224072253604721,0.8680678984458442,0.9032947666544229,False,applicant_pool
1234,0.7770729589908982,-0.08737127049316686,0.28513026653863466,False,applicant_pool
1235,-0.09528578701393456,-0.693080551988208,-0.000978496282910024,False,applicant_pool
1236,-0.4679763133242924,-0.6352340311223299,-0.9887485584610176,False,applicant_pool
1237,-0.6293444843345044,0.837853348868137,-0.7516907073400996,False,applicant_pool
1238,0.4678197829096571,-0.042146813712690696,-0.8459530787016616,False,applicant_pool
1239,0.19510397314288802,-1.0461822197305883,-0.406502037015824,False,applicant_pool
1240,0.6294040061022004,-1.6848628355091249,-0.6352101416860436,False,applicant_pool
1241,0.13187381312115198,0.8318314520963794,0.23838952454217804,False,applicant_pool
1242,0.8187639503474419,-0.5467784222642238,-0.15042892909035777,False,applicant_pool
1243,0.09459253295770016,0.3303877556559817,0.5481780405583122,False,applicant_pool
1244,0.7846887161316864,1.2397069070691236,2.2892395326630695,True,admitted_students_file
1245,0.8708227703666389,-1.3089244768534851,-0.8308673181172415,False,applicant_pool
1246,-0.8045266302248135,-0.04513738051284493,-0.49004962162867505,False,applicant_pool
1247,-1.808144046870746,-0.1706941462188697,-0.6154555427045236,False,applicant_pool
1248,1.5434928560145533,0.3797428756279606,0.7068232224295592,False,applicant_pool
1249,0.2566587307122617,1.2391599984204347,0.9613396937419388,True,admitted_students_file
1250,-1.7144858954961215,-1.329451814662408,-2.0051564337644106,False,applicant_pool
1251,-0.7138194972187111,0.5697979487057669,-1.0115206710638769,False,applicant_pool
1252,0.7718742923698284,1.0315237749937014,1.2901579001222303,True,admitted_students_file
1253,-0.279676831132893,-0.18637706395678272,-0.28085375678518726,False,applicant_pool
1254,-0.5120614193191271,-0.13744699289312357,-0.03362149322072244,False,applicant_pool
1255,1.4008818603129667,0.4184493689849223,0.3517447667811293,False,applicant_pool
1256,-1.0472871463838105,0.3448170778897882,-0.4496262748382571,False,applicant_pool
1257,-0.7981533577548339,0.5823526073671226,0.8269433568070537,False,applicant_pool
1258,0.21138647504826755,0.5612805264012167,1.9564834332807655,True,admitted_students_file
1259,0.39045493205388226,-0.9819723056156512,0.5116041954649766,False,applicant_pool
1260,0.4963430343407315,0.9902664977049435,0.14234614187451922,False,applicant_pool
1261,0.9112380445689469,1.1667831621902383,1.666450661824009,True,admitted_students_file
1262,0.19857862068151685,0.1860828936902982,-0.08817261813109978,False,applicant_pool
1263,0.48938393893840915,-1.4941553065496669,-0.4543709737563729,False,applicant_pool
1264,-0.2592092593150832,-0.11474570600009057,-0.7836224214987095,False,applicant_pool
1265,0.06269830323671424,0.19440587694056835,-1.0323136921813765,False,applicant_pool
1266,0.10753418005363442,-1.1446002377868172,-0.9152550046164517,False,applicant_pool
1267,0.21509813581903608,-0.36013806357701345,0.4115459345843253,False,applicant_pool
1268,0.7725398075827608,-1.4093693875585418,-0.2123393981525898,False,applicant_pool
1269,0.555145681944831,0.607292224986444,1.0376481414453762,True,admitted_students_file
1270,0.0442170029001831,0.1659553149020513,0.2880572326570169,False,applicant_pool
1271,-0.8091259849410398,-1.6457831648142445,-1.3125217149489372,False,applicant_pool
1272,0.06767125806270954,0.3514648615819806,0.6430967091297399,False,applicant_pool
1273,-0.028017784895743934,-0.05650894739029124,-0.2472193762541556,False,applicant_pool
1274,0.19318157981319836,0.5164142827544048,0.5192607036626736,False,applicant_pool
1275,2.206525307140402,-0.3915324337554278,2.4000262301090167,True,admitted_students_file
1276,-0.5237727785412354,-0.8014794007430242,-0.7619921962339714,False,applicant_pool
1277,0.42228901912535954,-0.7708446264578068,-0.19676669724834817,False,applicant_pool
1278,1.0684620672442982,-0.5381702165484047,0.41670885801081037,False,applicant_pool
1279,0.09800191409938289,0.018825096581047043,-0.07659840587907432,False,applicant_pool
1280,2.337845119172165,0.14795846542479205,1.3110231553834604,True,admitted_students_file
1281,-0.3780392917314767,-0.19071987780810284,-0.22361849314492463,False,applicant_pool
1282,0.32408922232004705,-0.42331954899651913,-0.4185003537111126,False,applicant_pool
1283,-0.798805744892982,-0.3514032680054818,-0.8494963090180524,False,applicant_pool
1284,-0.35152473514329313,2.507724785506933,0.8481697381679648,False,applicant_pool
1285,0.2489339103966579,-0.7707251514982087,-0.2635560435419859,False,applicant_pool
1286,0.8463040623077297,-0.5579720085461926,0.5963522958682184,False,applicant_pool
1287,0.3190948340235742,3.2938541083681483,2.200076410616979,True,admitted_students_file
1288,1.259114849334736,0.4210133024605525,-0.31378160715558345,False,applicant_pool
1289,-0.09496531059267174,-1.3799806659036957,-0.5454548038838087,False,applicant_pool
1290,-0.33216852983900536,0.8426872039772633,0.4159658281216999,False,applicant_pool
1291,2.7039851072793866,-0.9100388892011476,0.4708030267414335,False,applicant_pool
1292,0.39423764944203077,0.9090615078050971,1.3884336218369242,True,admitted_students_file
1293,-0.7194815459785476,-0.21096227937068143,-1.583686126978092,False,applicant_pool
1294,-0.6942637622480688,-0.43979584948940736,-0.005353416902232011,False,applicant_pool
1295,-0.9426799145313405,1.6091649688275829,0.3930586515395086,False,applicant_pool
1296,0.9365693558567879,0.5664013526592448,-0.61127459222871,False,applicant_pool
1297,-0.36437729289324183,0.9729894374492074,0.5204286050456439,False,applicant_pool
1298,0.12736247565648562,0.43491967951994637,0.08114874320102561,False,applicant_pool
1299,-0.06350867443826871,-0.4444445237930985,-0.7199640831265841,False,applicant_pool
1300,0.7314924079409346,0.6113544202582081,0.35644240531008997,False,applicant_pool
1301,-0.8467440928840201,1.2092153926844607,0.14655529126837552,False,applicant_pool
1302,-1.0755722861430155,0.1347380435175534,-0.9511743345235493,False,applicant_pool
1303,0.22429730718159427,1.8016426043465061,0.01717777226139572,False,applicant_pool
1304,0.600959284699897,0.8504872032019086,1.833887737810217,True,admitted_students_file
1305,0.33253231309764075,0.2119825497716119,0.18288430169175063,False,applicant_pool
1306,-0.8094537290973276,0.25148653101781787,-0.8750331898664655,False,applicant_pool
1307,0.6774848420913938,0.13723712896762474,-0.2603272965933696,False,applicant_pool
1308,-0.7438609270956342,-1.2512387855949916,-0.7573023660318619,False,applicant_pool
1309,-0.5215386447863833,-0.09007219580860511,-1.30644942475431,False,applicant_pool
1310,-0.9439535247220022,0.22118648534116717,-0.3760074642969661,False,applicant_pool
1311,1.3011583486520308,-0.41608512126652875,0.16674329648906944,False,applicant_pool
1312,0.6334215410273492,0.33767701870469485,0.263420301432196,False,applicant_pool
1313,0.6049933756788733,0.021307490355111102,-0.3653961087610399,False,applicant_pool
1314,1.2472114211424503,0.7736918910987685,0.87936355019163,False,applicant_pool
1315,2.8126492482387233,0.6631123810657311,2.265413733102696,True,admitted_students_file
1316,-1.7092261039101555,0.16715328758484124,-0.8376287721671593,False,applicant_pool
1317,-0.7383765808771081,-1.3672128913019983,-1.918547893814504,False,applicant_pool
1318,-0.6161750841745238,1.7907227386811706,0.6998018937231306,False,applicant_pool
1319,-0.8508196223826928,-0.14189099857114323,-0.023343801940698183,False,applicant_pool
1320,-1.0775832476037126,-0.08088645369513175,-1.9168452957085997,False,applicant_pool
1321,-0.2996530640553656,-0.3425208486993877,-0.4218013248048913,False,applicant_pool
1322,-1.216603715289405,-0.4884116560655365,-1.7738087531622333,False,applicant_pool
1323,0.3350423675374132,1.544058048000524,0.4845363496180872,False,applicant_pool
1324,0.051698321428614635,1.3860443203860797,1.117240776278222,True,admitted_students_file
1325,0.4810286647636553,0.4443934035776708,0.21984831635457058,False,applicant_pool
1326,0.5077284516382525,-0.10750015443072543,-0.5916137951796774,False,applicant_pool
1327,0.6030068534266765,0.6191179850137531,1.7213793794352705,True,admitted_students_file
1328,-0.3734089368238823,0.07379698176937273,0.44931488924684915,False,applicant_pool
1329,2.1211434026336673,-0.19022291832309887,-0.0975158546495487,False,applicant_pool
1330,0.23443111648209775,0.3381059215063302,-0.6599506149089692,False,applicant_pool
1331,-1.862484752624795,-0.44115774694544485,-1.0819476747975787,False,applicant_pool
1332,-1.0023757457662175,0.2522642640034325,-0.686984146272039,False,applicant_pool
1333,-1.7405029890278156,0.20422092562163552,0.05181890983445303,False,applicant_pool
1334,0.01733462915130733,0.6029360212579244,0.8346114017447077,False,applicant_pool
1335,-0.12180522405333363,-0.6191369574756088,-0.2719865512960139,False,applicant_pool
1336,-0.4684256978994578,0.7101363528765408,-0.5581919585427021,False,applicant_pool
1337,2.010926112400514,-0.9063114929505052,1.062007709047636,True,admitted_students_file
1338,0.5489828740769108,-0.5725666516212387,-0.9083642237291398,False,applicant_pool
1339,0.7260983614463344,-0.5289250591457441,1.041833819882432,True,admitted_students_file
1340,-0.9310734879421032,-1.0720517723736782,-1.0065344068924886,False,applicant_pool
1341,-0.9991448913310123,1.0156622833856628,-0.5666450988947919,False,applicant_pool
1342,0.03680549909695475,-0.9690524761897973,-0.04268633541772737,False,applicant_pool
1343,0.17300713965222583,-0.6989163374066718,1.2272264438550446,True,admitted_students_file
1344,-1.856311567114457,1.2554077104866421,-0.5429194766746953,False,applicant_pool
1345,-0.18030702284953407,-0.5705827018536505,-0.10278908827316513,False,applicant_pool
1346,0.014072082873504806,-0.18814268513809665,-0.4154264152556858,False,applicant_pool
1347,-0.21514916577112894,-1.0120290009165358,-0.7379192560141404,False,applicant_pool
1348,-0.8133904123466764,0.8329512076226846,-1.0423496750926078,False,applicant_pool
1349,-0.53953518192114,0.8467362441910651,0.19931003102134565,False,applicant_pool
1350,-0.17685919357279603,0.7389459041234467,0.395860492739351,False,applicant_pool
1351,0.09080002361004777,0.5375298281939437,1.6677128474639182,True,admitted_students_file
1352,0.604791582550568,0.07358911101947667,-0.8155547280718156,False,applicant_pool
1353,1.0808562049508712,-0.5243766669379845,0.1650932783329309,False,applicant_pool
1354,-0.2943477235272498,-0.814969306666021,0.18062598285609865,False,applicant_pool
1355,-0.45615619611535785,1.2899055267616704,0.37269701786097376,False,applicant_pool
1356,0.43765567353430623,0.7648042717265899,0.6616598913300842,False,applicant_pool
1357,0.6108449164108543,-0.6933042272004243,-0.6368798694307425,False,applicant_pool
1358,-0.4342004332588856,0.039831768223134466,-0.9091633984571685,False,applicant_pool
1359,0.7903934769661722,-0.30011509298501327,-0.9594166864954531,False,applicant_pool
1360,0.9795853411559731,-1.1282107057057502,-0.5370571603082631,False,applicant_pool
1361,1.291686465658673,0.1776513766213024,0.26252105890349775,False,applicant_pool
1362,1.7783209067198225,-0.4154926642391958,0.9684655411723588,True,admitted_students_file
1363,-0.8664161386594389,-0.9525366662956856,-1.733687064917443,False,applicant_pool
1364,0.01389820933251119,-1.479132554141762,-1.2881160136599676,False,applicant_pool
1365,0.011277696618660139,-1.5638035002056712,-1.3256855474719191,False,applicant_pool
1366,-0.0980735685325076,-0.3714261276946395,-0.33889043015090614,False,applicant_pool
1367,-0.6492629196101362,-0.08509497042491564,-0.8472982080061724,False,applicant_pool
1368,-1.4855620032310715,-0.8753008101623161,-2.2778110916616945,False,applicant_pool
1369,0.0926794460290038,0.6507394276572277,0.5432587786595373,False,applicant_pool
1370,-0.7683556595479125,-0.06554654178296233,0.205201820520159,False,applicant_pool
1371,0.085993480747625,0.5768853105986501,0.5207975514286208,False,applicant_pool
1372,-0.7940435416988534,-0.18291079018770778,-1.0618946224933001,False,applicant_pool
1373,-1.0996583458443414,-0.7871176352071059,-1.3126068712489785,False,applicant_pool
1374,0.2342983603768977,0.11411757113861393,-1.2089725837644947,False,applicant_pool
1375,0.15092152680649595,-1.2626745120183225,-0.8202213650648925,False,applicant_pool
1376,0.579281971320933,0.5394385206366479,0.4469202614090966,False,applicant_pool
1377,2.1858637664176253,-0.9371492065131337,0.15824221333336097,False,applicant_pool
1378,0.2772895312108468,0.9182325265334489,0.2506204909014147,False,applicant_pool
1379,0.4850817670641296,-0.3384557462419147,-0.19185723754331308,False,applicant_pool
1380,-1.0775613288673254,1.062533516309917,0.6849527150422281,False,applicant_pool
1381,-1.2869074405363745,-1.1226231885883153,-0.8017526171849837,False,applicant_pool
1382,1.5828294467733337,-0.6777697007288204,-0.06139877816153372,False,applicant_pool
1383,-0.9234797799333037,0.3809349468485706,-0.7153083027754519,False,applicant_pool
1384,-1.043944071468642,1.1704970934267551,-0.2625535058292312,False,applicant_pool
1385,-0.03909892121655298,1.6666089083149223,1.624563352499027,True,admitted_students_file
1386,-0.09019241337738836,0.04136616368087278,0.07011752453939667,False,applicant_pool
1387,-0.9025065064432917,1.837745630786756,0.6728583346719809,False,applicant_pool
1388,-0.3049732187131,-0.28966454982543055,-0.01113072015521216,False,applicant_pool
1389,1.2293757176501043,1.0987676223629725,1.095803785120848,True,admitted_students_file
1390,-0.8059936088317976,-0.9421809969593052,-0.18159289171637694,False,applicant_pool
1391,-1.3936724843661716,0.4202005068632542,-0.6339780455710373,False,applicant_pool
1392,0.9425936208997923,-2.3416930408564456,-1.508553335306164,False,applicant_pool
1393,0.4922969119380367,-1.1215910116531238,-0.5697893354732946,False,applicant_pool
1394,-0.6205186206486616,0.46667679808076484,0.7623526422763774,False,applicant_pool
1395,-1.582167016126918,-1.3124388522005235,-2.1790933096014777,False,applicant_pool
1396,-0.7446233564385631,0.42694961078918464,0.458202524659286,False,applicant_pool
1397,-0.05470443684927131,0.9064581208123634,0.11589783963594485,False,applicant_pool
1398,1.165672089883819,-0.5013201927182781,-0.1041358545865127,False,applicant_pool
1399,-1.036581974869657,-0.968952955674198,-0.8418795174375013,False,applicant_pool
1400,-0.08451988151147344,-0.4741866158547388,-0.9749400157400565,False,applicant_pool
1401,0.675144659894898,-0.9658123191841855,0.38684419657515,False,applicant_pool
1402,-2.3812673401219207,-0.10121355801591768,-1.3674743844732504,False,applicant_pool
1403,1.0337861679388998,0.10209062488808177,0.12680416121022375,False,applicant_pool
1404,-1.1824505722064373,-0.30601012309680875,-1.017509372743144,False,applicant_pool
1405,0.3319954934569346,1.6743592401868217,0.9199885734767655,False,applicant_pool
1406,0.24668314961074406,-0.7194038196869753,-0.06298484588120856,False,applicant_pool
1407,1.084586391463845,1.3914331792553123,2.930871492436246,True,admitted_students_file
1408,0.5509243808935403,-1.0412392363121137,-0.5781978780432684,False,applicant_pool
1409,-2.377290491729981,0.07277756994154895,-1.1242900074615259,False,applicant_pool
1410,-0.7847792471559913,1.1831054085480694,0.27602045407211195,False,applicant_pool
1411,0.13820512935328008,1.131357152253318,0.8420558751885149,False,applicant_pool
1412,-0.19497988611978695,-0.4202578977002351,-0.515548143995081,False,applicant_pool
1413,0.47761072975677044,0.555069720071345,0.07105007994218726,False,applicant_pool
1414,0.7893665556697054,0.4211790836642261,1.021452630064774,True,admitted_students_file
1415,0.6084517364296791,-0.5399391785927399,-0.15758606234956146,False,applicant_pool
1416,-0.21427494255446522,0.6159499371480742,-0.3722713121312623,False,applicant_pool
1417,-1.8463370111204804,1.8624921720523726,0.7204221381795389,False,applicant_pool
1418,-0.4554812488548173,0.47170066506263064,0.07984935642671873,False,applicant_pool
1419,0.4163681481389552,0.5663563790706708,0.47910167254598945,False,applicant_pool
1420,-1.0904472525504776,0.6721549782007075,0.6661496519950579,False,applicant_pool
1421,0.6312747301215763,-1.4609766073551405,-1.824563295074915,False,applicant_pool
1422,0.9083932972673044,0.46022467320628885,1.7805762434181975,True,admitted_students_file
1423,0.12686697629584257,-1.0167595748385274,-1.194561753448097,False,applicant_pool
1424,-3.063779866312396,-0.5898869406977998,-2.2268106469657636,False,applicant_pool
1425,-1.2780883627118034,2.161941781188503,0.16286009412535685,False,applicant_pool
1426,1.8861891585560817,-0.25326160965881,0.41530217846653006,False,applicant_pool
1427,-0.546537793028378,-0.7401741042942273,0.0833578349182108,False,applicant_pool
1428,-1.984143223128996,1.1525825789013922,0.7588371784287569,False,applicant_pool
1429,1.2352473883102724,-0.9476770028423769,0.03206279509837717,False,applicant_pool
1430,0.013355591543672855,-0.44741914418967715,-0.04730901768389634,False,applicant_pool
1431,1.1049404889577255,1.2490521679861668,1.56998910317728,True,admitted_students_file
1432,0.2769586752193653,0.04276756530795937,1.4191768424897595,True,admitted_students_file
1433,0.4585591362121688,-1.5615970451265293,-2.1961799540118085,False,applicant_pool
1434,0.3630092477145166,0.543989614322619,0.8535356692132922,False,applicant_pool
1435,0.697488311921,-0.3964658820465088,-0.3133238404823341,False,applicant_pool
1436,2.2774304485560983,1.539851486530245,0.8320584427762985,False,applicant_pool
1437,0.9710063359591881,-0.6061869476341336,-0.015238465789183364,False,applicant_pool
1438,-1.580339317845535,1.0512259737259262,0.9497104799596415,False,applicant_pool
1439,0.4466615152789034,1.775698032365714,0.9852992726887213,True,admitted_students_file
1440,1.1414807681032177,-0.8509432238115706,0.7423852583847982,False,applicant_pool
1441,1.202700806536146,-0.1932130207581928,1.495237598700026,True,admitted_students_file
1442,-0.42660498305909955,0.3886252741444505,-0.03357457262818762,False,applicant_pool
1443,1.1649444451881277,-0.8573457525541744,0.28425808309997397,False,applicant_pool
1444,0.9277423995512052,0.27029494670783055,-0.4226842595104049,False,applicant_pool
1445,2.57251743696973,-0.2249202875059923,1.024623442930577,True,admitted_students_file
1446,-0.7500017362485115,-0.2450675715933652,-0.011889713066222773,False,applicant_pool
1447,-0.5074005764004252,0.0489383927081116,-0.2555250514740565,False,applicant_pool
1448,-0.3061190484599539,0.07126471557856422,0.10448369263767415,False,applicant_pool
1449,-0.4902221500387753,0.16388076907604027,-0.1189115918476421,False,applicant_pool
1450,-0.890020749763603,-0.5988263454567843,0.5666521491142502,False,applicant_pool
1451,-2.762675505673743,-0.5551717243497534,-2.4579645813472935,False,applicant_pool
1452,-0.4346994737231341,-0.11858758882483045,0.76415043943424,False,applicant_pool
1453,0.36935805969990443,-0.04475764123579518,0.30444252754638373,False,applicant_pool
1454,-0.4932218455059107,-0.43884933994661673,0.5800930116624157,False,applicant_pool
1455,1.9353811835291097,0.3239396420860183,0.6110738741691281,False,applicant_pool
1456,0.013375812715862578,-1.8147617486751968,-1.0416443130319646,False,applicant_pool
1457,1.2910290551841355,-0.7304662589089517,0.08878506883244058,False,applicant_pool
1458,0.26142041272996835,-0.27992782620285456,0.08560081633765147,False,applicant_pool
1459,0.826407309893258,-0.856115187030605,0.836353263727014,False,applicant_pool
1460,0.27924155393356226,1.6291980148088911,1.5056524434331564,True,admitted_students_file
1461,1.3687846319035628,0.01886184672495171,1.756238094127391,True,admitted_students_file
1462,0.05593935013240072,0.1767696782259033,-0.31789389685886404,False,applicant_pool
1463,0.4961207080887857,-0.48323070796546075,-0.5676056201864399,False,applicant_pool
1464,0.3663329336500437,-0.015778920372960952,0.23913365982619014,False,applicant_pool
1465,-0.2882854581273188,-1.215253464302734,-1.004356824453294,False,applicant_pool
1466,0.4049823189246768,-0.16981703609507345,0.022755875662307273,False,applicant_pool
1467,2.234386246197682,-0.9370084285957558,0.1722533734717724,False,applicant_pool
1468,-0.270396942095442,-0.2774035847561625,0.4829857704427788,False,applicant_pool
1469,0.4194648928532483,-2.559916566302497,-1.6452796281854531,False,applicant_pool
1470,1.2577789508694428,-1.1280032084435256,1.0826089181257235,True,admitted_students_file
1471,1.1402532809442802,1.4639264045143334,1.7016371511909396,True,admitted_students_file
1472,0.011716417719365251,0.8303977491075424,1.0012744600073213,True,admitted_students_file
1473,-2.3833887029573617,1.3190393359152313,-0.30143033850280704,False,applicant_pool
1474,0.5167028186484662,1.3877212696709238,0.6608833391620069,False,applicant_pool
1475,-2.2194742586230527,0.6729874241644773,-0.7481743973113318,False,applicant_pool
1476,1.469937230941231,-0.452868685379135,2.010927615742337,True,admitted_students_file
1477,0.16947387119326057,-1.0372509462656228,-0.3879265216267857,False,applicant_pool
1478,0.999674019871989,1.1467446054496968,2.026065824150868,True,admitted_students_file
1479,-0.9021111381810512,0.06456797438739051,-0.0591127652513499,False,applicant_pool
1480,-1.5525074733000543,2.4940228163819067,0.826919733858695,False,applicant_pool
1481,0.2607543841411672,-0.36509797601075417,0.06271176769209102,False,applicant_pool
1482,-0.03360343995614198,1.97289585478048,1.64366096102073,True,admitted_students_file
1483,-0.4915408261571657,-0.15679179069575525,0.1128815815785304,False,applicant_pool
1484,0.08466128073276377,1.3360485972587004,-0.023053419241299222,False,applicant_pool
1485,2.76743589203226,1.6966917372324548,3.0747949813895827,True,admitted_students_file
1486,0.8345255473690577,-1.0229499281807124,-0.25133036405069753,False,applicant_pool
1487,1.049498605863319,-0.48499807829086855,0.09285655236589685,False,applicant_pool
1488,0.8439368915533556,-1.0329792256985308,0.7842975481256373,False,applicant_pool
1489,1.4794621438521929,-1.2299444882582236,-0.3510158975086173,False,applicant_pool
1490,-0.1900716729007449,0.66706685052495,-0.666291476761268,False,applicant_pool
1491,-2.0547613076752937,-0.19662837024902155,-0.9064019328807069,False,applicant_pool
1492,-0.1885861330060098,0.05236632319013622,-1.0828185759680402,False,applicant_pool
1493,0.8117357099965018,0.55623913497328,-0.4603765053406361,False,applicant_pool
1494,-0.9698003951150737,-1.8573868337149146,-1.2018843157465167,False,applicant_pool
1495,-0.17636595048933035,1.2867660039570548,0.8328656101477626,False,applicant_pool
1496,-0.6917697430023131,-0.34909416333991755,-0.34565779996430684,False,applicant_pool
1497,1.5020292518431304,0.5324013062378574,1.0126805604069065,True,admitted_students_file
1498,0.7494570154065637,0.620712839228547,-0.07847388661349142,False,applicant_pool
1499,0.651540620643959,1.3707965607638406,0.48446811838270265,False,applicant_pool
1500,0.6216013131209713,-0.10485738778303354,0.14535132186776095,False,applicant_pool
1501,-0.037249252552126945,-2.1236374590429308,-2.2952583630794168,False,applicant_pool
1502,0.1975562825275035,0.057127613453560856,0.3804815673196491,False,applicant_pool
1503,-1.1851845805323176,0.20070685816160114,-0.9636310761650588,False,applicant_pool
1504,-2.1864419787505676,-1.0342608591401172,-1.9639316114732313,False,applicant_pool
1505,0.15008113034502407,0.14749065443293866,0.3020253498641774,False,applicant_pool
1506,0.3239902562721444,-0.3610184347262918,0.246691372101973,False,applicant_pool
1507,1.2092645684253776,-1.3427539492825105,0.2628696715451626,False,applicant_pool
1508,1.5713358160823676,0.6714848950092839,1.217103048664102,True,admitted_students_file
1509,1.5699984849989468,-0.5637251508977961,0.7828561538094293,False,applicant_pool
1510,-0.9980235932938778,-0.4063792147370691,-0.7476561353259934,False,applicant_pool
1511,-0.3522650349497693,-0.46257884728708454,-2.2298717398193104,False,applicant_pool
1512,0.48033429588137955,1.2354785974641467,1.567846402776235,True,admitted_students_file
1513,2.5319046777421774,-0.0409161617733923,1.7241020727338863,True,admitted_students_file
1514,1.480099203713916,0.0790998205458215,1.408313571439329,True,admitted_students_file
1515,1.1193971619983802,-0.440636154386397,-0.45959586186529466,False,applicant_pool
1516,-0.3877879555492906,0.4628668222549053,-0.17223995925502578,False,applicant_pool
1517,-0.8831996311551246,1.3493180484506717,-0.4610936483538006,False,applicant_pool
1518,0.7889078833832395,0.6478608174865064,1.4551206189143473,True,admitted_students_file
1519,-1.10066126423436,0.6868669613348561,-1.2525478763326232,False,applicant_pool
1520,-0.23843635098030264,0.6062302058843455,-0.4109923416579967,False,applicant_pool
1521,-0.11477794900192263,-1.3802426433111632,-0.5977434952131191,False,applicant_pool
1522,1.592912089122808,-0.8761188316991384,0.025353444731311903,False,applicant_pool
1523,-0.35469730295967755,-0.20498739359912627,-1.0136685125155636,False,applicant_pool
1524,-2.4392496385726155,-0.7258640424932256,-1.4226202920146689,False,applicant_pool
1525,0.5044446476624683,-1.064537024755998,0.2993381845035133,False,applicant_pool
1526,-0.6990218531039264,-1.872175740870574,-1.1658286013047265,False,applicant_pool
1527,0.042631024437746814,-1.346529213134141,-0.253437050894451,False,applicant_pool
1528,-0.08670470084212364,-0.25652555734260035,-0.3852051630767101,False,applicant_pool
1529,-0.2737039958177683,-0.06942636681888449,-0.36624981795945505,False,applicant_pool
1530,0.7903405817847039,-0.7930537761305755,-0.4554204712983383,False,applicant_pool
1531,-1.5328648783527072,0.07892521268322598,-0.8276503652839786,False,applicant_pool
1532,-0.5170142249543602,-0.4338336409083763,-0.9875799419388724,False,applicant_pool
1533,0.6840379131173813,1.0905735873738482,0.8503511311704153,False,applicant_pool
1534,-0.6140847753443682,-0.16162576402483733,-0.08428154680195371,False,applicant_pool
1535,-1.6088067092699718,0.6963308814017153,0.23606818374569905,False,applicant_pool
1536,0.6685553432567358,0.20321376229469254,0.8454320965974949,False,applicant_pool
1537,1.123094630441539,-1.402071039244055,1.0746864399481622,True,admitted_students_file
1538,-0.04499520764300634,-0.09065817573717544,-0.5820355996200418,False,applicant_pool
1539,-1.9608455984695325,-1.2356240993286836,-3.3642875510153214,False,applicant_pool
1540,0.7059697466988162,-0.10812083821692123,0.8888413132259196,False,applicant_pool
1541,-1.659887881419688,-0.7451308172306892,-2.103545640975457,False,applicant_pool
1542,0.3087992768481657,0.3819630334848083,0.2574109324736787,False,applicant_pool
1543,-0.8874638247421598,-1.3423543374662013,-2.688239362520221,False,applicant_pool
1544,-1.1598392857669653,0.014701825279437203,-1.3737865224589716,False,applicant_pool
1545,-0.4419100170796902,0.5724155825631939,-0.9667305740411878,False,applicant_pool
1546,-0.18329755642725984,0.9075955693089953,0.1667814239789156,False,applicant_pool
1547,-0.6442082503864482,-0.7641677578842229,-1.1916304510940012,False,applicant_pool
1548,0.5887032782151507,0.017750972207175114,0.457167550858258,False,applicant_pool
1549,-0.44606937845883377,0.18414697291157353,0.6975565114429034,False,applicant_pool
1550,0.980190871671822,1.547126279542768,2.116590533717957,True,admitted_students_file
1551,0.28117316564347944,-1.481330060750137,-1.9156207271666639,False,applicant_pool
1552,-0.697557206596308,-0.9111025450710489,-0.6200180336547827,False,applicant_pool
1553,-0.8659398838322859,2.80446249273608,1.338267983996488,True,admitted_students_file
1554,-1.6474962990474387,-0.27309728395597477,-1.3168643313774875,False,applicant_pool
1555,0.2907331778668224,-1.8909938099032746,-1.056059081779752,False,applicant_pool
1556,-0.3545875472513581,-0.582550143348166,-0.46595279922931226,False,applicant_pool
1557,-2.3721955280635143,-2.768873221464362,-3.8260154409026152,False,applicant_pool
1558,-0.5357148727694001,0.24092071245615312,-0.31926180447085917,False,applicant_pool
1559,-0.901034029254952,0.8097847602782187,0.7694453618894072,False,applicant_pool
1560,1.5756775921706603,-0.9116623761687532,-0.0611241586966339,False,applicant_pool
1561,-1.7027786118933097,-0.47072392225150683,-2.1336982305166976,False,applicant_pool
1562,-1.4413507997340538,0.9236541553689125,-0.3796979623490375,False,applicant_pool
1563,1.1099696431056998,-1.7502154648460704,-1.207556303860684,False,applicant_pool
1564,1.3567631574639631,-1.3215712121995455,-1.1830734205961655,False,applicant_pool
1565,-0.7449829387256415,-0.22811518171563971,-0.8736408022392044,False,applicant_pool
1566,-0.6320858228089109,-0.7523348374668184,0.11416189001552235,False,applicant_pool
1567,0.6162353965533128,-0.2938668974735878,0.18251665728799615,False,applicant_pool
1568,-2.32709979694531,-1.2637503194065218,-2.2090486095149418,False,applicant_pool
1569,-1.8611936845055561,0.2143134859215077,-2.5615759797854194,False,applicant_pool
1570,-0.28073340085071186,-0.1492330851799887,0.027209628788707585,False,applicant_pool
1571,1.549890566129126,0.5491904942330328,1.4297587921522577,True,admitted_students_file
1572,-0.4357300881667396,0.20039950048029245,-0.6184052616237388,False,applicant_pool
1573,0.10093679173515462,0.2066900724960235,0.3259927917319275,False,applicant_pool
1574,1.133789272564012,-1.4463073545301137,-0.0840516212673942,False,applicant_pool
1575,2.106884733278146,0.49259155164487217,0.9480180353494073,False,applicant_pool
1576,-0.5768484731483126,-0.3308664018044421,-0.35771705997335385,False,applicant_pool
1577,-0.016836723733426057,-0.1665983076496178,0.7187620253700298,False,applicant_pool
1578,1.8220552213428425,1.0482643763908097,1.7061487056954123,True,admitted_students_file
1579,-1.5221992751914284,-0.7194355565168952,-2.064378582316386,False,applicant_pool
1580,1.0275810705538218,1.3511843284590006,1.4218914604971247,True,admitted_students_file
1581,-1.0183155323612583,1.4444752993730932,0.8752330851027927,False,applicant_pool
1582,0.10247236710315673,0.752784437364372,-0.3025062646041967,False,applicant_pool
1583,-0.24261904740027426,-0.9806208107674219,-0.3901151266600759,False,applicant_pool
1584,-0.9580116007012293,-2.1862932456269317,-2.518408271077641,False,applicant_pool
1585,-0.9831019276582751,1.078834914259941,0.2316705982568991,False,applicant_pool
1586,0.2764143642537545,0.11138506133107968,-0.1429622659017522,False,applicant_pool
1587,0.9955393281626821,-0.7451974708214624,-0.23418966128529978,False,applicant_pool
1588,-0.1297362031885032,1.1735623437556026,1.744653432733148,True,admitted_students_file
1589,0.07011315873321637,-0.8615588808778094,-1.5008003327674295,False,applicant_pool
1590,0.5711740662910472,-0.4241552582309427,0.4353185495209489,False,applicant_pool
1591,-0.9716187730129598,0.5248903643169941,0.9215536219925229,False,applicant_pool
1592,0.739692508412923,-1.1136028316148774,0.2368236384497055,False,applicant_pool
1593,0.819343097059747,-0.10948090960706738,-0.4703574914831856,False,applicant_pool
1594,2.60362629875041,1.0891371839133615,1.5031899074906678,True,admitted_students_file
1595,-0.3761041905595823,0.21111074362112997,-0.6333835041624749,False,applicant_pool
1596,-0.4580818016681276,1.2474263368236806,0.6236094859150217,False,applicant_pool
1597,0.7689658715737455,1.133602358005998,1.3948292350891698,True,admitted_students_file
1598,0.8191041689121383,0.0077383344216193865,-0.3527399608428423,False,applicant_pool
1599,-0.535087153376712,-2.3367413763573883,-2.4776187652400417,False,applicant_pool
1600,-0.40316267693004887,-1.1057722952153066,-1.5488454727804952,False,applicant_pool
1601,0.5411308382180404,0.7633341123844894,0.7213794522112195,False,applicant_pool
1602,-0.8275842407346614,-1.550251420285287,-0.15630635955921424,False,applicant_pool
1603,-0.4105339880150149,-0.32669258858695,-1.1324282207276906,False,applicant_pool
1604,0.08959276736843465,0.3384806136890324,-0.40562278550769804,False,applicant_pool
1605,0.9959386848222581,1.4695706957615102,0.8093828907787587,False,applicant_pool
1606,-0.6045986161795408,-0.5750196964544141,-0.32187070334250834,False,applicant_pool
1607,-1.842384462030672,-0.6434877090831294,-1.6447560286725422,False,applicant_pool
1608,-1.916597467518211,-0.05244576649550049,-1.907236685827883,False,applicant_pool
1609,-1.2594130667061334,0.3509129698101024,-0.8444819716272526,False,applicant_pool
1610,-1.3131677181999373,-0.15424682739609405,-1.507876665307811,False,applicant_pool
1611,-0.15461075861990903,1.0492683488858106,0.7886513305053077,False,applicant_pool
1612,-1.188880153597605,-0.7991438330284719,0.5868480334504846,False,applicant_pool
1613,-0.7027549598212041,0.12016093337904353,0.006918966797161252,False,applicant_pool
1614,-0.7740858849820498,0.44521271024701903,-0.2788595241529246,False,applicant_pool
1615,-0.4405078608479934,-0.40023280990585663,-1.0119642772315693,False,applicant_pool
1616,1.3225043315231224,0.8397099365599667,0.4650592169346133,False,applicant_pool
1617,0.6619475894305167,0.14895854124234953,1.0406717969194879,True,admitted_students_file
1618,0.016129415276003874,0.7888457131522739,0.9987817583348046,True,admitted_students_file
1619,-0.4610262805808381,0.19410410804883196,-0.4997701098293683,False,applicant_pool
1620,-0.4332326566230212,0.376404571487228,0.8123955327215673,False,applicant_pool
1621,0.3277464699519495,-0.6323917568493553,-0.1832445792637544,False,applicant_pool
1622,0.5841690733522902,-0.6307717051912234,0.512040804081288,False,applicant_pool
1623,-0.9076175061006004,1.2243964799287768,0.41324423441142266,False,applicant_pool
1624,0.03648075561423148,0.6355104445203323,0.31279916417311965,False,applicant_pool
1625,-2.031619568663027,-1.0229651662224017,-2.6538993055907696,False,applicant_pool
1626,0.21171378417059702,0.18086342465483146,0.15329957108265863,False,applicant_pool
1627,0.762149241958686,-2.3737760535354258,-0.458121959298488,False,applicant_pool
1628,-0.2800686268808754,-0.5739401636994166,-0.9108002922067887,False,applicant_pool
1629,1.8165269961401054,0.9610276766199058,2.113229514216232,True,admitted_students_file
1630,-0.8812384474360504,-0.12514558871115952,-1.4120647409124887,False,applicant_pool
1631,0.21744041530326128,0.11791266966603123,0.7640203405212909,False,applicant_pool
1632,-0.035824746665955476,-3.0163812465202113,-1.7648749600280356,False,applicant_pool
1633,-0.10029766744340833,-0.3922536181361517,-1.1616358668122648,False,applicant_pool
1634,-0.11432216800474763,0.3382722238272125,-0.011242630180526347,False,applicant_pool
1635,0.10710503000947168,0.4652898753983397,1.0240653250379361,True,admitted_students_file
1636,0.8479587434636998,0.9623557113343643,0.2953816171614849,False,applicant_pool
1637,1.3777362362747443,-0.21025775177342823,0.009195847888401443,False,applicant_pool
1638,-0.0022502445041573905,-0.16565581262414916,-0.1577868054839445,False,applicant_pool
1639,0.8153160721716332,-1.3321174294098623,1.1574106290976869,True,admitted_students_file
1640,-0.7017669462667825,-0.20452153917319804,-1.059892174363636,False,applicant_pool
1641,0.765955452726233,-1.2615750623977986,0.024539053423329238,False,applicant_pool
1642,-0.7619915238269903,-1.8478701198054168,-1.5143152830401188,False,applicant_pool
1643,1.0906599360881322,-1.0851793701105783,-0.40910156230047057,False,applicant_pool
1644,2.2106408773932396,1.5086849078039715,2.5303551066275998,True,admitted_students_file
1645,-0.12208388797139179,-0.27056120151327656,-0.568703571631503,False,applicant_pool
1646,-2.1925434908074086,0.21987736302336577,-1.532696336141186,False,applicant_pool
1647,-0.548072933244823,-0.5134962511980561,-1.8529103018290645,False,applicant_pool
1648,1.2318751342893033,-1.7905510194518974,-0.38024468976211145,False,applicant_pool
1649,0.5530767870252449,0.9361131249297073,1.5973388974065044,True,admitted_students_file
1650,0.24891359867502955,-2.1721981398555887,-1.2099369094215835,False,applicant_pool
1651,1.008668355954839,-0.5547926767916584,1.0583746240317682,True,admitted_students_file
1652,0.484453439248422,-0.05461488085006111,0.6856242751204465,False,applicant_pool
1653,1.2177251874511363,0.23048964342985517,0.8996607256414906,False,applicant_pool
1654,0.9194236766469855,-0.7264696045288699,-0.31412774022799783,False,applicant_pool
1655,1.5217004527369589,-1.8379614830549744,-0.545954270459693,False,applicant_pool
1656,0.35879608390625434,-0.8010932923354382,-1.3168505172349543,False,applicant_pool
1657,0.9052594014939547,-0.7487579876196624,-0.08522930405053833,False,applicant_pool
1658,-0.3071270730857854,-0.7730934951550803,-0.5999442383616551,False,applicant_pool
1659,-0.6014608115590059,0.9700585902076034,1.4403833245810516,True,admitted_students_file
1660,1.7067676404189733,-1.2136027781391423,0.6903813867771038,False,applicant_pool
1661,0.21620467632268803,0.30097927443815886,-0.2692282181020334,False,applicant_pool
1662,0.804880565862379,0.15829703721791577,-0.38149235086097244,False,applicant_pool
1663,0.12374001441139017,0.96045507747167,0.5601403486807883,False,applicant_pool
1664,-0.5865156509199643,-0.13313187173693122,0.10046422305244229,False,applicant_pool
1665,0.010982892582401323,0.7911309671975586,0.3669425731709025,False,applicant_pool
1666,1.4359940177677142,-0.17222013809409803,1.2008419442917673,True,admitted_students_file
1667,0.555240074279424,0.4343925265848003,0.5164733760852139,False,applicant_pool
1668,-1.711473159730459,-1.5029410872472406,-1.5874689562345854,False,applicant_pool
1669,-0.2152444565761547,-2.6382780762911087,-2.972870262257684,False,applicant_pool
1670,1.782293792704712,0.3775468535658534,2.526823904178138,True,admitted_students_file
1671,-0.21379686184995605,0.43118312603922965,-0.6374373420335696,False,applicant_pool
1672,-1.8004786917341806,0.4755023331518825,-0.3056220022676497,False,applicant_pool
1673,1.8930488854225436,-0.5249325147546792,0.6987468446658432,False,applicant_pool
1674,0.6823925098127926,1.4897222522103726,1.330795065058227,True,admitted_students_file
1675,-0.0700128588128004,-0.45987781573702197,-0.5132002726364884,False,applicant_pool
1676,-0.37141773608206863,0.4208790196723695,0.21107304386974082,False,applicant_pool
1677,1.0823519297917354,0.5946362250040785,1.4103094809139054,True,admitted_students_file
1678,-0.5419834002261925,1.7187401597491105,1.5057449519660446,True,admitted_students_file
1679,1.1482564245159883,-0.31702961978983357,1.5258616408901653,True,admitted_students_file
1680,0.542195285724256,-0.6531929062291528,0.16012662941550873,False,applicant_pool
1681,0.24468192548734993,-1.4981453844153232,0.3848207191146302,False,applicant_pool
1682,0.14551480533559535,1.552367006662473,1.1687039577744789,True,admitted_students_file
1683,-0.17496803671417813,0.42141090704854006,0.914396119294382,False,applicant_pool
1684,1.0456401202092658,0.4530611058943021,1.2742595680016222,True,admitted_students_file
1685,-0.8653428321018342,3.11670424132392,1.0789416739965993,True,admitted_students_file
1686,-1.6219251268302093,0.3250447411862994,-0.716108342602651,False,applicant_pool
1687,0.6144401228924746,-1.3023214051000322,-0.09490251917852494,False,applicant_pool
1688,0.6312383280671477,-0.19590357499297611,0.2604288975163864,False,applicant_pool
1689,0.4802411525117667,-0.9747824088486532,-0.032452254020686855,False,applicant_pool
1690,0.4077283696180388,-0.3958683945827724,0.6134630553017495,False,applicant_pool
1691,-0.32054037833754784,-0.40258960275460726,-0.4863956871070258,False,applicant_pool
1692,0.7874827043855253,-0.5870243910670495,-1.9304234644207274,False,applicant_pool
1693,-0.04555812675454088,-1.393282505355397,0.2395426951738998,False,applicant_pool
1694,-0.4871135608151781,1.5925016336722961,0.5101882462028968,False,applicant_pool
1695,-0.3118913122553999,0.2988480444383938,-0.5847742786636624,False,applicant_pool
1696,2.020639698775832,-0.22547203470023827,0.37998177469216354,False,applicant_pool
1697,-1.7349760820454327,0.757637829515743,-0.8707819957778498,False,applicant_pool
1698,0.49978810429579884,0.471067274849391,0.23713251452248596,False,applicant_pool
1699,-1.6791104276237172,0.27569073274204753,-1.4281294263923692,False,applicant_pool
1700,-0.10823333832297323,0.6849980727668268,-0.10259131150269629,False,applicant_pool
1701,-0.4336274851541877,0.13393474375865663,0.17601969493478042,False,applicant_pool
1702,-2.085028296679878,0.6702214569915914,0.5016299629047847,False,applicant_pool
1703,0.389037590433763,0.7531123008777751,1.3167975479629306,True,admitted_students_file
1704,-0.3800380621921959,0.16271873503280307,0.6445611666745938,False,applicant_pool
1705,-2.099206342561244,-0.22039449349611565,-1.7719275654500009,False,applicant_pool
1706,0.8395680907742521,1.5303978014539088,1.6137435858337092,True,admitted_students_file
1707,1.435006177988935,-0.4779015397734336,0.9206556978012765,False,applicant_pool
1708,1.490124342296572,0.3913136004273458,0.7612441372206076,False,applicant_pool
1709,0.35895644065147114,0.41390841073906653,0.2043511040194675,False,applicant_pool
1710,0.04605813857711549,-0.6095578522636356,0.23191155693691556,False,applicant_pool
1711,1.328156620895797,-0.8078223853114933,1.1014221816998735,True,admitted_students_file
1712,1.6823835853400984,-0.353852020869851,0.9107327055663413,False,applicant_pool
1713,1.133568702875625,-0.4922168531756078,-0.41973132424009707,False,applicant_pool
1714,-0.9415376022298011,-1.4581305616388653,-1.766698694766994,False,applicant_pool
1715,0.2013448532149219,-0.6514950825192756,-1.30152944320194,False,applicant_pool
1716,0.4395161442914286,0.26622298463456223,0.5113721206862029,False,applicant_pool
1717,-1.8096169689172292,1.2659435841485986,-0.1746055222096167,False,applicant_pool
1718,0.4693606596207741,0.5543913351736333,0.47594150188992135,False,applicant_pool
1719,2.272991825979389,-2.599534498370238,-0.04305488138580868,False,applicant_pool
1720,0.6399361658007914,0.6413037147573276,1.1246367897214649,True,admitted_students_file
1721,1.4734130814417563,-0.5581517858957178,0.7747232721399118,False,applicant_pool
1722,0.18291473012870507,0.453080074687763,-0.4276745814771465,False,applicant_pool
1723,-0.07321832398382148,-0.014135259210628073,-0.2340648569352784,False,applicant_pool
1724,0.3812713900809755,-0.19268762608682777,0.4094695313825836,False,applicant_pool
1725,-0.8158266479844326,-0.10223572796214128,0.5083576955489267,False,applicant_pool
1726,-0.9637751872343886,-0.02242430826978004,-0.8313776972447977,False,applicant_pool
1727,1.2663045571693656,1.3444049720902438,2.082549334332423,True,admitted_students_file
1728,1.3723423428665182,-0.019660187085087422,1.4939497396046066,True,admitted_students_file
1729,-0.9911063155873504,1.0855361331812003,-0.07626000742478928,False,applicant_pool
1730,0.9679988045538644,0.9399058658456572,2.0440234590008273,True,admitted_students_file
1731,-0.08695997560602091,0.667045547583653,1.2185773037870884,True,admitted_students_file
1732,0.33980857449043056,-1.7866188201296775,0.025842654177322788,False,applicant_pool
1733,0.4602186394350634,1.1166326561616067,1.345855860427708,True,admitted_students_file
1734,0.9943504681243184,-0.45790129413558806,2.0007880378529497,True,admitted_students_file
1735,0.08271820186318887,0.7157272810747723,0.08829138497463596,False,applicant_pool
1736,1.410161995301936,-0.9725328332404135,1.7713132656652473,True,admitted_students_file
1737,0.30941283975992473,-1.1850740433032558,-0.03137014024226237,False,applicant_pool
1738,0.6241842724695326,1.9763887368311992,2.628643589164178,True,admitted_students_file
1739,-0.8332625915372465,-0.9569830668381143,-1.3876861061231822,False,applicant_pool
1740,2.158659010704834,1.1461066390517474,2.7392299644164115,True,admitted_students_file
1741,0.4698249232049664,0.11842032143652105,1.3812413235820207,True,admitted_students_file
1742,0.7129974253450992,-0.4201200583601715,-0.5707807620665075,False,applicant_pool
1743,-1.6081858112115415,-0.04482888433020653,-1.1887879493729299,False,applicant_pool
1744,-0.822702023079101,-1.3010944965313112,-2.8793446195085997,False,applicant_pool
1745,1.2378836879187305,-0.013754379609230549,0.6708509666067652,False,applicant_pool
1746,0.2868911182926047,-1.0827403138959595,-1.0885077125642408,False,applicant_pool
1747,-1.913779734828926,-0.39544379431398563,-1.6534326755196074,False,applicant_pool
1748,1.038289928983819,0.925299563969576,3.3228835207429683,True,admitted_students_file
1749,-0.5437828043527234,0.2541906765576573,1.0142275716912459,True,admitted_students_file
1750,1.411316985876712,-1.4821704988805215,-1.0536680591429186,False,applicant_pool
1751,-0.08783567860369966,0.8514881269138698,0.885390902521194,False,applicant_pool
1752,0.20470668602052994,-0.007099761909142564,0.6876962616138685,False,applicant_pool
1753,1.1789545785916484,-0.5421852684093387,0.1773720909252886,False,applicant_pool
1754,-0.8974929708546623,0.746676303908931,0.026784488696259212,False,applicant_pool
1755,-0.9928468078339396,-0.16720683697700237,-0.5608473239366135,False,applicant_pool
1756,-0.19649842039810733,-1.1656613399057127,-1.8280318052007853,False,applicant_pool
1757,0.8271727996212221,1.8478097114496044,1.0168080843357337,True,admitted_students_file
1758,-1.3308772526134907,-0.017287442890987742,-0.7556993491692177,False,applicant_pool
1759,-1.6680345998890966,-0.08138520448221714,-1.067541103254117,False,applicant_pool
1760,0.8237209270437923,-0.40510517173058996,-0.2238936598385068,False,applicant_pool
1761,-0.6029783125670037,1.1799657394575893,-0.18102147041881045,False,applicant_pool
1762,-0.3922260129202831,-0.5248785081420402,-0.6589634134603545,False,applicant_pool
1763,-1.8568104019401659,-1.5449798588116046,-1.5908580024003602,False,applicant_pool
1764,-0.6789793143519821,-0.6786776618959786,-0.9360170742239835,False,applicant_pool
1765,-0.007567296631150636,1.3267746004547925,1.9933963289303214,True,admitted_students_file
1766,0.9303778576228922,0.8321321614571173,0.6585571290382135,False,applicant_pool
1767,-0.7712301662346388,-0.25501565265986115,-0.5318829212630469,False,applicant_pool
1768,1.6573761202324966,1.3732551416404741,1.7219035198446269,True,admitted_students_file
1769,-0.6845560241798007,0.7479422288218825,0.4527736955065303,False,applicant_pool
1770,-0.6830918015851747,-0.2665893636346067,-1.1644042749504953,False,applicant_pool
1771,1.5373575518978022,-0.16590985510107972,2.2406194307134983,True,admitted_students_file
1772,0.21146015236391716,0.3293177319454342,-0.8319230573521259,False,applicant_pool
1773,-0.5520247290115766,-0.8318869496638158,0.30129357663716694,False,applicant_pool
1774,-0.15513313118059344,0.004505065509350931,-0.03491631431012471,False,applicant_pool
1775,1.3530735775420593,0.3085133646132903,1.4667287196238163,True,admitted_students_file
1776,1.4662028196256818,-1.6869662386085398,0.7906712098255126,False,applicant_pool
1777,-0.816793179270256,-0.18932032256789785,-0.05361072957855151,False,applicant_pool
1778,-0.042433810079108215,-0.3030561853656883,-0.7355873184942606,False,applicant_pool
1779,0.09015682766757308,1.0280680199603225,1.1469088396419536,True,admitted_students_file
1780,-0.9862401105165975,-1.844496993811034,-0.5327473369687292,False,applicant_pool
1781,-0.05568505264999431,-0.38150601970371084,-0.9052783955424841,False,applicant_pool
1782,0.005322860451700487,-0.4817546473645869,1.173219296342408,True,admitted_students_file
1783,1.1402094789367356,0.9600709639216006,1.6351740280359135,True,admitted_students_file
1784,1.207425028311201,-0.04354656936489266,0.4532615579709204,False,applicant_pool
1785,-0.32920939835900803,1.7960946456523694,0.3281728415149069,False,applicant_pool
1786,-0.21395314386081168,0.6622133819063865,0.13506820264383132,False,applicant_pool
1787,0.6642923020556356,-0.410222994189519,-1.2035497816363707,False,applicant_pool
1788,-0.5851884489270115,0.23965869655895883,-0.5152654673803854,False,applicant_pool
1789,0.5886401517374027,-0.3540688093694581,-0.03157769815976419,False,applicant_pool
1790,-0.08790648736921473,0.8593960904904201,-0.25062131234991025,False,applicant_pool
1791,-0.9693985777386207,-1.332197713291012,-0.9725459527362094,False,applicant_pool
1792,-0.9568367128796466,-0.8236959765713334,-1.3104826495957083,False,applicant_pool
1793,1.447058696031102,0.45568991855492125,0.7917304182508157,False,applicant_pool
1794,-0.1564214791432986,1.225756448723621,0.46733397567922913,False,applicant_pool
1795,1.640354093898311,-2.201968596139199,-0.11647419513548429,False,applicant_pool
1796,-0.5136362607149101,1.3744712159904158,0.6107975682559745,False,applicant_pool
1797,0.2912052011314934,-0.14013512842800616,-0.39248701440403766,False,applicant_pool
1798,2.3926767230182415,-1.883874961937163,0.4186785765310118,False,applicant_pool
1799,-1.0573867446632792,-3.0017278418893385,-2.673897651555582,False,applicant_pool
1800,-1.8978144998997766,-1.5293860658082796,-3.0253053239144054,False,applicant_pool
1801,1.2865901312872332,-0.019704855845401752,0.6215221435821081,False,applicant_pool
1802,-0.8268091053930736,-0.06589803780888462,-0.17472285378665137,False,applicant_pool
1803,-0.020706364106233777,0.6332004347093099,0.7986179278195552,False,applicant_pool
1804,-0.5859182104515849,-0.5494871775609635,-0.8989885348905322,False,applicant_pool
1805,0.2681627809553161,-1.108040546446171,-0.07217959121887202,False,applicant_pool
1806,-0.9505362071857422,-0.413086387660893,-1.572323534539548,False,applicant_pool
1807,-0.1799400878833061,0.033610286911577296,-0.7594058573669519,False,applicant_pool
1808,0.4498153265565342,0.23077279495527736,0.2665038046771011,False,applicant_pool
1809,-1.008308886274262,-0.7891646992724058,-0.12006153534433928,False,applicant_pool
1810,-0.7000840296458889,0.9014467003353596,0.24516187452489988,False,applicant_pool
1811,-0.3473828335985318,-0.6213967717240335,-0.8224628102257079,False,applicant_pool
1812,-1.4288154342262782,-0.8697173623249038,-0.4131497169136156,False,applicant_pool
1813,-0.4225609827987464,-0.5423915094682898,-0.8280760246160506,False,applicant_pool
1814,0.11879653990290184,1.0748401757026071,2.340177131243777,True,admitted_students_file
1815,-0.39954894158842846,-0.13279645294065934,-0.703922692978429,False,applicant_pool
1816,-0.27137649293172456,-0.6945135030697719,-1.3360386078768833,False,applicant_pool
1817,-0.019901670906585355,0.9261077504485437,0.47258056930596015,False,applicant_pool
1818,-0.655743462432314,2.1427485399487463,0.792194317799769,False,applicant_pool
1819,0.6910625658668772,0.2096826343089477,0.020080396669788114,False,applicant_pool
1820,1.4359781248017758,1.2338424608654335,3.5567652353945918,True,admitted_students_file
1821,-0.46438039219544847,1.0360779505747895,0.5946420104102466,False,applicant_pool
1822,0.4851982314777071,-0.605639751658333,0.24668771345270168,False,applicant_pool
1823,-0.23961715543464693,0.02663418047623251,-0.46175442071881423,False,applicant_pool
1824,0.3654873450385047,-1.2825446297039873,-1.0004558043541547,False,applicant_pool
1825,1.5657795312032543,-0.20494226636163507,1.6024350711494426,True,admitted_students_file
1826,0.5086595430180988,-0.626190369125724,-1.249484277782789,False,applicant_pool
1827,-1.7734145388096807,-0.40288595717563497,-2.214600453343713,False,applicant_pool
1828,0.4539956314469589,-0.7498950313803366,-0.36545056388198377,False,applicant_pool
1829,1.2328637433090093,-0.28709680819556727,1.5604816217677555,True,admitted_students_file
1830,-0.2215961699981027,0.5322326862649144,-0.06024814550520405,False,applicant_pool
1831,0.9956348061178324,-0.11949191043999567,0.8607989722825313,False,applicant_pool
1832,-0.690115541151946,-1.8643731977553857,-1.6410076047181015,False,applicant_pool
1833,-1.4855391595222738,-0.7461205648984861,-0.5431979318177281,False,applicant_pool
1834,0.14116901883264016,-1.5193993525582523,-2.005155829670693,False,applicant_pool
1835,-1.7564767207463141,0.24406022598176774,-0.46789647899101117,False,applicant_pool
1836,-0.23977101289359176,0.5033173640541875,0.03207587743456919,False,applicant_pool
1837,1.286842262645503,0.25654822185416504,1.6506227506683695,True,admitted_students_file
1838,-1.9097629057462808,-0.7874043932993874,-2.326656218649905,False,applicant_pool
1839,-1.2794967959138979,0.2468539291312162,-0.6541427145047563,False,applicant_pool
1840,-1.0320322451615775,-0.47011425576887506,-1.048149923243673,False,applicant_pool
1841,-0.06331985971095996,-1.1382254497502524,-1.482709281074077,False,applicant_pool
1842,-0.36571678564620924,0.7419299197089303,-0.6517505719221057,False,applicant_pool
1843,1.3991363816960873,0.8180277537237719,1.0348687347187089,True,admitted_students_file
1844,0.9543483290916974,0.948895481083506,1.3280602669103818,True,admitted_students_file
1845,0.49527294606859795,-0.6083486000324562,-0.6033377320896527,False,applicant_pool
1846,0.14563031434388482,1.1793623126930788,0.6301937134545538,False,applicant_pool
1847,0.3932297769848273,-0.4935822513280676,-1.3852872564616059,False,applicant_pool
1848,-0.861982355313375,0.653501321538513,-0.39496761629227134,False,applicant_pool
1849,0.8572103535566122,-0.5109126617666753,0.9416041523009637,False,applicant_pool
1850,-1.112044254359201,-0.22398216374577085,-0.37479094358917364,False,applicant_pool
1851,0.8353769939022309,-2.4211778573891896,-1.0916159171855238,False,applicant_pool
1852,1.186142502118831,-0.30191321441691565,0.7453059445161593,False,applicant_pool
1853,0.2108646020880872,0.09108996678502743,-0.3835118071483856,False,applicant_pool
1854,-0.17621305896197587,-0.41004961736383877,0.7560363386922008,False,applicant_pool
1855,0.4003099083096733,1.7561880680851394,2.849157439216362,True,admitted_students_file
1856,-2.861518370100673,-1.1624660853252764,-2.5002133545326855,False,applicant_pool
1857,0.30225821848546125,-0.5635812371039258,1.6436201231410426,True,admitted_students_file
1858,-0.11335399783980703,-0.9048726099858533,-1.1379749551614187,False,applicant_pool
1859,-0.05062811305699102,-0.5637769789954712,-1.2751187778823674,False,applicant_pool
1860,0.7065325128978275,1.031413062940705,0.6329279964291638,False,applicant_pool
1861,-0.07476892156472781,1.4780317943269636,0.7584776817429597,False,applicant_pool
1862,-1.140206856651158,-0.7007926109189417,0.42179693192150935,False,applicant_pool
1863,-0.14140267082537805,-0.7230075427232033,-0.7586780279907496,False,applicant_pool
1864,0.06755548408082447,-1.157128648593915,-1.3099816258963237,False,applicant_pool
1865,0.11493391158101274,1.3062853865193034,0.29487134206099974,False,applicant_pool
1866,0.16191936728506806,1.1210044069163025,1.631915931661187,True,admitted_students_file
1867,1.0393690449185533,-0.10598179998878679,1.3048129330206737,True,admitted_students_file
1868,-1.0860345530341475,-1.39609919630688,-1.9532216675191951,False,applicant_pool
1869,0.17570045616484992,-1.306662565456252,-2.0481742522934203,False,applicant_pool
1870,1.289929698618241,0.1706294503845932,0.15934796555534292,False,applicant_pool
1871,-1.7346114969371953,0.5493379184464988,0.4344428602307272,False,applicant_pool
1872,0.17964668078005355,-2.0661448050211484,-0.7440582615720825,False,applicant_pool
1873,-0.5853785019730434,-0.3213099105378827,-0.5435245052412884,False,applicant_pool
1874,-0.37071038447310495,1.6182958895573838,2.1191137995105223,True,admitted_students_file
1875,-0.904807503214422,-0.21750920663028547,0.6413225295690015,False,applicant_pool
1876,-0.16955071570044408,1.489638090790624,0.8328990724357079,False,applicant_pool
1877,1.8412556144269043,0.6490461289556837,1.6063959008265154,True,admitted_students_file
1878,-1.2644303611772136,-1.0842796008353577,-1.934094152786625,False,applicant_pool
1879,-1.1696100024788274,-0.292671293351856,-1.149705143529539,False,applicant_pool
1880,-1.3019345701635046,-0.1286942385447029,-1.9703362087204197,False,applicant_pool
1881,1.727418286628101,-0.9525115680935066,-0.5395810962813554,False,applicant_pool
1882,-0.46233970552128695,-0.9698680228109412,-2.136796231650079,False,applicant_pool
1883,-0.025639060347674214,1.5067685921185607,1.7217701004946875,True,admitted_students_file
1884,-0.4027829411062397,-0.9773606196929516,-1.9900748705582685,False,applicant_pool
1885,-0.9444228784030915,1.0784360764086802,1.452082187797941,True,admitted_students_file
1886,-0.2351506466144354,-0.4364844783650164,-0.9478273550762274,False,applicant_pool
1887,2.45824360573656,-0.025639329883172433,2.7973377140524773,True,admitted_students_file
1888,1.392070920974255,0.5618444182385726,1.0145069304825058,True,admitted_students_file
1889,-0.8529378177922723,-0.5985586729046787,-2.039803458597352,False,applicant_pool
1890,0.6475741030616857,0.5679043134945333,1.6887061994073709,True,admitted_students_file
1891,-0.8315227726663764,-2.046429699548382,-0.8893631675963356,False,applicant_pool
1892,-1.7763676388462208,0.43970738841463686,-1.5030648629674372,False,applicant_pool
1893,1.0195109176646295,-2.468530124571636,-1.1740190711077696,False,applicant_pool
1894,1.1600928466435507,-0.2268467266984575,-0.027447177628374786,False,applicant_pool
1895,1.0460522510478993,0.8542429853184914,1.1508232175177506,True,admitted_students_file
1896,-0.46986524921957273,0.6222953060583759,0.17455994015382043,False,applicant_pool
1897,-0.16677573400198623,-1.298410478961941,-1.1983391798073528,False,applicant_pool
1898,0.7497655536581233,-1.169664396093517,-1.546158224356603,False,applicant_pool
1899,0.3914960373481072,-0.6886720403226348,-0.5997799224964586,False,applicant_pool
1900,-0.3936374712970443,0.18621586235813473,0.357639088677538,False,applicant_pool
1901,-1.6190718201181646,-2.0319331900437034,-2.5193829364223554,False,applicant_pool
1902,0.11387519414201226,-0.013223575848558187,-0.1637848874024489,False,applicant_pool
1903,1.0790096392361133,0.31142937380006447,0.25224177695198025,False,applicant_pool
1904,-1.1975882890341571,-0.2830371808709837,-1.389442513876673,False,applicant_pool
1905,0.638759381675977,0.5253209680530518,1.7429159019312408,True,admitted_students_file
1906,0.33154169513369264,0.22372415832620401,-0.43692127501254263,False,applicant_pool
1907,0.7501482632323336,-0.5416542593988953,0.6400972701713956,False,applicant_pool
1908,0.8719754997190072,-1.9361893602594902,-0.6588003547188469,False,applicant_pool
1909,-0.694465241925353,0.13341308157082288,-0.1933164400454632,False,applicant_pool
1910,-1.616959400164946,-0.9530753652299778,-2.183171994216933,False,applicant_pool
1911,-0.5335195256828793,-0.5783426248615452,-0.968954554087418,False,applicant_pool
1912,0.8891273175270074,0.47912421796308585,0.8853593719481904,False,applicant_pool
1913,-0.542003903525971,1.4173333834343511,0.20449728671400974,False,applicant_pool
1914,-0.6940433238576419,-0.038060123442009,-0.2438647679191886,False,applicant_pool
1915,-1.8213503419246384,0.5540648364458706,-0.5035282672750494,False,applicant_pool
1916,1.752647554550939,-1.4444793411528907,1.7212039752426758,True,admitted_students_file
1917,0.8257136414253099,0.2455235809950345,0.8910372151268837,False,applicant_pool
1918,0.7698959812747644,-0.059905937677162444,-0.8770763305247447,False,applicant_pool
1919,0.9677253867794737,1.2292275806261819,2.2421327854007522,True,admitted_students_file
1920,0.5767083615434017,-0.5404584760287566,-0.11914702356081541,False,applicant_pool
1921,-0.24432885517952907,-0.24163761716237078,1.0924695470335628,True,admitted_students_file
1922,-0.16376410412220166,1.0588144671327948,1.611429852710601,True,admitted_students_file
1923,-0.4275643645921248,-0.09203379239464947,-0.6914259706394997,False,applicant_pool
1924,2.634740754415,-1.1088413812872686,1.497166541242848,True,admitted_students_file
1925,0.5559120312994426,2.551633273290123,1.6041358445596963,True,admitted_students_file
1926,-0.46380044135143456,-1.0785927633367334,-1.0006720045570234,False,applicant_pool
1927,0.4654967741662798,-0.06470008154952371,0.7337072202486592,False,applicant_pool
1928,-1.0108689178563175,0.3466881560256132,0.3473826490425992,False,applicant_pool
1929,1.504506718589227,0.26761750903111453,1.7785248281735901,True,admitted_students_file
1930,-0.6610690958071401,-0.18974370400639878,-0.5005355775398208,False,applicant_pool
1931,0.5010854326224657,-0.18476037052630803,1.944008020419354,True,admitted_students_file
1932,1.0659776297431345,-0.23493186628795537,0.284665461676904,False,applicant_pool
1933,0.3847685442049928,-1.115933858591372,-1.600297896540655,False,applicant_pool
1934,0.09446999181963821,2.150219214422729,0.4687584774110115,False,applicant_pool
1935,0.010802084856015158,-0.219990917713377,0.8958326697283548,False,applicant_pool
1936,-0.056441096887107134,0.5969309928230956,0.29766138846562934,False,applicant_pool
1937,-0.5766984889275022,-0.3346528576816054,-0.48103812665805556,False,applicant_pool
1938,-0.44948342976970423,-0.3547636723554835,-0.9025273323284078,False,applicant_pool
1939,1.479590373650935,-0.4554436626696503,0.34880362662840203,False,applicant_pool
1940,-0.10853663268515668,-1.5498457879892507,-1.6289156761028711,False,applicant_pool
1941,-0.7857962693827731,-0.16062114012076936,-0.28536574684624055,False,applicant_pool
1942,-0.5162975968615086,-0.4070076543194302,-0.6683143555435807,False,applicant_pool
1943,1.100370680697223,1.171524509184777,1.781235637885681,True,admitted_students_file
1944,0.6756066331644784,-1.1967001175845153,-0.10110389515078574,False,applicant_pool
1945,0.5603291782322569,-0.577147177554855,-0.30904681310271614,False,applicant_pool
1946,-0.25752119890979147,-0.8984404667540822,-1.7724865203934692,False,applicant_pool
1947,0.5733624701729451,1.4425303940118088,0.2282706445205398,False,applicant_pool
1948,-0.643561124950648,-0.8694084448546713,1.1352258938130886,True,admitted_students_file
1949,-0.25961403134577454,0.5622998447261367,1.231467189793552,True,admitted_students_file
1950,0.9698044873917454,0.97016147340598,2.1991056713423713,True,admitted_students_file
1951,0.8742776789190644,-0.1461229114154082,0.0010758339865498678,False,applicant_pool
1952,-0.9819098459508032,-1.3768110009404684,-1.5265117368451422,False,applicant_pool
1953,-0.8555264529085758,-1.3641538587636903,-2.0135461572551923,False,applicant_pool
1954,0.10870215281340967,0.8597640647960797,-0.2889544251699553,False,applicant_pool
1955,1.7261323746695099,-1.2605940187998574,-0.10954153294771651,False,applicant_pool
1956,-1.9155651644689942,0.3920266110599123,-0.061970585315197946,False,applicant_pool
1957,0.27833293957050426,0.11434910982059632,0.8437650889509942,False,applicant_pool
1958,-1.3760433315731482,0.3771324843110272,-1.3283256518557938,False,applicant_pool
1959,-0.6343309935255456,0.4715848078458876,-0.3261562558020104,False,applicant_pool
1960,-0.3644284180642414,-0.9336707844179017,-0.31937826125778634,False,applicant_pool
1961,-0.4205083434368909,-0.9755281790147413,-1.307103716224697,False,applicant_pool
1962,-0.5337959396592085,0.7149271341004025,0.17344564776968738,False,applicant_pool
1963,0.007207060376370152,-0.6293446105643965,-0.12309619467684885,False,applicant_pool
1964,-0.5352555666305784,-2.7501484920051484,-1.8618612518223308,False,applicant_pool
1965,-1.4624573848541527,0.6487552978838649,-0.351004557147487,False,applicant_pool
1966,0.7798696125227764,-1.0362612880687683,-0.6242426107526517,False,applicant_pool
1967,0.7528721671488805,0.4671358779052533,0.4073230180220163,False,applicant_pool
1968,0.843174310022669,1.3928218493169693,0.6598426075063273,False,applicant_pool
1969,-1.5407344962640819,0.016762457261947625,-2.0835174408029777,False,applicant_pool
1970,0.29891815258415083,0.9957658316635309,0.7612204705778329,False,applicant_pool
1971,0.6759788558069234,0.15379768053620216,1.1107364788340657,True,admitted_students_file
1972,-1.031202068439585,1.5874293281411473,-0.6046499571017473,False,applicant_pool
1973,0.009173248182129144,-1.0621071087571061,-0.4933257384867551,False,applicant_pool
1974,-0.11626664531036575,-0.00821498041648976,0.4683287926459203,False,applicant_pool
1975,1.8421506585682637,0.6731616050414675,0.34923933317138345,False,applicant_pool
1976,1.924496037012573,-0.19041175701004545,0.9377480119062899,False,applicant_pool
1977,-1.6643563933302008,1.1522189966526697,0.8194578324804661,False,applicant_pool
1978,2.4939270057279894,-0.4320395395107805,1.7265855654713471,True,admitted_students_file
1979,-0.9152257211533239,2.0693711516288884,-0.5591254745344845,False,applicant_pool
1980,0.9806732943274258,2.122197504272245,2.4777036427779136,True,admitted_students_file
1981,0.9704979808637308,0.28207199622729967,0.29075472914933964,False,applicant_pool
1982,-0.9956902268418067,0.5526011803546168,0.19590697084825803,False,applicant_pool
1983,0.493267793839099,1.1916714356246376,0.6121532625308872,False,applicant_pool
1984,-0.10753374426606396,-1.1871973989673668,-0.8786979541901055,False,applicant_pool
1985,0.5543300046323907,-1.3120000145777906,-0.8687654444585744,False,applicant_pool
1986,0.2306723023806257,1.2564189138576347,0.9688196964718231,True,admitted_students_file
1987,1.196339485370247,0.2739884728729994,0.558617051120402,False,applicant_pool
1988,0.07539954314606226,-0.22650524597978958,-0.25469547593005726,False,applicant_pool
1989,-0.16787406942631122,0.011123302881161038,-0.9248115040718218,False,applicant_pool
1990,1.0960642330571804,-2.3860414723640693,-0.4950234887596838,False,applicant_pool
1991,0.5803959648586033,-0.19056231445700128,0.37609151881178887,False,applicant_pool
1992,0.7318133943208879,-0.7530467391932236,-1.1453741960399242,False,applicant_pool
1993,-0.6645866722585968,0.9180716336150824,0.8598068870230646,False,applicant_pool
1994,-1.045262781398474,0.9950307783840061,-0.1560523737175517,False,applicant_pool
1995,-0.5677221432527015,0.5766802341299105,0.11905643643532278,False,applicant_pool
1996,-0.6208213856805886,0.39545864879914155,0.3887073914474894,False,applicant_pool
1997,0.7861992686529143,-1.4973467487202679,-0.2324762923917911,False,applicant_pool
1998,0.9759840502940518,0.5906430799968742,1.8339498456117314,True,admitted_students_file
1999,-0.15513028953240038,0.6293979455233839,0.10296711085035165,False,applicant_pool
2000,1.4309190188243524,1.2451926537687301,2.463573157544431,True,admitted_students_file
2001,1.3684693937651298,2.118209812430197,2.3523887164920874,True,admitted_students_file
2002,0.24339891640053923,-1.6925606735716086,-0.5866117450065111,False,applicant_pool
2003,-0.82189177154304,-0.38847682561821334,-0.5041991671962818,False,applicant_pool
2004,1.5753766494355401,-0.7422666371576447,1.4100327356973001,True,admitted_students_file
2005,-0.06101735102840823,0.17250718838507423,0.5774570557733384,False,applicant_pool
2006,0.1261651964309746,0.013401858218038697,-0.21934325069503371,False,applicant_pool
2007,-0.33960502560656863,-0.23408207308014561,-0.8217835449462578,False,applicant_pool
2008,-0.8897903262971976,1.0276043614011736,0.05475121950120162,False,applicant_pool
2009,-1.4686394303152919,-1.1014142111807836,-2.2026058757279223,False,applicant_pool
2010,0.6328683235572881,-1.0411214673926061,-1.0018990844213997,False,applicant_pool
2011,-0.7834010538966204,-1.0242252710980422,-2.6645938397551596,False,applicant_pool
2012,3.0595312289968235,-0.3603275874259869,0.6699984365409466,False,applicant_pool
2013,-1.086073582612479,-1.2285902159118463,-0.11474701626274464,False,applicant_pool
2014,-1.25738247498137,-0.048571488799270555,-1.3084202511982603,False,applicant_pool
2015,0.5101387156134412,-0.1654901946308669,1.5564437485134746,True,admitted_students_file
2016,1.5293134789672953,-0.78651511399908,0.7650271580382458,False,applicant_pool
2017,0.06458965694322165,0.8737662540561958,0.575100727004348,False,applicant_pool
2018,0.5722424201872743,-0.059500528286736874,-0.7171413520395141,False,applicant_pool
2019,-1.8435474174587096,1.0626473640318037,-0.5043168078242545,False,applicant_pool
2020,-0.6775115456917667,-0.19504985120443202,0.7573637288952315,False,applicant_pool
2021,-1.073615729137567,-0.02419488823135469,0.376768819521918,False,applicant_pool
2022,-1.895045849947881,-0.5627824046817108,-1.4056213086209295,False,applicant_pool
2023,0.11698023402388695,-0.007046540535484532,-0.7326109553660495,False,applicant_pool
2024,-2.2428276216104335,0.7122313061320464,-1.6649033467353582,False,applicant_pool
2025,-1.3221959660874487,-0.41133423227029803,-1.7236089193072577,False,applicant_pool
2026,-0.537193794013418,0.5184119625346643,0.8825002586927002,False,applicant_pool
2027,-0.8312858359510763,-0.8127469610457412,0.07358298722819989,False,applicant_pool
2028,0.3964085022070677,0.7590505655222095,0.88817337850134,False,applicant_pool
2029,0.30558019190248,-0.5799058273119273,-0.3904679678823483,False,applicant_pool
2030,0.8937987459354568,0.8516798732290504,2.2186584501196185,True,admitted_students_file
2031,0.7523837327126781,0.06097654243366502,-0.15631729976034525,False,applicant_pool
2032,1.1408127893613809,1.5209537333910634,1.766424569109345,True,admitted_students_file
2033,-0.0019184000090541567,-1.154067726254209,-0.42731478238882975,False,applicant_pool
2034,0.3034669008166697,-1.4761767733118683,-1.3662218421453587,False,applicant_pool
2035,0.5115137019191913,-0.6162172459755669,-0.5131972586105593,False,applicant_pool
2036,0.1416566973910257,-1.3846109480343132,-1.307536568349459,False,applicant_pool
2037,-0.3971943099170739,-1.3827348944282776,-0.16524518363281848,False,applicant_pool
2038,-0.3324425343397702,0.6215507604598759,1.5279774409180302,True,admitted_students_file
2039,-0.8175583983299655,-0.004178793412658349,-0.45377440346711284,False,applicant_pool
2040,0.4216168299098296,-0.47968097670425885,-0.22549470634633018,False,applicant_pool
2041,-0.09401517408515554,-0.3869625973054321,-0.7325243038991893,False,applicant_pool
2042,-0.6631737506367649,-0.5972376643263394,-0.8180450003107874,False,applicant_pool
2043,-0.6622448193245927,1.6503691678190437,0.25712560051564054,False,applicant_pool
2044,-1.2103987277827886,-0.7355057076430367,-1.332759052675441,False,applicant_pool
2045,0.9788413412371997,-1.3221338980832993,0.06612281415278148,False,applicant_pool
2046,0.07861766953178756,0.7960506174863278,0.2848153266085173,False,applicant_pool
2047,-0.8628000195732701,-0.2157556233478209,-0.8337728117285774,False,applicant_pool
2048,0.8085477496020183,2.0387736888178853,1.720940795422324,True,admitted_students_file
2049,-0.560448809794373,-0.5262056387941353,-0.9286197958908275,False,applicant_pool
2050,-1.4065006270122327,0.845984179756792,-0.6733492046273841,False,applicant_pool
2051,1.021222289219133,1.0821973305993051,1.9007603749377489,True,admitted_students_file
2052,-0.5370969895661131,-0.5213358322020036,-1.9274965544327856,False,applicant_pool
2053,-0.4088990902087895,-0.7429207679090358,0.353312993524298,False,applicant_pool
2054,0.04118002034917748,0.7413665309309047,0.6035258825741514,False,applicant_pool
2055,1.1425892227901149,0.5748919179139307,1.54337504464819,True,admitted_students_file
2056,0.020037290866311695,-1.4106101007109266,-0.3963178781947868,False,applicant_pool
2057,-1.1991171261452302,-1.1284356363047208,-2.008550707613868,False,applicant_pool
2058,0.5438770041121802,-2.5364300049480053,-1.9352104398687555,False,applicant_pool
2059,-0.48498972426172404,0.5953868539788023,-0.650830364941578,False,applicant_pool
2060,1.8879239715294662,-0.2618271931357455,0.8840152850759065,False,applicant_pool
2061,-0.0011197219978901704,-0.162150420975282,0.3833176911531582,False,applicant_pool
2062,-2.235035497898666,-1.6914440977018532,-2.9608451547949146,False,applicant_pool
2063,0.357364972155674,-1.0981023530893264,-0.05592714948206079,False,applicant_pool
2064,1.9445977922602284,-0.4779589125675662,-0.7042295814026087,False,applicant_pool
2065,1.5759202885453896,-0.672325600147821,0.31743950607574495,False,applicant_pool
2066,1.8309542887565653,0.11783607551763121,2.0837098941063217,True,admitted_students_file
2067,-1.0197601853814635,0.5834681266318139,-0.4032697405103271,False,applicant_pool
2068,0.9121523959767788,2.269612569285197,1.4877466821039675,True,admitted_students_file
2069,-0.7219945397367117,-0.020017030030925434,-0.9420977758452821,False,applicant_pool
2070,0.2242893994169245,1.1154026630969456,-1.2488159535137338,False,applicant_pool
2071,-1.2729524287397325,-0.8299727769797747,-2.0751627630060243,False,applicant_pool
2072,-0.6444557648827163,-1.6749463149753558,-0.7675423911489395,False,applicant_pool
2073,-0.6762466973636153,-0.35230164671012465,-1.076378360475293,False,applicant_pool
2074,0.8985552801426162,-1.5977217178742416,-0.7796392379264143,False,applicant_pool
2075,0.8007191216696554,0.014673167169103205,-1.1022635431802923,False,applicant_pool
2076,0.2768197293308208,-0.7804541245086651,-1.4689488120443923,False,applicant_pool
2077,-1.3504214180553855,-1.9542713867545856,-1.3150158981066542,False,applicant_pool
2078,-0.31163943394972,1.7360251458601772,1.3579565692048898,True,admitted_students_file
2079,-0.746116482942726,-0.5375617131053801,-1.7425981494388707,False,applicant_pool
2080,0.869675756694491,-1.6376193029441979,-0.9405639791635636,False,applicant_pool
2081,1.1781848528171845,0.8981717905072897,1.3292111780617601,True,admitted_students_file
2082,1.056385586030883,-0.7286143625392852,-0.6242381172401905,False,applicant_pool
2083,-0.7552194194170205,1.090166033690662,-1.1851854191816535,False,applicant_pool
2084,-2.739533122289479,-0.7333943346780494,-2.3688501182364985,False,applicant_pool
2085,-1.7669618981300543,-0.5408976902627972,-1.099282738934085,False,applicant_pool
2086,1.4216269780822084,0.3448317094770465,1.5624982707244837,True,admitted_students_file
2087,-0.4012549393198239,0.5932193807041102,0.7374430567792883,False,applicant_pool
2088,-0.7507246182651125,0.7684837373405985,-1.0759466558468105,False,applicant_pool
2089,1.642660293436234,-0.08974113872932903,1.0499287874383454,True,admitted_students_file
2090,1.2651599454883269,0.5286167215545834,0.9780388786175066,True,admitted_students_file
2091,0.02444872191978665,0.7456286069234205,0.4394957839000499,False,applicant_pool
2092,-0.2934030910639739,0.20056913856684971,-0.20858921266702682,False,applicant_pool
2093,-0.13210121281312523,-0.14265811326429617,-0.6409072883755849,False,applicant_pool
2094,0.22716279838746606,-1.4452949482311301,-2.904239215349305,False,applicant_pool
2095,1.600047281319608,0.5991741567799889,2.2427742491642095,True,admitted_students_file
2096,0.4224674242372267,0.04217369914115087,0.5330098460285077,False,applicant_pool
2097,0.7260290330391413,-0.41361585235070747,-0.8359342838280731,False,applicant_pool
2098,1.1692701090701714,1.27776636359166,1.921765864325119,True,admitted_students_file
2099,-1.169676001024419,-1.4278336329133157,-2.0014946269605565,False,applicant_pool
2100,0.7548618924740429,1.6440363153648863,1.266003213602893,True,admitted_students_file
2101,-0.29456875466161137,-0.022273278634465647,-0.743837542684773,False,applicant_pool
2102,-2.516095195772766,0.3175181785028984,-1.0532237303688288,False,applicant_pool
2103,-2.128169541985812,-0.39504411453027083,-2.199965376796793,False,applicant_pool
2104,-1.0181176115186856,-1.6670729125233301,-2.51315812089073,False,applicant_pool
2105,0.5312232285925814,-0.1396098984657797,1.0467700320066178,True,admitted_students_file
2106,0.11379956534029644,0.33474490689279257,0.16633692011480034,False,applicant_pool
2107,0.184366707175664,0.6762254464025941,0.45614442683132217,False,applicant_pool
2108,1.950943482686692,-0.1980331984389014,1.6241165689547299,True,admitted_students_file
2109,-1.2690896148598123,-2.192539841204418,-2.717369837034073,False,applicant_pool
2110,-0.027433354183723595,-1.5416613445826255,-1.3476187750509467,False,applicant_pool
2111,0.3044355228138156,2.052019623763294,1.7456965340811061,True,admitted_students_file
2112,-0.7362731165383355,-1.0925359837721156,-2.267690236926429,False,applicant_pool
2113,0.028326745082940964,1.4270494582392084,1.1007638648971474,True,admitted_students_file
2114,-1.599949334084345,-0.9340867374175955,-2.1761214679032186,False,applicant_pool
2115,1.4099062172750279,-0.18245590972786754,1.3966735146242582,True,admitted_students_file
2116,-0.6816145525304338,0.625208259599904,0.34600023839009186,False,applicant_pool
2117,2.031400164778503,-0.8201944465808737,1.07746756671098,True,admitted_students_file
2118,-0.03247432391745505,1.5922151357590542,-0.11103952629115055,False,applicant_pool
2119,1.0280535653991831,0.07572835806841098,0.6450814736322624,False,applicant_pool
2120,-0.05330286899115438,0.4608508462996698,-0.559180407039459,False,applicant_pool
2121,-0.03074383226052982,-0.2676070080191258,-0.2197327782656945,False,applicant_pool
2122,-0.5840293332220078,0.6587202870170907,-1.5721466538560132,False,applicant_pool
2123,0.11912392936627762,1.5787927398498625,0.025063247127821153,False,applicant_pool
2124,0.31799869441404743,-0.13128593762321436,0.9536868181021728,True,admitted_students_file
2125,-0.7842585089151799,1.7297127907492362,0.8728825063967289,False,applicant_pool
2126,-0.1250444158598842,-0.6115958083791179,-0.7264872389911183,False,applicant_pool
2127,-0.6100988660571137,0.76409603935171,-0.5360221632388682,False,applicant_pool
2128,2.2996640696148387,0.4891143362430499,1.0537282214966626,True,admitted_students_file
2129,-0.08973076991161853,-1.0685820726823694,-0.6127943191241242,False,applicant_pool
2130,1.5452321516965593,0.2138097046373318,0.902834589902387,False,applicant_pool
2131,-0.19562233080768832,0.0073659378503727856,0.9602863728998383,True,admitted_students_file
2132,0.25928764153490796,-0.8531921762768451,-0.5153725515895041,False,applicant_pool
2133,-1.3213640716452693,0.3580024341941265,-0.5850807197720693,False,applicant_pool
2134,-0.44707259186786463,0.14628954610851758,-1.1674614073823353,False,applicant_pool
2135,0.21053467078924676,-0.07258694730721668,-0.16282343736067817,False,applicant_pool
2136,1.5860038309598667,-0.06857746905868485,1.1102211187833586,True,admitted_students_file
2137,0.22198277767627117,-0.09001025892361937,-0.17516786066000706,False,applicant_pool
2138,1.3837203611929991,-0.3676996212463275,0.320473507463374,False,applicant_pool
2139,0.6407291102029202,0.13983409501498167,0.7362028213223624,False,applicant_pool
2140,1.6274013394646858,-0.6439142123637804,1.699642929708281,True,admitted_students_file
2141,-0.059042217305055426,2.6568094914699993,1.7900272874226928,True,admitted_students_file
2142,2.390222710651804,-1.4093332454653158,1.438508550802414,True,admitted_students_file
2143,-0.485396202914123,-0.584736077234459,-0.26046431783343077,False,applicant_pool
2144,-0.766461834197669,-0.5057421045769407,-0.06788519793600101,False,applicant_pool
2145,-1.2100528496890341,2.0404934143245375,0.11298242067043074,False,applicant_pool
2146,2.3310246715580702,-1.3201346499774993,0.5122292675382899,False,applicant_pool
2147,0.8194475726178976,0.4259222979861098,0.6675489163573396,False,applicant_pool
2148,-0.33412073338030845,0.24839406504653988,0.3266717311778335,False,applicant_pool
2149,1.249022696873495,0.33360230467454804,1.5833952265545328,True,admitted_students_file
2150,0.687692185117782,1.2363431626109402,1.3381623098019935,True,admitted_students_file
2151,1.9661274713755903,1.2158293597470884,2.6819665443928464,True,admitted_students_file
2152,-1.5478328327399113,-0.4509568265201174,-1.6935453124059798,False,applicant_pool
2153,-0.26536010831425455,0.1940174494939909,0.5733915587962161,False,applicant_pool
2154,-0.46252138394282544,-1.864102032152144,-0.8012386109316229,False,applicant_pool
2155,-1.9736826764086015,0.09909300852192908,-0.7442358419790727,False,applicant_pool
2156,1.060327204779694,-0.7939894278319191,0.2670384034529029,False,applicant_pool
2157,-0.2703965558033584,-0.1863824259605165,0.2024199945369578,False,applicant_pool
2158,0.7396312049865622,-1.6853718648166949,-1.240534554556529,False,applicant_pool
2159,2.3597719343296117,0.4048722867190754,1.9358723287337924,True,admitted_students_file
2160,-0.3532436918276083,-1.6965686955756079,-1.122020718034505,False,applicant_pool
2161,-0.4211529826571552,0.14828460679158642,-1.1080254085186592,False,applicant_pool
2162,0.11866416972399602,-1.2265055930225495,-0.38788794808639526,False,applicant_pool
2163,0.9872473529834096,-0.8496410351358846,-0.7847290013763794,False,applicant_pool
2164,-0.5667130253101499,1.1547321025451627,0.08266959166615656,False,applicant_pool
2165,-0.6309615971321306,0.587917945913622,-0.00014570179862165647,False,applicant_pool
2166,1.0571892702413659,1.149203137670543,0.9226395958997763,False,applicant_pool
2167,0.37863932383803556,1.5597271325012902,1.3177260236547845,True,admitted_students_file
2168,-2.0447282630048207,-0.7728387071397649,-1.7848286372886266,False,applicant_pool
2169,-1.2253917994691081,1.4989716624408718,-0.3963002366195423,False,applicant_pool
2170,1.5012358638272103,-1.4655056561789015,0.42080675614843227,False,applicant_pool
2171,0.4019282830788125,0.7461003345449032,0.21130904914105308,False,applicant_pool
2172,-0.762195931037249,-0.4933377145999715,0.7854851926500926,False,applicant_pool
2173,-0.17040965723498214,-0.9303001426393164,-0.7920965462497173,False,applicant_pool
2174,0.013236672801670204,0.6144698673044425,-0.4118966504240493,False,applicant_pool
2175,0.7357333602801638,0.9449515251692131,0.4034059391924546,False,applicant_pool
2176,-1.3582633948587894,0.9152683866465448,0.5153595699508517,False,applicant_pool
2177,-0.8409491386704581,0.21485988889479202,-0.6933641671571007,False,applicant_pool
2178,0.27295575486338886,0.13195730132923905,-0.6914411789557696,False,applicant_pool
2179,-0.09983458049545033,0.5268665856999025,0.8751697263723306,False,applicant_pool
2180,0.5718591826367099,0.30376407551719103,0.27825339635537766,False,applicant_pool
2181,-1.2295073973595978,0.5413558395859803,0.010095145230694436,False,applicant_pool
2182,0.3571286762713211,0.20399946111071426,1.019629507257612,True,admitted_students_file
2183,1.0915836193774722,0.8427838245063638,1.4494633156904746,True,admitted_students_file
2184,0.4868185471492834,-1.6272078065504278,0.9358821583689892,False,applicant_pool
2185,0.13911173976159188,-0.13127347508638623,-1.202224873014373,False,applicant_pool
2186,-0.09588360256597088,-1.3838464938455861,-1.5343896153577778,False,applicant_pool
2187,-0.8348511527715018,0.27670201760488466,-0.5419619410810712,False,applicant_pool
2188,-0.07199859243978847,1.6419301758536977,2.603276999244726,True,admitted_students_file
2189,1.259705852880406,-0.47408478194696846,1.7692554251782826,True,admitted_students_file
2190,-0.11902850660012523,0.12725203029721524,0.9074288975788497,False,applicant_pool
2191,-0.8898039893484101,0.7564867149216389,-0.6425429868995385,False,applicant_pool
2192,-0.4922470887653863,-2.0677229317665247,-2.138240831185043,False,applicant_pool
2193,0.20085029727593015,-0.5221104821441878,-0.7888111447626853,False,applicant_pool
2194,-0.37351399718084694,0.36451565927285023,-0.5542477412687318,False,applicant_pool
2195,0.4853032830631407,-2.896994725657275,-0.5227062125930055,False,applicant_pool
2196,0.5228437607490304,-0.9768084930749713,-0.4657140623889523,False,applicant_pool
2197,0.8889831804046482,1.1008579733812893,1.2153480347100998,True,admitted_students_file
2198,1.4235594722650329,1.0029969004507249,2.1193323931116446,True,admitted_students_file
2199,0.9958587243723608,0.37431822737010023,-0.2738545631911824,False,applicant_pool
2200,-0.9342390641479599,0.8821976399431775,0.003025149155288835,False,applicant_pool
2201,-0.9035344465762722,0.2151042344214637,-1.21528984797167,False,applicant_pool
2202,-0.07577147645982442,0.5553949074423146,0.1056647857477957,False,applicant_pool
2203,-0.4511753572394145,-0.31565370884061383,-0.9089333787234672,False,applicant_pool
2204,-1.1383267269609427,0.11581268292209276,-1.1112206508471323,False,applicant_pool
2205,-0.44169179417299426,-0.6323703864158223,-0.5402331526882754,False,applicant_pool
2206,-0.474512933619039,1.2634833441823135,0.6676801485408864,False,applicant_pool
2207,-0.6718477397612058,1.5215594095022018,0.398438172867858,False,applicant_pool
2208,-0.3157894861550056,1.3799128006970733,0.9511591945461534,False,applicant_pool
2209,1.178450850318331,-0.4081087616778623,-0.10730782098117975,False,applicant_pool
2210,0.19923804124923924,-0.9537740393650874,-0.013338290447702184,False,applicant_pool
2211,2.4718090760554694,1.2769736607501632,2.2923694634133374,True,admitted_students_file
2212,0.17050818601964934,0.5439072025914127,0.12580550910066235,False,applicant_pool
2213,-0.29006577393725175,0.32858434152364246,-0.531294099260933,False,applicant_pool
2214,0.004132882654866092,-0.6336320849451457,-0.5781527038153589,False,applicant_pool
2215,0.25649197844354,0.4256638126367649,1.7528487439943439,True,admitted_students_file
2216,0.43525395717106363,-1.085278059661935,-0.4668353056908791,False,applicant_pool
2217,2.0767113258590237,0.6340623560790319,0.9609204179593289,True,admitted_students_file
2218,-0.8453204649775686,1.3788866996062104,0.9899913992581495,True,admitted_students_file
2219,0.8590460581777356,1.6310455439079523,1.288209636301469,True,admitted_students_file
2220,0.20775059761412384,0.708524054109816,0.7942098266672903,False,applicant_pool
2221,-1.5710977425706176,-1.3820215496211217,-2.3434899252232353,False,applicant_pool
2222,0.7706987820947633,0.19733013094602156,1.525760114776729,True,admitted_students_file
2223,1.2676235608039048,2.139681744057713,1.801216618507877,True,admitted_students_file
2224,-0.8571764037774298,-0.8686115904422842,-0.14326161123853887,False,applicant_pool
2225,-0.008933867891970693,-0.05918157291021701,-0.7787574456915725,False,applicant_pool
2226,-1.7253542620077036,1.4135243518009772,-0.4077239116352078,False,applicant_pool
2227,-1.2588064596843365,0.6171339220735854,0.5629099006877585,False,applicant_pool
2228,1.0480295776172526,2.4801563244851046,2.4110427937134693,True,admitted_students_file
2229,-0.4664165060074345,-0.7328693832285884,0.8104903312605279,False,applicant_pool
2230,-1.1088029749380393,-0.9897557857408219,-1.5524615089078717,False,applicant_pool
2231,0.22946036445842968,1.2241254358351739,1.124760767263314,True,admitted_students_file
2232,-0.5224124314310232,-1.195878628271536,0.21671530162750896,False,applicant_pool
2233,-0.4708216577755361,-0.1967679888175363,-1.4936795220050847,False,applicant_pool
2234,0.7393260256749032,-0.06564654485957652,-0.7085333606971138,False,applicant_pool
2235,-1.1617333589343466,1.035989473385922,-0.6385892496530616,False,applicant_pool
2236,-0.9053652126818322,0.6142679680252469,0.38014767360454743,False,applicant_pool
2237,0.15407999214886864,0.45706491417686257,-0.7296516392206318,False,applicant_pool
2238,0.9694097907482053,-0.40243087790166676,0.7864706329436639,False,applicant_pool
2239,1.2381603014898497,1.215004019081943,1.9632514945138908,True,admitted_students_file
2240,-0.665061720361623,4.0258240427272645,3.5945686727790367,True,admitted_students_file
2241,0.9373769669196479,0.6912820989229157,1.7904678406563272,True,admitted_students_file
2242,-0.7841422934704089,0.09967220754683649,-0.190070389601879,False,applicant_pool
2243,1.8262093469068,-1.2978629709921605,1.2948181989515877,True,admitted_students_file
2244,-1.1337710254197284,-0.6374814493171534,-0.7740813497985664,False,applicant_pool
2245,1.328478810791731,-0.21371023394730407,0.40255053670983604,False,applicant_pool
2246,-0.6564861068187239,-0.5346002402671326,-1.57543016954001,False,applicant_pool
2247,2.0132464547946003,-0.01607783452684818,0.8996036805888823,False,applicant_pool
2248,0.5913207288524843,1.7780160768072877,1.5120172114958694,True,admitted_students_file
2249,-1.016016529408222,1.2471669173692341,0.2727606359193806,False,applicant_pool
2250,-0.5222384795425068,-0.15883271646825428,-1.9373331960677258,False,applicant_pool
2251,0.7811812052237417,-1.2082799446658605,-0.4313064150841732,False,applicant_pool
2252,1.0526444176155614,1.337367642902413,1.5735150780212948,True,admitted_students_file
2253,-0.07071559172446261,-0.049054273461364435,0.3054257990451007,False,applicant_pool
2254,0.044658280963466405,-1.726500425602355,0.045563223739167436,False,applicant_pool
2255,0.7583530326440655,0.7124301184930362,1.0859665230508049,True,admitted_students_file
2256,0.13179842701081995,1.0256866842334653,0.11567130893538269,False,applicant_pool
2257,-1.2935048593383758,-2.425908404934669,-3.69027419029851,False,applicant_pool
2258,-0.8129740246401806,-0.8245546421329034,-0.5834859627238373,False,applicant_pool
2259,0.23511994315166507,-0.11045401130771397,-0.527328295935621,False,applicant_pool
2260,1.2154824164976936,0.7345109113086175,1.874281547087045,True,admitted_students_file
2261,1.6159824241620477,-0.5157465846241712,1.6933474022134178,True,admitted_students_file
2262,0.7795294207714503,-0.8321419019739364,-1.1150504489670376,False,applicant_pool
2263,0.28729076103636375,0.7271692496802824,1.0471237980970938,True,admitted_students_file
2264,0.748813885982477,-0.4683223733141591,1.0871551704719475,True,admitted_students_file
2265,-0.6667508502068556,0.5420546505486971,0.6322749979183941,False,applicant_pool
2266,-0.15323096025821417,-1.1115156549745906,-2.289550905738642,False,applicant_pool
2267,-0.8241307213394766,-1.3523330192363985,-2.012257862729912,False,applicant_pool
2268,-1.2487426107077115,0.755269157570397,-1.2168840985645506,False,applicant_pool
2269,0.33354901163620493,0.2525199103172139,0.7473757278726578,False,applicant_pool
2270,0.1855133065847436,0.9224557332362071,1.0095085123234662,True,admitted_students_file
2271,0.6876524845090128,-0.5325930009214418,-1.7877356502265165,False,applicant_pool
2272,0.5461118308924472,-0.7951053024797451,-0.37242789146123273,False,applicant_pool
2273,0.24264427132386202,1.3607188875409106,1.602689934500877,True,admitted_students_file
2274,0.5566166656775543,-1.5229587639944702,-0.5245391700491098,False,applicant_pool
2275,-0.04268309622747663,1.2514607091806247,0.8880922920694492,False,applicant_pool
2276,0.4128913952224006,1.3205047074823832,0.8712118860550122,False,applicant_pool
2277,-0.7261444026863596,0.8600895142660753,-0.6541943362254596,False,applicant_pool
2278,0.3697059256391301,-0.6878075170104481,-0.21870511111469543,False,applicant_pool
2279,0.6684176852860094,-0.8165238367253593,-0.05980358257099039,False,applicant_pool
2280,-0.6696814280722031,-0.21005577299819952,-0.14115101646269285,False,applicant_pool
2281,0.05183209899284673,-1.2950396768313994,-0.32053497858823604,False,applicant_pool
2282,-0.6236025096293596,-0.9616939987535967,-0.9703397370346528,False,applicant_pool
2283,-0.5265066965161149,0.644734291509046,0.8432837919547872,False,applicant_pool
2284,-1.1249293551021546,0.6493491142241571,-0.571574424265738,False,applicant_pool
2285,1.2657749251665555,-1.0495748265349563,-0.8702871348052738,False,applicant_pool
2286,1.0656851747200478,0.6761219353000746,1.4661121901058236,True,admitted_students_file
2287,0.5374338542273371,0.4543033057398061,0.7330948420511214,False,applicant_pool
2288,1.972195951943814,1.5098862545771035,2.611205495214501,True,admitted_students_file
2289,-0.18924569656839169,0.5691364418675215,-0.6381869593536149,False,applicant_pool
2290,3.0317624151106344,1.058581053734378,3.9122805167769896,True,admitted_students_file
2291,-0.22752941536322038,0.47707759093021124,0.659558003683093,False,applicant_pool
2292,0.25519335175601643,0.9799291096971879,0.6012317762451946,False,applicant_pool
2293,-0.39777791394020817,-1.287117156567775,-1.7499989980054407,False,applicant_pool
2294,0.372325560060305,-0.1217444571109134,0.9168851042196787,False,applicant_pool
2295,0.8356149278862445,-0.038982768227529795,-0.25342794366653487,False,applicant_pool
2296,-0.11391639305308393,-0.2437499469352824,1.3504722563620106,True,admitted_students_file
2297,1.7767198471176207,0.4438866303167256,1.0141507524027935,True,admitted_students_file
2298,0.23914928463346072,0.634379654495751,1.7721474606579153,True,admitted_students_file
2299,0.2704853861101991,0.3922570770711484,0.30165095151697474,False,applicant_pool
2300,-0.9089976945137175,-0.17694388122133783,0.4006606719464296,False,applicant_pool
2301,0.4184990745503845,-0.735730079845125,-0.7206081082201424,False,applicant_pool
2302,-0.1340272208093656,1.097186074156234,0.6392387196581544,False,applicant_pool
2303,-0.6082397293372869,0.34973281661383504,0.3952950378491528,False,applicant_pool
2304,-0.7764744081483639,-1.0186138583994084,-0.7033533775689764,False,applicant_pool
2305,2.671763379756685,-0.19368754164962376,2.3812825783301084,True,admitted_students_file
2306,-0.2634772501790354,-1.7432996777073613,-1.645635483487253,False,applicant_pool
2307,-1.4569854207812678,0.035370614347442896,-0.8646837631871186,False,applicant_pool
2308,-0.6982214597325725,-0.19837994259859598,0.29108109168339025,False,applicant_pool
2309,-0.051567839476213594,-0.5744669503553378,-0.9006014645937743,False,applicant_pool
2310,0.546667032616485,1.5846001898035293,1.7861024373558907,True,admitted_students_file
2311,0.5547965217253135,-1.1561541195421123,-0.5442946064253444,False,applicant_pool
2312,0.6766145517765254,0.7063929516823354,1.0430667518560832,True,admitted_students_file
2313,-0.6448603066373296,2.1867081609318735,1.0613862567815673,True,admitted_students_file
2314,0.34044044350154545,1.077267903716688,0.3697122201423769,False,applicant_pool
2315,-0.8760594641105784,-0.03153878209776703,-0.772424094521138,False,applicant_pool
2316,-0.6196429830140117,-1.1340686394233275,-1.0384599781305763,False,applicant_pool
2317,-0.9177089745002595,-1.3620621765844554,-1.553758047303555,False,applicant_pool
2318,-1.1883888545982695,-0.411551694957522,0.06095380764470271,False,applicant_pool
2319,1.0642094888580087,-0.6870007339139083,0.952154580485118,True,admitted_students_file
2320,0.6886117009788877,-0.7195469089581323,0.1828784637589386,False,applicant_pool
2321,0.9766653699781299,-0.3263134554712441,-0.11147358347417569,False,applicant_pool
2322,0.03931306602429631,-0.10224709288568688,-0.6177232817884711,False,applicant_pool
2323,0.7768076988651466,0.4852119476452963,2.2019804949280752,True,admitted_students_file
2324,-1.761289404642545,-1.2377962194624292,-2.656325460918769,False,applicant_pool
2325,0.8630875180453551,-0.68224379613305,0.1972501519483651,False,applicant_pool
2326,0.1771198300050302,-0.15967208282248133,0.2640051357127323,False,applicant_pool
2327,0.6271096001491656,-0.19548519342326906,0.06262930833351857,False,applicant_pool
2328,0.38002329904861315,1.8364237074134229,0.7391479189961719,False,applicant_pool
2329,-0.9870551545368866,0.2322465927238575,-1.0400532124830097,False,applicant_pool
2330,-1.4980397753910466,-1.6135898119594245,-2.4051127333906264,False,applicant_pool
2331,-0.7120541661829632,0.4181813615867647,-0.6876623313559744,False,applicant_pool
2332,0.5649172812729122,0.5456637227439788,1.6512819278376303,True,admitted_students_file
2333,0.6900914151753954,-0.12512802824473812,0.3608380060740871,False,applicant_pool
2334,-1.3679422773818628,-1.2133966744092013,-2.0445310894675206,False,applicant_pool
2335,-0.9810993674682146,1.7580546953134628,0.579891593806455,False,applicant_pool
2336,-0.7232356859408393,-1.0698839135812572,-0.6979586059829228,False,applicant_pool
2337,-0.3573050602668157,0.6607722064159335,-0.04398014924337934,False,applicant_pool
2338,-1.3620508308526522,0.20005052906393525,-0.12391328953952552,False,applicant_pool
2339,-1.4220517661401326,0.60081054902977,-1.4236095331713268,False,applicant_pool
2340,-0.8218352964075539,1.70685792416733,1.3951772505253444,True,admitted_students_file
2341,0.08625383622500567,0.5616388721410351,0.41486362259737203,False,applicant_pool
2342,-1.1805943397534906,-0.558664227043533,-1.1641267146442753,False,applicant_pool
2343,-0.11580350997176611,1.105992275127961,0.15851267022612975,False,applicant_pool
2344,1.0585528161418154,-0.6310994500441196,-0.5816504033958871,False,applicant_pool
2345,-1.30177973741351,0.16355801139526788,-1.906514476982631,False,applicant_pool
2346,-0.20644575841053947,-1.2930836080157901,-1.5086377564419644,False,applicant_pool
2347,1.0247567337507726,-1.0332812273367524,0.40583033359075976,False,applicant_pool
2348,-0.4182683903638093,0.05138667043618637,-0.9113680135662182,False,applicant_pool
2349,-0.5736696908584189,0.3680867085808721,-1.2175426684874218,False,applicant_pool
2350,1.1634958143064738,-1.7023906226910304,-0.9866273430364123,False,applicant_pool
2351,-0.30620207897154783,0.49728736800066425,-0.14517788438409493,False,applicant_pool
2352,1.1044950252055679,-0.8194289765982975,-0.056557924268921256,False,applicant_pool
2353,0.4289653911271988,1.2796880156711665,1.0203996786490022,True,admitted_students_file
2354,-0.34284465290983673,-0.35196442882450824,0.27119853910899056,False,applicant_pool
2355,0.47969053059753036,-1.1236222695499858,0.45592247634494637,False,applicant_pool
2356,0.3204495138460378,0.07580455795925227,1.6613889004459639,True,admitted_students_file
2357,1.020882821002474,-0.9162350010787254,-1.0694140387385611,False,applicant_pool
2358,-0.5483455378650185,1.2689451414331256,-0.13072900191616454,False,applicant_pool
2359,0.041206066781619685,0.000530207533099717,0.5160681882463954,False,applicant_pool
2360,-0.061515679604637406,-0.1516766230932871,-0.4563968476211685,False,applicant_pool
2361,0.7041481416397848,0.5918010189310079,1.4449174832654776,True,admitted_students_file
2362,-1.0251791944441757,-1.004947439200293,-1.1746029107885259,False,applicant_pool
2363,1.016977048237856,-1.2891536553285141,0.9285281524168314,False,applicant_pool
2364,0.4663287721704166,0.40835157944163697,1.298443508300715,True,admitted_students_file
2365,-1.3169250736329463,-1.099670708008809,-0.8280756194758541,False,applicant_pool
2366,1.2082628254805003,-1.1000101537494567,-0.21794588946040871,False,applicant_pool
2367,2.2340930807977313,0.8367560312208876,1.927829330634312,True,admitted_students_file
2368,1.0018339695494078,0.5250641099839399,0.7788063313995269,False,applicant_pool
2369,1.4269847672264693,-1.2538295424529113,-0.941573604452122,False,applicant_pool
2370,0.0853713816025881,-0.6191360429413364,0.6832914489766866,False,applicant_pool
2371,-1.66150491973851,-0.90373155594632,-1.1456325930048912,False,applicant_pool
2372,-1.8441204511675249,1.7763192980405802,-0.2855897363891705,False,applicant_pool
2373,0.25508204386775846,0.9060104275706085,1.6679248616569198,True,admitted_students_file
2374,-0.59197880772998,-0.420844846005274,-1.0995927276509239,False,applicant_pool
2375,-0.9145762783273513,0.5761946893434926,-1.506642160758201,False,applicant_pool
2376,-0.06274668396867535,-1.3561861859308293,-0.2171475384091479,False,applicant_pool
2377,0.6155852878612882,-0.6726461511894929,-0.9320817243445311,False,applicant_pool
2378,-1.4527575467621472,0.10486326594188623,-1.013174108469958,False,applicant_pool
2379,-0.4488776202803848,0.45223074914591294,0.1464656623112254,False,applicant_pool
2380,1.5098706831203152,-0.09745912551344407,1.1878932537615996,True,admitted_students_file
2381,-1.0752883802213746,0.24801351071422595,0.0561520741630106,False,applicant_pool
2382,0.8697611871649563,0.07833645995312626,1.022859469014012,True,admitted_students_file
2383,-0.4847307615489939,-0.16357740202231738,-0.036475537727933605,False,applicant_pool
2384,0.5457937598499527,-0.2961455921908937,-0.39125493846115555,False,applicant_pool
2385,1.0973275072028672,-0.4262648726777842,0.642161202528664,False,applicant_pool
2386,0.7412817669850216,0.23193750862858806,-0.4212924498862278,False,applicant_pool
2387,0.9091596022138765,0.41081558919945615,1.9514802633356467,True,admitted_students_file
2388,-1.1515935334079561,0.19835916731883396,-1.6013977146306861,False,applicant_pool
2389,1.1136597067412988,-1.1785970500010596,-0.28471716024828586,False,applicant_pool
2390,-0.8526931146348199,-0.9989278511431876,-2.1267655950744535,False,applicant_pool
2391,0.2595417655715384,0.39888180594806727,-0.08314107861821274,False,applicant_pool
2392,0.2582461869972269,1.4716733006708778,1.1338475577867038,True,admitted_students_file
2393,0.48512255886958094,0.15241546155875524,0.04426904431721723,False,applicant_pool
2394,0.33695667606019053,-0.4116684124769942,0.7524097520310127,False,applicant_pool
2395,-0.8438099785247232,0.22434045544277556,-0.24382447882930855,False,applicant_pool
2396,-1.3498674122957162,-1.1368214225134285,-1.9403845530859591,False,applicant_pool
2397,0.8723486799617686,1.3089431565364635,1.3243323427420186,True,admitted_students_file
2398,0.18583457751891555,0.1865941445080283,1.0958689892566684,True,admitted_students_file
2399,1.1493768409578178,-0.6694572132105483,0.9481573763348514,False,applicant_pool
2400,-0.04473293418786798,-0.16679546609287513,-0.9346330859932708,False,applicant_pool
2401,-1.4051643606769604,-0.5270362320636157,-1.732386585179098,False,applicant_pool
2402,0.9661296810041061,1.3116699768168338,1.8129226506626708,True,admitted_students_file
2403,-0.370370609661107,-0.20224008944705912,-0.1248403442013803,False,applicant_pool
2404,0.3420034574210212,0.15536574611559287,-0.4119770966803348,False,applicant_pool
2405,-0.6474594284795192,0.5737264566512917,0.4764621808262886,False,applicant_pool
2406,1.6443017102336905,-0.7407666037645421,-0.036314078925530624,False,applicant_pool
2407,-0.8765648241831969,0.19370946613515708,0.4688227589682132,False,applicant_pool
2408,-0.33742975410617465,0.2744355693942098,0.3296681893119578,False,applicant_pool
2409,0.10744870269731638,-1.5540788210206211,-1.732656692362153,False,applicant_pool
2410,-1.0921823270869582,0.25269648877761,-0.9160194859254647,False,applicant_pool
2411,0.33051952858759515,-0.04576206494313917,-0.19743007880114039,False,applicant_pool
2412,1.6119104774674902,0.12996629211599667,1.2441336051408982,True,admitted_students_file
2413,-0.49046216069371046,0.03562971349056658,-0.43842491929078686,False,applicant_pool
2414,0.3951428190317255,0.25916987295008204,-0.3765389895790734,False,applicant_pool
2415,-2.7494353860385554,1.337343225676158,-1.8938413065913613,False,applicant_pool
2416,-0.03892920048484066,-1.1795074120851095,-0.4076674640919647,False,applicant_pool
2417,-0.31304228592620537,-0.3421523355004201,-0.2255106987323924,False,applicant_pool
2418,-0.8184976024103849,0.6666186289628364,-0.0248450426973843,False,applicant_pool
2419,1.081450469628532,0.48092586772791107,1.2050569205540107,True,admitted_students_file
2420,-0.32624368162382816,0.45940555334208416,-0.34668818665065815,False,applicant_pool
2421,-0.17747748709358746,2.7535772156733374,1.803259474019438,True,admitted_students_file
2422,-0.37719287478907115,0.6141355241167059,1.9309666175519498,True,admitted_students_file
2423,-1.9168158717650765,1.1309377962550249,0.31137623544146664,False,applicant_pool
2424,-1.131986440076961,-0.30707205885250843,-1.1372739399760412,False,applicant_pool
2425,0.9610934861202163,-0.9929123738972822,-0.38704250002596086,False,applicant_pool
2426,-2.109950646879972,-0.3143174292336339,-3.5780818277179405,False,applicant_pool
2427,-0.7663153496157056,0.7119601713434042,0.7127550412122927,False,applicant_pool
2428,-0.3997200562897638,0.4068278548291754,0.5552438166929864,False,applicant_pool
2429,1.7436218672915653,0.4032513705988798,1.0147880261352444,True,admitted_students_file
2430,0.768603765496369,-0.21434438679712778,-0.6419267818594824,False,applicant_pool
2431,-0.5571705270530996,-0.37380261881297533,-1.4138197550457567,False,applicant_pool
2432,1.304513697115551,-0.17985724429327782,1.0421051980700735,True,admitted_students_file
2433,-0.7405158205011196,0.7244754501652129,-0.07296475428209942,False,applicant_pool
2434,1.0090998037340055,0.8407274281704181,1.6865021130629725,True,admitted_students_file
2435,-1.3588772459230156,-1.0062416496712276,-1.4768170852785298,False,applicant_pool
2436,1.0732578317891572,0.7623425594314492,1.8698714367749334,True,admitted_students_file
2437,-0.4061336454709856,-0.6507212307562297,-0.4282530712731171,False,applicant_pool
2438,-1.0285042409412697,0.46892165184105333,0.21642808319733597,False,applicant_pool
2439,-0.21714361307631405,-0.19196574246248815,-1.7286994687455774,False,applicant_pool
2440,0.27734417972021486,1.5657885492389845,0.3339943744752576,False,applicant_pool
2441,-0.49474843052571216,-0.4180746289811456,-0.8483811576007967,False,applicant_pool
2442,0.5539535059953238,0.17861184089478324,1.231865624908739,True,admitted_students_file
2443,-0.5829938836640675,0.6065931575594277,1.3317103362794018,True,admitted_students_file
2444,0.6203723939313579,-0.8739588501228821,-0.27979624419530524,False,applicant_pool
2445,0.44222206203659953,-0.07285705542694518,-0.18801879042545067,False,applicant_pool
2446,-0.06092305470793503,-0.2665848846231373,-1.5813581415456592,False,applicant_pool
2447,-0.4413823123659498,-0.5138134834059732,-0.01638263240053528,False,applicant_pool
2448,0.15154079576526616,-0.4397230014832396,-0.5724518363528166,False,applicant_pool
2449,0.5502537430336992,1.1120145981367944,3.151308690311529,True,admitted_students_file
2450,2.0617991527316084,-0.5985507347603333,0.43352872765716965,False,applicant_pool
2451,0.939420421798181,0.5664078826716058,2.4524809657078266,True,admitted_students_file
2452,0.9759899498158413,0.31459500203114427,1.3627373872117676,True,admitted_students_file
2453,3.0885121948602836,-1.3969801157751758,0.3797107718803635,False,applicant_pool
2454,0.5159584767678441,0.5191694384264413,0.8353337969267961,False,applicant_pool
2455,0.4846435113117023,-1.4135132097576943,-0.0637989354045686,False,applicant_pool
2456,0.7040150743216541,0.6280918281651601,0.708192951854821,False,applicant_pool
2457,-1.0089659775882531,-0.5071916431308481,-0.39891455608080684,False,applicant_pool
2458,-0.4439016364187562,0.008367253256452208,0.2880726624885644,False,applicant_pool
2459,-0.506169266692334,-1.2942799496263389,-0.7528550401912455,False,applicant_pool
2460,0.6476139772195617,0.12238232360481602,0.4889662379025916,False,applicant_pool
2461,-0.17417456222119868,0.9269504179706196,-0.33315375627716487,False,applicant_pool
2462,0.1382234254743028,-0.8069654280226208,-0.4884320644890702,False,applicant_pool
2463,1.0874546201484645,-0.607167086144011,0.43543216170398485,False,applicant_pool
2464,0.8631507387041388,0.45462102356748946,-0.45668396424991853,False,applicant_pool
2465,-0.16172100304124704,0.47961832364693924,0.3250979795876406,False,applicant_pool
2466,-0.6699950968782225,-2.4341792984085067,-2.0854742423034742,False,applicant_pool
2467,1.1352747316531886,2.0154063637827733,1.1403044624839072,True,admitted_students_file
2468,0.7738911809098658,0.5285534835483313,0.6134845584135984,False,applicant_pool
2469,-1.6062568182953822,0.6969186624529615,-0.8093622440815826,False,applicant_pool
2470,-0.3131539389082808,-0.14354044666201693,1.0542148228246995,True,admitted_students_file
2471,0.1655154620167624,-1.8553535085522448,-0.9443118879239067,False,applicant_pool
2472,0.7788297171210313,0.67472206125024,1.6700403318615455,True,admitted_students_file
2473,0.9101014949397712,-0.5651880282308862,0.14172304021732124,False,applicant_pool
2474,0.2839060011754735,0.5439316941833399,-0.7736470598013299,False,applicant_pool
2475,0.585247531358856,-0.21880107026272877,0.7088294938876191,False,applicant_pool
2476,0.06413680237815363,0.2380393791163774,-0.26431619273983376,False,applicant_pool
2477,-0.6738516881805606,-0.7749963814092447,-1.1766713362249108,False,applicant_pool
2478,-0.261264391041254,0.8643889426789316,-0.3450489158163388,False,applicant_pool
2479,0.018991186640108272,-1.1883790394576719,-0.7091645995864645,False,applicant_pool
2480,-0.034679250018589874,2.24556942533919,2.1827034670941066,True,admitted_students_file
2481,-1.8855729044434706,2.237948634987012,0.8819609007855402,False,applicant_pool
2482,-0.3974833349294312,1.6326995854665105,1.9132232182987168,True,admitted_students_file
2483,0.05620565308915186,1.2754789857745101,2.0751666358292584,True,admitted_students_file
2484,-0.281369991905701,-0.08454835823364099,-1.6699588887713288,False,applicant_pool
2485,-0.24682379551158573,1.1665467057472083,-0.23771450099723768,False,applicant_pool
2486,0.4879913708045874,-0.09617649827612768,-1.0110544376850883,False,applicant_pool
2487,-1.0789571870486339,-1.553517542245307,-1.2687572867683485,False,applicant_pool
2488,-1.6280422139512112,1.503201414030688,-0.5663037686077469,False,applicant_pool
2489,-0.3481697908366748,1.1288244629225053,0.16499930456503908,False,applicant_pool
2490,0.7641144055017897,-0.031339107655435385,0.32468574125091154,False,applicant_pool
2491,1.6875530394866385,-1.2251842573311502,0.5683391900645935,False,applicant_pool
2492,0.78212823909474,-0.5862006765789738,-0.9123718179692711,False,applicant_pool
2493,-1.4682637598688473,-1.8211455848875098,-3.019320497935493,False,applicant_pool
2494,-0.23236723937677117,0.9450808526179771,0.4641711931785586,False,applicant_pool
2495,0.2566343810815294,-1.6033089668641802,-0.03621632545059583,False,applicant_pool
2496,0.1775911169235922,0.28683087014667635,0.2840961093199153,False,applicant_pool
2497,0.539304552942874,-0.8436933477796882,-0.7520145111113516,False,applicant_pool
2498,-0.9170489464607607,-1.4267034449994767,-3.0271851306854995,False,applicant_pool
2499,0.06494308755074261,0.2383550932785717,0.8640167270812495,False,applicant_pool
2500,0.420322829776129,-0.3337993853120314,-0.45891191567167267,False,applicant_pool
2501,0.8256709533036595,0.8381891054253677,0.27830319714766283,False,applicant_pool
2502,-0.805718166612792,-1.267605268728707,-2.548387891493121,False,applicant_pool
2503,-0.345156867242898,-0.7573146454738222,-1.7239770510652441,False,applicant_pool
2504,-2.7038176800733402,-2.3876422084908913,-3.9822988818844474,False,applicant_pool
2505,-0.6214619675777742,-2.1843466823279227,-1.990969737774609,False,applicant_pool
2506,-0.524414892971043,1.7981924099785127,-0.01816380727760447,False,applicant_pool
2507,-1.019584508167443,2.083598244099669,0.8216045546392933,False,applicant_pool
2508,0.1656121502326517,0.09272620522395288,-0.004593486895878629,False,applicant_pool
2509,-0.05594543204526823,-0.8238287659065117,0.983541373760512,True,admitted_students_file
2510,-2.2592138775776114,-0.298448925490107,-2.8555910034688803,False,applicant_pool
2511,0.21550796930175647,0.8735742024863639,0.8209390128809455,False,applicant_pool
2512,-0.9283241307890274,-0.5143890198220461,-0.8159600555685279,False,applicant_pool
2513,0.48568895919051513,0.2376338670416892,-0.2512303456952712,False,applicant_pool
2514,-1.2818512477286654,-0.01275605048124964,-0.7748180656232224,False,applicant_pool
2515,0.03000653853094012,-0.568812670082858,0.18849207097595427,False,applicant_pool
2516,-0.2831633288865059,-0.5261927459918712,-0.4585374108804623,False,applicant_pool
2517,0.30310188495033036,0.29332087168550824,1.3567988111871814,True,admitted_students_file
2518,0.12469727765134685,-0.9768881363874414,-2.0783053908451987,False,applicant_pool
2519,-0.25516417502145444,0.45172934562351613,-0.4617960280705643,False,applicant_pool
2520,-1.5362723140442447,-0.47157895964918195,-0.2725640948390664,False,applicant_pool
2521,-1.4772079634610316,0.12736730464823023,-0.23897799494362582,False,applicant_pool
2522,-0.583886939092219,1.3839625661685588,0.8984073554860224,False,applicant_pool
2523,-0.00827988392958697,-0.16819204522695244,0.7485440306118707,False,applicant_pool
2524,-0.608247947199117,0.9198043401919923,-1.13907885964587,False,applicant_pool
2525,0.6252119305794656,-1.7920328558838285,-0.20150613754186153,False,applicant_pool
2526,-0.2792209192116837,-0.4703630136405947,0.2578295573396149,False,applicant_pool
2527,-0.9650127247795103,0.027688621076072818,-1.07035078373025,False,applicant_pool
2528,-0.27809629298790933,1.923330679206459,2.9098683335659157,True,admitted_students_file
2529,0.22585983631655238,-1.9599520832598905,-0.9897156856697297,False,applicant_pool
2530,0.3248847188245844,-0.09620986189277686,-1.3862996727503036,False,applicant_pool
2531,1.8783791319931293,1.456688850916263,2.4346845874447327,True,admitted_students_file
2532,-0.6689093400034194,-0.785020405266872,-1.4489563554182685,False,applicant_pool
2533,-0.07347866159040038,-0.21283881042567027,0.6293903349402166,False,applicant_pool
2534,0.4261239468194264,0.3317389850555395,0.8761717290926363,False,applicant_pool
2535,-0.023422959200815323,0.18450855372278024,-0.31383981415405643,False,applicant_pool
2536,-0.5006181459886532,1.5657704754544142,1.7440653569367717,True,admitted_students_file
2537,-1.5492571763442435,0.44847381007323184,-0.05789327389064014,False,applicant_pool
2538,-0.5108345590530156,1.3277728955142192,-0.04853407267768872,False,applicant_pool
2539,-1.073702412717801,-0.3600083573099114,-1.0383435569106065,False,applicant_pool
2540,-1.7266066811237784,-0.7405254112502966,-1.2417941065082927,False,applicant_pool
2541,-0.7956788416705864,-0.22572319301963548,-0.9188956064894793,False,applicant_pool
2542,-1.0470917207664545,-1.1591030933676016,-1.6681062118802148,False,applicant_pool
2543,0.5837865452929482,0.48351169621009515,0.7194513767621171,False,applicant_pool
2544,0.6010918374142937,-0.3858781127552457,-0.6061700877977914,False,applicant_pool
2545,-0.9038792895808748,-0.6717888999774754,-2.5871200602168054,False,applicant_pool
2546,-0.2602286305631211,0.4986584096210017,0.32237376002004875,False,applicant_pool
2547,-1.8582426621125354,-1.1437157779742886,-3.3435029505630656,False,applicant_pool
2548,-0.4943399501826941,0.7705022138557944,-0.5156216208137891,False,applicant_pool
2549,0.3989819007023456,-0.4783373884913608,-1.2916887183268602,False,applicant_pool
2550,0.8249378896141027,1.159096444094184,0.13571120347747434,False,applicant_pool
2551,-0.7130470816913138,-0.39273757822956723,-0.42031140706506864,False,applicant_pool
2552,1.0518548605275198,0.6319096665579241,0.9388312270634872,False,applicant_pool
2553,-1.5156919215134717,0.17956237377290588,-1.0493645248590542,False,applicant_pool
2554,-1.2476277991437925,0.7439018737144868,-1.2485531000658552,False,applicant_pool
2555,0.7096618656378763,0.10994689214762728,0.07365133037358457,False,applicant_pool
2556,1.6711212285632473,-1.6633974123432438,0.2685390919901335,False,applicant_pool
2557,0.4934319881836954,1.008793539242132,0.9399855071122374,False,applicant_pool
2558,-0.040342386534012425,-0.08768292245790726,0.4926553918846418,False,applicant_pool
2559,-2.1951837465222086,0.789516077354813,-0.23811957647066695,False,applicant_pool
2560,-2.0224470560434793,0.6902464768688565,-1.0424842772442524,False,applicant_pool
2561,0.12940953689586895,-0.7732964810113417,-1.7151010138194018,False,applicant_pool
2562,-0.35806266957117455,-0.9147954051752969,-1.3570091779315578,False,applicant_pool
2563,-1.105835182152118,0.655355101449004,-0.3611945490679083,False,applicant_pool
2564,0.06553258083005072,-0.3032490294105138,-0.698056627980181,False,applicant_pool
2565,0.11513136750780958,0.936429279466497,-0.05472252740032779,False,applicant_pool
2566,0.9444158685402726,-0.17820094286302327,0.5468663006466524,False,applicant_pool
2567,0.13660228301270078,1.0234097774482882,2.455220011212939,True,admitted_students_file
2568,1.2283943683343845,0.4233044842091017,0.7318726107278034,False,applicant_pool
2569,0.007994029548813363,0.2879749937141485,0.19041576837668284,False,applicant_pool
2570,-0.11533499480733611,-0.3740111987402744,-1.2365001398676387,False,applicant_pool
2571,1.0643121862471823,0.2324276140615166,1.7132616087297137,True,admitted_students_file
2572,-0.9784408800414345,1.1928527149527093,0.7516878230383248,False,applicant_pool
2573,2.8144474532661614,-0.05421545866331975,2.3581646941179892,True,admitted_students_file
2574,0.3752574781667358,0.5311744436838554,1.5410378171162058,True,admitted_students_file
2575,0.3808292528376731,0.046360076249706055,-0.02146588437956859,False,applicant_pool
2576,0.5250959739725976,0.12460404274542186,0.21061253697477733,False,applicant_pool
2577,1.8771364753316424,1.7234107569382986,3.537270673296116,True,admitted_students_file
2578,0.7925074116726066,1.2017300310395511,1.7391640098240935,True,admitted_students_file
2579,-1.6050559790039236,0.07940381519571835,-2.5451291814162462,False,applicant_pool
2580,1.4034703847675043,0.2144540879360341,1.3700255902032066,True,admitted_students_file
2581,-0.3408965794450173,-0.7018705035509689,-1.0849872464861088,False,applicant_pool
2582,0.10715507283932346,-0.17297154626495317,0.5859395695330009,False,applicant_pool
2583,-1.2792539721752665,0.309397787548615,-0.3446731914132019,False,applicant_pool
2584,0.5262020181238957,0.8506135895691279,-0.32344978981549377,False,applicant_pool
2585,-0.6513742900675522,0.749220896910919,0.2517814137950226,False,applicant_pool
2586,0.10016963799347375,-1.1092590559045103,-0.5084687125660485,False,applicant_pool
2587,-0.284099005360783,0.9769827306786314,0.704798161981952,False,applicant_pool
2588,1.9250128017358519,-0.08877367937755289,1.5964256258722105,True,admitted_students_file
2589,1.9822603001455896,-0.9869913556775379,1.6941009857794453,True,admitted_students_file
2590,0.046513170214741384,1.3363847374319215,1.1886059327003398,True,admitted_students_file
2591,0.06397771136885474,1.463278996737953,1.0087457826015502,True,admitted_students_file
2592,-0.37344296634951507,0.2637469823406603,0.7322748983260017,False,applicant_pool
2593,1.1060062915027862,0.7087936019052349,2.749538437228051,True,admitted_students_file
2594,-0.32891987033337716,0.767449208744432,0.9255935978848481,False,applicant_pool
2595,-0.4213372746456993,1.395772152812251,0.7777269595739217,False,applicant_pool
2596,0.9785928636649645,0.7280685254317251,1.4121012877510912,True,admitted_students_file
2597,-0.5382990953166494,-1.3276882774385688,-1.0336611607121113,False,applicant_pool
2598,-0.03775503444853058,2.0098077489711277,1.2947971551310171,True,admitted_students_file
2599,-1.5813107815109928,1.065656889480043,1.1804445522343487,True,admitted_students_file
2600,0.7041903451231669,-0.5095242052727647,-0.39780437111874123,False,applicant_pool
2601,1.9408669391818687,-1.0296250723574096,1.400741293205788,True,admitted_students_file
2602,0.7212253727997919,0.5048134304040838,0.7088253621921176,False,applicant_pool
2603,1.461799167547305,-0.27826003836757923,-0.266992985130285,False,applicant_pool
2604,-0.8461021361773309,0.3299953539989592,-0.46729182892649623,False,applicant_pool
2605,0.2363242820282007,0.7434068412782634,0.2540821465214615,False,applicant_pool
2606,-0.9431599243693896,-0.5664418879967954,-0.5769370551456589,False,applicant_pool
2607,-0.22776554558134285,-1.1161079926843374,-0.8096076440116926,False,applicant_pool
2608,0.7722114773525048,0.38581846787197815,0.03730065984233577,False,applicant_pool
2609,0.10182061310329862,-0.5333878552769735,0.749186832029912,False,applicant_pool
2610,-1.4126410226012216,0.14609578573239815,-0.06016060083172825,False,applicant_pool
2611,-1.3150291055377534,-1.3433264369622646,-0.6176922301575309,False,applicant_pool
2612,-1.3811639314907738,-0.2521827244746376,-0.8958000615298359,False,applicant_pool
2613,0.4914525899395903,0.7149518910399967,0.7591497648402482,False,applicant_pool
2614,2.0638945356566682,0.6059325076467968,2.227879915980287,True,admitted_students_file
2615,1.3624582440002129,-0.7883579708732686,-0.031067337112117677,False,applicant_pool
2616,-1.8959851991460643,-1.1682643693180517,-1.9007205311977904,False,applicant_pool
2617,1.421075938069784,0.01576368975179213,0.8109712285590688,False,applicant_pool
2618,0.9364004170146472,0.5610327970194089,-0.04939243291080808,False,applicant_pool
2619,-1.5452999455287577,0.405175140192551,-0.6518622700811838,False,applicant_pool
2620,-0.3032016167104975,-0.5121598443613099,-0.8386617739169863,False,applicant_pool
2621,1.0955224114958095,0.2978244424866034,0.7358889402757558,False,applicant_pool
2622,0.5504335109347853,1.5023554712759948,1.5889623003919753,True,admitted_students_file
2623,-1.3090950523879856,0.20514468730902757,0.17320545648931507,False,applicant_pool
2624,0.6107421557961942,-1.63314793581862,-1.2587028203981616,False,applicant_pool
2625,-2.1375005960805877,0.2032003381006422,-1.4928859182775145,False,applicant_pool
2626,-0.22282217575721136,2.043956971212609,0.648179729594141,False,applicant_pool
2627,1.1379567694000488,-1.2873908131155956,-0.6782585398743993,False,applicant_pool
2628,0.018394215571319834,0.029724661829022104,-0.3849209902446184,False,applicant_pool
2629,-0.4989375499619459,-0.2263354330321344,-0.6089426369167884,False,applicant_pool
2630,0.8893462537723492,0.09588295927506402,1.0505091482950715,True,admitted_students_file
2631,0.9747518150865815,0.19425215315377178,0.9841646147056162,True,admitted_students_file
2632,1.3100396928669502,1.1399719860629245,0.852707691946144,False,applicant_pool
2633,0.8743424284463873,0.0847832864008106,1.529343941392686,True,admitted_students_file
2634,1.0813747939371465,1.277259557212047,2.1942009427809026,True,admitted_students_file
2635,0.7329085574375346,-0.1176556587864825,-0.23091557130360868,False,applicant_pool
2636,0.26552864911647195,-0.3501367739746331,0.8018823431858875,False,applicant_pool
2637,0.08950899976381409,-0.6691829830386058,-0.14793120031122126,False,applicant_pool
2638,-0.237259719097402,-1.8170870291201529,-1.444844098389083,False,applicant_pool
2639,-1.2123682930597257,0.2757814119258398,-0.35812544160150733,False,applicant_pool
2640,-0.9553115088198088,2.0540002884718427,0.6961081498359568,False,applicant_pool
2641,-0.28201448193520967,0.4582354772858612,0.496098705114908,False,applicant_pool
2642,0.2414521596024293,0.6867473541616795,0.7344505501384878,False,applicant_pool
2643,1.4408125980042632,-0.41303132501445505,0.4318595908528333,False,applicant_pool
2644,-0.04179722787551253,-0.2443333912736707,-1.6040636338599374,False,applicant_pool
2645,1.003476290877664,0.9846414883332621,1.6613043349294503,True,admitted_students_file
2646,1.0793156564321207,2.0086936402898203,1.7456473479985484,True,admitted_students_file
2647,-0.231446797688791,1.4879479357968197,1.3612883665218911,True,admitted_students_file
2648,0.5946902113701839,0.805244629728022,1.2471301903068381,True,admitted_students_file
2649,-0.2435280417248615,0.03515057939050897,-0.3788102983265356,False,applicant_pool
2650,1.3221358940784769,0.2097189142673235,1.7117973591789046,True,admitted_students_file
2651,0.6358433382659322,-0.7535073194282543,0.06690757553009027,False,applicant_pool
2652,-1.1904837546883553,-1.448167521302657,-1.6005733362294972,False,applicant_pool
2653,0.16152465215384673,-1.126798357759941,-0.7241053893781608,False,applicant_pool
2654,1.6481121618238797,0.0498000345219375,2.2821319261926396,True,admitted_students_file
2655,-0.18123103454670117,-0.2919922614266772,-0.8068818527496568,False,applicant_pool
2656,0.44771503009506813,-1.4694417047196846,-0.8899945147273394,False,applicant_pool
2657,0.5458788377391453,-0.037323379049736136,-0.5355735534078816,False,applicant_pool
2658,-1.0366228991646005,-0.31843032446594494,-0.37207284123270046,False,applicant_pool
2659,0.5107079492135139,-1.1728488552840803,-0.8378958933962396,False,applicant_pool
2660,-1.3938351520346257,-0.3701790106200705,-1.4756341129339778,False,applicant_pool
2661,-0.6256241064013961,-0.3209530007163442,-0.9771307621365577,False,applicant_pool
2662,1.075722967494192,-0.6166371399244667,0.3423111291639929,False,applicant_pool
2663,0.356756290308358,0.9266701647759397,-0.04130451345660857,False,applicant_pool
2664,-0.304477807746527,-1.902901562093312,-3.005068276667478,False,applicant_pool
2665,0.44646102124518744,-1.9857989907109712,-0.6801768539778191,False,applicant_pool
2666,-0.060092247755131445,0.0032857844490918387,-1.516414595491523,False,applicant_pool
2667,0.012578502351833248,0.09612718939230591,0.6685551484178558,False,applicant_pool
2668,0.6568185267201376,0.40421513601897335,1.7806413054550252,True,admitted_students_file
2669,-0.7273677406591319,-0.5389735082790941,-0.9380784745643702,False,applicant_pool
2670,0.040336405554690695,-0.9179238050923317,0.3392132530048759,False,applicant_pool
2671,-0.3122681946066529,-0.007316132694947453,-0.22470930642629366,False,applicant_pool
2672,-1.5856033746002556,-0.44157813534799617,-0.1981991701118544,False,applicant_pool
2673,-0.9204557562492998,1.5510714046556944,0.0905476749849089,False,applicant_pool
2674,1.5682064470638322,-0.3242272499251918,-0.8468307884616687,False,applicant_pool
2675,0.38472331458523407,-0.053185151717077925,0.1595615849897501,False,applicant_pool
2676,-1.3235883014013892,2.4754181395979424,1.9442636302152767,True,admitted_students_file
2677,-1.5403543758484106,-0.19476022673068688,-0.753346677518121,False,applicant_pool
2678,-0.11216390011058394,0.5561568651990907,-0.07213083266896136,False,applicant_pool
2679,1.5611865331764823,0.646309433386353,1.6651031967651553,True,admitted_students_file
2680,-0.18675813480435263,0.7314016437182146,1.0338056677107972,True,admitted_students_file
2681,1.306999553404016,0.28948726541125236,0.9777849249897947,True,admitted_students_file
2682,0.3519307708186574,0.19384079441050964,2.1932245771386243,True,admitted_students_file
2683,0.47125045784589364,0.10033428983711615,0.009337516430315385,False,applicant_pool
2684,-1.3357205093045694,-0.5759939022337732,-0.5408568620685991,False,applicant_pool
2685,0.9375229217497576,0.32551880283926843,1.3543331865201265,True,admitted_students_file
2686,-0.3349320372736072,2.028645837424592,0.6110347728094998,False,applicant_pool
2687,0.8630924536109083,1.2106819089635574,1.0508451485300319,True,admitted_students_file
2688,-0.814169981986113,0.3039180222246367,0.3810052793905957,False,applicant_pool
2689,0.1770493475099125,0.8558297981059901,0.7727229659733056,False,applicant_pool
2690,0.3520029539376315,-0.8691759087306522,-0.0995122119063726,False,applicant_pool
2691,-0.15403331657586652,-0.26051215419971874,-1.4146317035971805,False,applicant_pool
2692,0.4045451930861567,0.9478498441840553,1.3382558328391088,True,admitted_students_file
2693,-0.26639707519250877,1.4871671934581916,0.9946083677304914,True,admitted_students_file
2694,-0.6490597530412794,-0.770866172095378,-0.9676888671876347,False,applicant_pool
2695,1.6054833827939645,-0.48358830942315717,0.9818561018323781,True,admitted_students_file
2696,1.0489528663614422,2.1813757938785363,1.8132612341690115,True,admitted_students_file
2697,-0.7608647450481768,0.09626124976897246,-0.8463240246499146,False,applicant_pool
2698,0.5684443055946129,1.8233619727003787,1.385354208744368,True,admitted_students_file
2699,-0.742678854701153,0.20685731727579246,-0.6732262241492926,False,applicant_pool
2700,-1.1846846436623242,0.2461802823254352,0.9163428578612622,False,applicant_pool
2701,1.0338094413989762,-0.30549088765989746,1.111716570120914,True,admitted_students_file
2702,-1.7040996256474057,0.9425551415102287,-1.172932161469356,False,applicant_pool
2703,0.9268559135765412,1.3577775503039997,2.910418953104941,True,admitted_students_file
2704,-0.2527223125730585,-1.035002230140867,-1.1400205807694705,False,applicant_pool
2705,-0.21154660308052864,-0.35245055222043675,-0.34597939372062836,False,applicant_pool
2706,0.4097512196232897,0.9150785243742204,1.4893313700503055,True,admitted_students_file
2707,0.5811988119942524,-0.1295486377843279,-1.0854193674918797,False,applicant_pool
2708,-0.8263431768289082,-0.4933854685332102,-1.0237417123440553,False,applicant_pool
2709,0.7177256087500634,1.0095421538694018,0.7213903500256351,False,applicant_pool
2710,0.1133705380252234,1.103453204712511,0.9344914884604216,False,applicant_pool
2711,-1.2560547928680381,-0.4496420906721386,-0.8496681960153052,False,applicant_pool
2712,-0.1698744835797392,0.2123665279879456,-0.026461726867311845,False,applicant_pool
2713,1.3812790155589258,-1.208474795904233,0.025769634050258783,False,applicant_pool
2714,1.6765947982456966,-0.895480910478699,1.2533159878933597,True,admitted_students_file
2715,0.7173484576086773,0.12416523213337996,0.7580240495661639,False,applicant_pool
2716,-1.19034348816837,0.03140678757984353,-0.7243113483461823,False,applicant_pool
2717,0.4906069024558882,-0.9668760917306345,-0.20606555900648763,False,applicant_pool
2718,0.8508609038591928,-0.7159739247255754,1.372798834708004,True,admitted_students_file
2719,0.7257079833187221,-1.0650443699555594,-0.09969686742507006,False,applicant_pool
2720,0.7849542886879182,0.4550598569132106,0.44589524116474005,False,applicant_pool
2721,0.3632630792475308,-1.9676391966919,-2.3791438383665815,False,applicant_pool
2722,-0.0724123388305437,-1.0115772295601961,-1.7083493812784485,False,applicant_pool
2723,-0.6083674959040184,-1.862941547832321,-1.9332690049844536,False,applicant_pool
2724,-1.8979355185014963,0.4190206038579806,-1.0371584852861886,False,applicant_pool
2725,0.33964176671335083,-1.8027335500547015,-1.339944680899045,False,applicant_pool
2726,0.18605284365218855,0.03172919853554027,0.38735911135409024,False,applicant_pool
2727,0.5575758428248162,1.6395240157474233,1.0301592769161398,True,admitted_students_file
2728,-1.3375436932928941,1.6734339812709018,-0.421813801909096,False,applicant_pool
2729,0.6450166893150603,-1.8059075691788211,-0.3257283871612555,False,applicant_pool
2730,2.054545094620777,0.2984096016309557,2.4879967003782357,True,admitted_students_file
2731,0.07845013077791134,-0.9889712963804547,-1.3668560760642365,False,applicant_pool
2732,-0.06166531920654083,-1.193136035710258,-0.645019776100451,False,applicant_pool
2733,0.309002356085701,-0.11346995439007401,-1.2064071996055148,False,applicant_pool
2734,2.032337024710338,1.2282911569331254,1.0872316265592397,True,admitted_students_file
2735,-1.023647761699891,0.5996588742203581,-0.6877288564457174,False,applicant_pool
2736,0.20320693339390494,-0.7151409284828807,0.4616802058562011,False,applicant_pool
2737,-0.7996574222976441,0.7050339974100025,-0.6065994469707993,False,applicant_pool
2738,-0.547004720844995,-2.2437083318816793,-2.3852338166082228,False,applicant_pool
2739,-0.04959030788193934,-0.7529457984332404,-0.49638737177875203,False,applicant_pool
2740,1.3473232416135588,-0.8238915447012507,0.3661891307978957,False,applicant_pool
2741,1.8009906006887368,0.07832069173893116,0.6719603091497154,False,applicant_pool
2742,0.4481421446267063,-0.20282796365999967,1.5498093147126262,True,admitted_students_file
2743,-0.3765947230234853,-0.14147109361988489,-0.5224971419989518,False,applicant_pool
2744,2.4927388666385184,-0.17471953010613864,1.5862220564387028,True,admitted_students_file
2745,-0.4275544813295202,0.022407240989087,-0.5445913826185909,False,applicant_pool
2746,-0.5711359143597373,0.5401309669582237,0.28782687769484167,False,applicant_pool
2747,-1.7749430445787269,0.14933102610238283,-0.19217752021674184,False,applicant_pool
2748,1.3960915692447435,-0.2843518166045584,1.887195427084321,True,admitted_students_file
2749,0.968245592371294,0.40174827980478217,0.3569100442297335,False,applicant_pool
2750,2.417805536116446,0.8261235436527639,2.8791105252608347,True,admitted_students_file
2751,-1.3895233522181258,-0.5560258907226293,-0.8798304342257783,False,applicant_pool
2752,1.4581708074791095,-0.059402730672675784,1.591374876546236,True,admitted_students_file
2753,0.07013551836612739,1.1619065630465863,0.7365118620333055,False,applicant_pool
2754,0.8061002168001363,-1.1027606772673566,-0.32375784060121954,False,applicant_pool
2755,-1.647777141104471,1.8047021962559437,0.7570015378482527,False,applicant_pool
2756,1.4680818226652972,-1.3391549747395755,0.7520872053911201,False,applicant_pool
2757,0.7865167513318304,-0.3453646112047366,1.3827532857859313,True,admitted_students_file
2758,-0.038910034786217525,-0.950189996876012,-0.5039317317651067,False,applicant_pool
2759,0.6451126876611214,2.187926996869377,1.766635555600494,True,admitted_students_file
2760,-0.7654953010422492,-0.5033500288471519,-2.5466469704240535,False,applicant_pool
2761,-0.5794400855816993,-0.5008411565285328,-1.830065183968385,False,applicant_pool
2762,-0.46344461362539624,-0.37074873993991914,-0.81820180344583,False,applicant_pool
2763,-1.852727861690278,0.09560280789395026,-1.9128725368399637,False,applicant_pool
2764,0.8617584942033671,-0.32844177890451104,0.9165472607475287,False,applicant_pool
2765,1.1915936141825663,-0.1328868046223994,-0.228855246891159,False,applicant_pool
2766,-0.7013441497638416,-3.5292099530237375,-3.100773196657128,False,applicant_pool
2767,0.3482030159448188,0.05715983600182728,-0.059932691431622054,False,applicant_pool
2768,-0.2655404746292363,0.017806621486644806,0.6822931538369276,False,applicant_pool
2769,0.3282739620810305,1.0385687974123936,0.4626806693569748,False,applicant_pool
2770,-0.6275772412110292,1.309060948279402,0.7596528922280341,False,applicant_pool
2771,-0.8834251560876358,-0.18770806139179752,-0.55924230209573,False,applicant_pool
2772,1.0520748860237426,0.8162290816739554,1.8466995188165996,True,admitted_students_file
2773,-0.06387058512449259,-1.1015687804448064,-0.16238505113850832,False,applicant_pool
2774,2.0221089508534758,0.7673423426961045,1.7897352617985463,True,admitted_students_file
2775,0.046309964794139964,-0.5724757991345769,-1.52941395114631,False,applicant_pool
2776,-0.9260780403504922,-1.1846974681300548,-1.5342227011642962,False,applicant_pool
2777,1.2269408764359389,-0.1855886782040505,0.6629099776782205,False,applicant_pool
2778,0.6308001641460198,1.4004724471977792,1.5205336605804138,True,admitted_students_file
2779,0.7268728636964236,0.1810055367308467,0.07383235862315851,False,applicant_pool
2780,1.1906006788679186,1.49648814767838,2.5452385201411234,True,admitted_students_file
2781,-0.6527962938457945,-0.7487327138158041,-0.9014602621595443,False,applicant_pool
2782,-0.12725330898528756,1.04785110454799,-0.0459595763527314,False,applicant_pool
2783,-0.17144983148779322,-0.6521600372369454,-0.8561059017902563,False,applicant_pool
2784,-1.2907465369156184,0.22532867148920316,0.6574582452496112,False,applicant_pool
2785,-0.2635901501582435,0.216682828659415,0.43457476608831025,False,applicant_pool
2786,1.3363794578768242,0.6614917339241726,2.0325358635657307,True,admitted_students_file
2787,0.237338103793847,0.25074061991132746,-0.4118597083910264,False,applicant_pool
2788,-1.3460613278449878,-0.7391845378218174,-1.837590597212084,False,applicant_pool
2789,-1.555839411664935,0.8803069520925639,-0.9160917128389126,False,applicant_pool
2790,1.6647760587482714,1.7316565943253943,2.336756840809918,True,admitted_students_file
2791,-0.09031901025512999,-0.5838034222561184,-0.5599808628922028,False,applicant_pool
2792,-0.6474102057016173,-1.8352320764450323,-1.9563635712752367,False,applicant_pool
2793,-0.2739917648970031,0.4993195683537887,-0.10838564250550717,False,applicant_pool
2794,-1.477307754317332,-0.33118039405214905,-1.7313419271127115,False,applicant_pool
2795,1.4230951495116198,-0.13110285595529653,0.713907489980623,False,applicant_pool
2796,-0.3930529375860296,0.556177755731012,0.8852820404778616,False,applicant_pool
2797,1.367401527738422,-0.4563924298255985,-0.46704163244149255,False,applicant_pool
2798,0.05165171444731515,-0.2688519713436714,0.1013554365620295,False,applicant_pool
2799,1.4295319745684398,-0.10011951693658637,1.8301829838764412,True,admitted_students_file
2800,0.2566944990430854,1.4697539379850162,0.9939605150723692,True,admitted_students_file
2801,0.853232662869076,0.030069604113581585,0.20393325313660038,False,applicant_pool
2802,0.7190930460883368,-1.2356735808149601,0.3111846925931069,False,applicant_pool
2803,0.6232910662519707,-1.1958784811411152,-1.0611371334861344,False,applicant_pool
2804,0.3479344771827106,0.13922992165960119,0.30077278829039106,False,applicant_pool
2805,-0.2328507161155849,-1.129428000690979,-1.6133720361942754,False,applicant_pool
2806,1.9154346915728602,-1.5623034869241608,-1.0795353959953413,False,applicant_pool
2807,-0.9069369850959007,0.6355359909340106,-0.2827996315615853,False,applicant_pool
2808,0.004307642343159692,0.6844984028686446,-0.4366526148992156,False,applicant_pool
2809,0.01488587520759545,-0.36813653389385326,-0.23778228747648553,False,applicant_pool
2810,0.4024407533435215,0.29365929115170897,1.2329857659883943,True,admitted_students_file
2811,-0.4294726458945011,0.1881216441955006,1.1411006335713858,True,admitted_students_file
2812,0.31474630558958777,0.6024193859690855,0.6616281982733836,False,applicant_pool
2813,-0.16884258520296613,0.6047499039397994,0.9967908395618611,True,admitted_students_file
2814,-1.5819525174378992,-2.605788587527226,-2.442757863152688,False,applicant_pool
2815,0.009552286256846456,-0.2404989584823943,-0.41829486665914734,False,applicant_pool
2816,-1.1005653330301517,0.5179041881781331,-1.7260731919054382,False,applicant_pool
2817,-1.734385762448901,-0.4104565910390145,-0.25560290080966186,False,applicant_pool
2818,0.13687332068938496,0.03620263925982666,-0.6218721585297984,False,applicant_pool
2819,0.48788334201956646,0.7506999816780775,1.7730187983959071,True,admitted_students_file
2820,0.5266980421045764,0.0809252332521623,0.7707204694654558,False,applicant_pool
2821,0.5671707070196942,1.5079194172348667,0.6655996310923133,False,applicant_pool
2822,-1.9325890209406105,1.1269862522811211,-0.3052429463554008,False,applicant_pool
2823,-1.3610169279074695,-0.118564152971434,0.5313100403284435,False,applicant_pool
2824,1.9735214368136709,-0.19804617072477865,2.22901572956242,True,admitted_students_file
2825,-1.0472087600770361,-2.8503241052013646,-2.8922955017250747,False,applicant_pool
2826,0.6108410311366891,-0.3265021968905259,-0.3135662884692713,False,applicant_pool
2827,-0.686937621665846,-1.3532688927105265,-1.255988608223392,False,applicant_pool
2828,0.07967273926756446,0.2212295420006227,0.0797268725454361,False,applicant_pool
2829,-0.6332542022735941,0.15287071112000175,0.5275669007000758,False,applicant_pool
2830,0.5615411546196448,0.6958557560267777,1.3350203874154376,True,admitted_students_file
2831,0.13677411731669906,1.3966704719481913,-0.18783013804771664,False,applicant_pool
2832,-0.4482897736442336,-0.026269429671968363,0.012609196641206744,False,applicant_pool
2833,-1.0501721196807103,2.280416311923196,0.674295052350458,False,applicant_pool
2834,0.2677741974925111,0.2324514452199039,0.3511223629827164,False,applicant_pool
2835,-1.21271879904259,-1.310216393716633,-1.4656477653110338,False,applicant_pool
2836,0.4274810421208385,-0.5620718751101198,0.7516262622505883,False,applicant_pool
2837,2.6264849090369,-0.37274670030782203,2.1493849101561153,True,admitted_students_file
2838,1.350170051262012,0.5921271511533787,0.7376732630888971,False,applicant_pool
2839,0.7183478868941628,-0.9472499002293007,-0.18981468605060825,False,applicant_pool
2840,-0.08560729774114767,-0.297975882809396,-0.5632940423579016,False,applicant_pool
2841,-1.9387526270035254,-0.16104028079608668,-2.5421575683043662,False,applicant_pool
2842,-1.3222863959001843,-0.44812080765554363,-1.2273240376319865,False,applicant_pool
2843,1.2827928561027135,0.8114153816797184,2.652563453849948,True,admitted_students_file
2844,-0.7897560801247798,0.6413213884653558,-1.2949129252034486,False,applicant_pool
2845,-0.6992520981640467,1.1665671351039588,0.2869115184488959,False,applicant_pool
2846,-0.16565047568402144,-0.33102518111119955,-0.3621358787036663,False,applicant_pool
2847,-1.0620462588465547,1.202527567647902,0.29272768095589957,False,applicant_pool
2848,-1.2267687345516363,-1.3639970859770458,-2.3579052535193945,False,applicant_pool
2849,-0.050474072781421825,-1.388384300989857,-1.9328353565112988,False,applicant_pool
2850,-0.8915294546720363,-1.2138016860912133,-2.3334836012523503,False,applicant_pool
2851,-0.7410185797788948,0.00921169263208945,0.4559791541866115,False,applicant_pool
2852,-0.781191026147006,1.2023781165777556,-0.4141085732733125,False,applicant_pool
2853,0.5223602138344686,-0.6021420806396302,-0.401551747580576,False,applicant_pool
2854,-0.23212569049535728,-0.47669340496443713,1.012510406980215,True,admitted_students_file
2855,-0.17857196789385368,-0.2160179553093376,-0.7704624098255934,False,applicant_pool
2856,0.5969458973088833,0.5728281233876548,1.000032832018398,True,admitted_students_file
2857,-0.14203960823294015,-0.4776253033545738,0.3418859811059707,False,applicant_pool
2858,-0.27825376845717287,-0.5334169579165013,0.18341815874258172,False,applicant_pool
2859,0.47045035557017084,-1.3453952633576904,-1.5008176399924642,False,applicant_pool
2860,0.668197843557631,-0.5717211111771211,-0.4366368373437176,False,applicant_pool
2861,-0.14707349950860418,1.1774617529353326,0.8814071481037631,False,applicant_pool
2862,0.0806077756205216,0.09092600847847668,1.4618091798326536,True,admitted_students_file
2863,-0.781790229733328,-0.7398545102479152,-1.522126542036645,False,applicant_pool
2864,-0.8606830431645255,1.2361439727289343,-0.10147948466088819,False,applicant_pool
2865,0.7691475019668077,-0.5852135020601873,0.4132591949200064,False,applicant_pool
2866,0.4449420625446217,1.4199555794824656,1.6459442264614705,True,admitted_students_file
2867,0.4552984384165761,1.4036069779001006,1.6844663236177555,True,admitted_students_file
2868,0.28085434872552223,0.05601162637466865,-0.37348622156923605,False,applicant_pool
2869,0.04620327581495357,-1.4985495273716876,-1.3164587593659611,False,applicant_pool
2870,0.6964118908227692,2.289500615345755,2.091693968870919,True,admitted_students_file
2871,0.9351087610227838,0.3872760562645462,1.7431680500765614,True,admitted_students_file
2872,0.9112280051906476,-0.3238870247205901,0.21483277982263818,False,applicant_pool
2873,-0.10077791594598683,0.9561279147750558,0.5403661691802213,False,applicant_pool
2874,1.386992729908838,0.7023027870213473,0.6398921800070339,False,applicant_pool
2875,0.22846068173232117,1.3109383498864404,2.3048681528767645,True,admitted_students_file
2876,0.6323761925657985,-0.6623477886798963,0.08850252552503328,False,applicant_pool
2877,0.28208789083487973,0.3184734127743923,1.144793193035746,True,admitted_students_file
2878,0.2470067074841741,-1.1858702302449369,-0.5893332441471755,False,applicant_pool
2879,-0.7357519902503197,0.6663343957412341,0.014565509239482806,False,applicant_pool
2880,0.701350838344826,-0.022945369627187417,-0.6092526689299774,False,applicant_pool
2881,2.845294394907639,0.2810092554868121,0.5265640639715963,False,applicant_pool
2882,-0.3747950747900833,-0.1463497238404702,0.5375895291753114,False,applicant_pool
2883,0.07099471542494816,-0.25098882058836114,-0.06235541837252438,False,applicant_pool
2884,-0.4462052643472624,-0.868231174014714,-0.7098839988446519,False,applicant_pool
2885,-0.48801990156193453,0.7904302146842336,-0.677770923010793,False,applicant_pool
2886,1.5444494781186728,1.4897040367414378,1.3400548602035354,True,admitted_students_file
2887,-0.6729710177274647,-0.5566683589100853,-0.055654194019918335,False,applicant_pool
2888,-0.4740804733663613,0.5535405049710949,1.2697496601320823,True,admitted_students_file
2889,-1.5874928237313013,0.4321836246602423,-1.1858427890369745,False,applicant_pool
2890,-0.7576117245422473,0.00809781134885869,-0.0171457417215638,False,applicant_pool
2891,-1.7083998929533477,-1.5265957333647167,-1.9697297042296182,False,applicant_pool
2892,0.6318046992119288,-1.3015973511105925,-0.5197354817885393,False,applicant_pool
2893,2.7996972218373095,-0.7809819511515705,2.6085362400705536,True,admitted_students_file
2894,-0.36667879365052214,-2.1390047235719316,-1.9459354384105214,False,applicant_pool
2895,-1.6667579329902373,1.408030729905615,0.7003261639072355,False,applicant_pool
2896,0.8999996644297332,0.3677032291797136,1.0910032027755745,True,admitted_students_file
2897,-0.7269249589301569,-0.029961048399121757,-0.5037984304194044,False,applicant_pool
2898,1.2993469305535403,-2.1902358192678286,0.38133424345886746,False,applicant_pool
2899,-0.2820290477899447,-1.8238708550204004,-1.1657407879306048,False,applicant_pool
2900,-0.6318156890827807,-0.0023413881869583275,-0.47970137116392697,False,applicant_pool
2901,-0.17795755574568647,1.970489965483977,2.130755587417312,True,admitted_students_file
2902,0.7577767609361872,-0.6986441958730818,0.9129197449313428,False,applicant_pool
2903,-0.22742063075565644,0.863798014412438,1.2550196241846208,True,admitted_students_file
2904,-0.49672470279370545,-0.47990240767496084,-3.3562706609383977,False,applicant_pool
2905,-0.1988316029788718,0.05523925928886656,0.214788614618384,False,applicant_pool
2906,-1.271855184500885,1.2146838488929317,0.11132066700380913,False,applicant_pool
2907,0.39703160229398016,-0.3459516301665442,0.008797704022993274,False,applicant_pool
2908,-1.7867265938449102,-0.6901049080521332,-1.1830947324522034,False,applicant_pool
2909,-0.44412145436551537,1.4180705541247638,0.815456725596681,False,applicant_pool
2910,0.7593852088307432,0.04555782111359534,0.9976781615928471,True,admitted_students_file
2911,0.3030482829327168,1.091205090586163,0.718691427358777,False,applicant_pool
2912,0.5903205729863903,-0.685248893384687,0.987023032864652,True,admitted_students_file
2913,-0.06504567271880911,1.4066742089609758,1.4173194827983866,True,admitted_students_file
2914,1.1697461809855167,0.273627274534611,1.3179613594484711,True,admitted_students_file
2915,0.924699196769792,0.43478762621465866,1.2292600985346975,True,admitted_students_file
2916,0.44614100424767456,0.1316293114291747,1.1856476204354465,True,admitted_students_file
2917,0.927545777313543,-0.5054749819965015,0.9895274678109196,True,admitted_students_file
2918,0.7504235544035768,-0.0016828104949717336,0.40774104605819184,False,applicant_pool
2919,-0.43946351334689027,-0.44259023798936625,0.11988232820774036,False,applicant_pool
2920,-1.3438989116913336,0.9595460626447856,-0.12799278385082508,False,applicant_pool
2921,0.42036212584262383,-0.20305716706866234,1.483096977253305,True,admitted_students_file
2922,0.5460892308314287,-1.4965072277938996,0.15063776970726972,False,applicant_pool
2923,1.0904719911385654,-1.6794237349892838,-0.8207451564961522,False,applicant_pool
2924,-0.9363212750452935,-1.7267181523204245,-0.09947814517253106,False,applicant_pool
2925,-0.9064310592771633,0.6179707575539414,-1.6589270813129746,False,applicant_pool
2926,0.45990026630777037,-1.1515043113734442,-0.0033943108243585374,False,applicant_pool
2927,-0.07116698885308664,0.3000857758385668,-0.33857591907113793,False,applicant_pool
2928,-1.8857616105711281,0.13657451749141328,0.18055459506929883,False,applicant_pool
2929,0.37510816375419076,-0.06470859490977714,0.37872396545556963,False,applicant_pool
2930,-1.8524229149889546,0.43840520338236943,-1.4747683381052652,False,applicant_pool
2931,-0.9452565518733762,0.1583035370905262,-0.6980657581625608,False,applicant_pool
2932,1.3516813728601071,-2.70972974278095,-1.3824834615144619,False,applicant_pool
2933,1.8248790178071153,-0.3236252408484902,0.7617710700240512,False,applicant_pool
2934,-1.2156563684719617,0.42510313406343103,-0.7439129334881982,False,applicant_pool
2935,-0.3293915374126943,1.6402828107549985,0.3262702195817597,False,applicant_pool
2936,0.04262252307870598,1.6864576165824976,1.3129467588876191,True,admitted_students_file
2937,1.781226927581568,-1.3631505135852566,0.5456065834823149,False,applicant_pool
2938,-0.49286894782440155,-0.34972529931277313,-1.2451007345323406,False,applicant_pool
2939,-0.4768840230332781,-1.5661148137079979,-2.488737378012628,False,applicant_pool
2940,1.5487255584628619,1.519885075110083,2.2122664283271143,True,admitted_students_file
2941,-0.374789152718258,1.0128562081485508,0.7870879718133639,False,applicant_pool
2942,0.7222017089664575,0.3505878868631747,1.2084649706621247,True,admitted_students_file
2943,-1.4771429651124275,0.16609486126021009,-0.46635920038805195,False,applicant_pool
2944,-0.17123274409232622,1.3806311003494742,1.8870106745830388,True,admitted_students_file
2945,-1.6595968383264046,1.211325194760139,0.4065709525338116,False,applicant_pool
2946,-1.0554337809557044,1.158044696656121,1.942576832696174,True,admitted_students_file
2947,0.8392013551522634,0.4566798597822596,3.0127758274905005,True,admitted_students_file
2948,-0.04990539108671263,-0.34922829951416257,-1.4901087102418684,False,applicant_pool
2949,-0.31910574055297464,0.7671248320175574,-1.246784632413113,False,applicant_pool
2950,-0.7487496239809176,0.8160419052551146,0.03856607433552768,False,applicant_pool
2951,-0.22065607324128275,-0.1906374695919598,0.08562189807461756,False,applicant_pool
2952,0.30111316710069364,-0.3512489188342415,-0.08570774493081171,False,applicant_pool
2953,0.9829162064617618,1.1333132695582098,1.8680554716534137,True,admitted_students_file
2954,-2.6251466840968023,1.6641161087696066,-0.8138393267415399,False,applicant_pool
2955,-0.8317611742628097,-0.7493957809147662,-1.5135175552553108,False,applicant_pool
2956,0.15909624218900573,-0.2633766754479744,-0.4478058835140607,False,applicant_pool
2957,-0.09886311596228586,0.35093307645469796,0.0237276159751251,False,applicant_pool
2958,0.403376242526725,0.4865989977486106,1.1689425470210728,True,admitted_students_file
2959,0.26754028612655384,-0.5223663592412943,-0.5063554351906625,False,applicant_pool
2960,-0.30486786299340723,1.883520630344044,0.8238462067362203,False,applicant_pool
2961,-0.5268531959871771,0.4220952655451712,0.3310591360437436,False,applicant_pool
2962,-0.2455014897355009,0.5313834084705529,0.04666576889615104,False,applicant_pool
2963,1.1487423498227427,1.758884081511754,2.6716545658191957,True,admitted_students_file
2964,-0.7320079329057144,-0.44906162524459003,-1.4113495753622407,False,applicant_pool
2965,-0.06280672314395548,-0.08843187644227794,-0.8937597192568925,False,applicant_pool
2966,0.18334221399842102,-1.2533222290216288,-0.4822466859522453,False,applicant_pool
2967,1.560350929874458,-0.17235047225357822,1.1852022210389295,True,admitted_students_file
2968,-0.30030825823631324,-1.4889275239353628,-1.7684749042699783,False,applicant_pool
2969,0.9588066560109609,0.747849354193172,2.0498431875618843,True,admitted_students_file
2970,1.2319794032650222,0.4199967500699922,2.4212402665069175,True,admitted_students_file
2971,-0.06375426499064825,-0.27706930703854016,-0.6610332708074733,False,applicant_pool
2972,-0.2107189790767625,-0.10042370781784783,0.8388677244303367,False,applicant_pool
2973,-0.3290536720482161,0.7614664151889905,-1.386424237359002,False,applicant_pool
2974,-0.25582313424258235,-1.135796086889898,-0.15127390703349486,False,applicant_pool
2975,0.8542398605768328,0.20416786745252327,0.08753108342918925,False,applicant_pool
2976,0.2310099772555139,0.6995098064587445,1.2880887367947658,True,admitted_students_file
2977,0.2352897091698694,-1.7822740774072416,-1.6784330295239576,False,applicant_pool
2978,-1.125223510379835,0.6849380057020193,-0.3341268522793368,False,applicant_pool
2979,-0.9674900773752345,-1.6740624632615668,-2.2840900689932084,False,applicant_pool
2980,2.14344682477698,-0.11759448385153255,1.1670875331540842,True,admitted_students_file
2981,-0.1778257252886896,-1.1633911040952263,0.4091558811517658,False,applicant_pool
2982,-0.7747719955783602,1.4312465792900149,0.3511520217971913,False,applicant_pool
2983,1.4310991655892973,-1.1571210541523476,1.6552969091821024,True,admitted_students_file
2984,0.2818085486835521,-1.6501898919653826,-1.1595166658981753,False,applicant_pool
2985,0.5781549168645216,0.13335214159631562,1.5067148806643056,True,admitted_students_file
2986,-0.1380470752815336,-0.4137029800208229,-1.4966223605054938,False,applicant_pool
2987,-0.31867309057680415,-1.504605228663933,-1.385687246271213,False,applicant_pool
2988,-0.16958637249729036,0.5258151991548494,-0.14372825240033682,False,applicant_pool
2989,-1.3827381702986268,-1.9914990624496793,-1.1168602807283994,False,applicant_pool
2990,-0.08792740941989748,-1.036240972583125,-0.6010352980767127,False,applicant_pool
2991,0.29603307704261733,-0.5752182704207847,-1.6431285944490552,False,applicant_pool
2992,1.8504632338437539,0.8022223921551402,0.8071548985927879,False,applicant_pool
2993,0.0859990650052155,1.295468367013152,0.18909025624635845,False,applicant_pool
2994,-2.334177042210305,1.1027822473275728,-0.14657141079525793,False,applicant_pool
2995,-0.09398543278462142,-0.15327379046223277,0.4027867434489377,False,applicant_pool
2996,2.739504133108306,-2.427308244795156,-0.007352275669236574,False,applicant_pool
2997,0.8663662349850397,0.39085302121855847,0.4332356610000378,False,applicant_pool
2998,-0.8108889438085887,1.4705737392246134,0.930266885615453,False,applicant_pool
2999,0.5911065144305567,1.2337904078135682,0.39551683475630883,False,applicant_pool
3000,-0.7420134248897403,0.4629490097437198,0.13897641472033362,False,applicant_pool
3001,-1.3538075195468575,-1.1895027643384526,-1.3923890867162887,False,applicant_pool
3002,-0.3483693632340722,-0.525307003628415,-0.760102353607352,False,applicant_pool
3003,0.09152643923886121,1.9338143987456746,1.594846120221949,True,admitted_students_file
3004,-1.8721555024333958,-1.4167295346641338,-2.066309226961115,False,applicant_pool
3005,-1.1491592905386359,-1.1478412281503858,-1.144856690818286,False,applicant_pool
3006,0.010335563182354726,0.9425515511652842,-0.3144949916101003,False,applicant_pool
3007,-0.40817317598895414,-0.4311592448055278,-0.11541468714632208,False,applicant_pool
3008,0.39481127114609077,-1.1817551222046219,0.20710742746354527,False,applicant_pool
3009,-1.2146683273085614,1.5279711787230157,0.4283128478145066,False,applicant_pool
3010,0.7141137485533007,0.4610559781451398,1.1847114180480363,True,admitted_students_file
3011,-1.183759097060195,-0.38180116437717815,-1.0945576921211264,False,applicant_pool
3012,1.64273430193763,-1.1457748358995155,0.9469564493089045,False,applicant_pool
3013,-1.7157582843783166,2.047406563859938,0.26124437124895217,False,applicant_pool
3014,-1.0925542703834126,-0.02445181874660751,-1.5296128556527404,False,applicant_pool
3015,0.4173708030318292,1.3973280624694941,1.7537055709941423,True,admitted_students_file
3016,1.6642332514976381,0.8936335446094399,0.5187110442141603,False,applicant_pool
3017,0.31504303611617074,-0.5209015616632341,0.06413777939627696,False,applicant_pool
3018,0.5628579201823911,-0.5129411149897811,-0.236510071657689,False,applicant_pool
3019,0.01753690167305848,1.4463148979339198,0.6378156449512377,False,applicant_pool
3020,-1.0263984541151934,1.4625173326199776,0.4038693959764534,False,applicant_pool
3021,-0.4901383482393793,-1.8769159761207344,-2.0350870444066698,False,applicant_pool
3022,-1.2119097199812767,0.5497802609821923,-0.0718399384599222,False,applicant_pool
3023,-1.2787099677768716,-0.12121480472361965,-0.870193459289918,False,applicant_pool
3024,0.40174891931974643,-1.033323162938506,-0.8426290243407324,False,applicant_pool
3025,-1.1231779820879617,0.2617460947171974,0.3767949722414262,False,applicant_pool
3026,0.3195540067233614,-1.3495967909863944,-0.5261799825613227,False,applicant_pool
3027,-1.3018227522210977,-0.4664553546461,-0.7078201160665416,False,applicant_pool
3028,0.29638302011675466,-0.7984737327699676,0.6652531474215067,False,applicant_pool
3029,-0.4886825689629625,-0.4997912641559985,0.3376169835287358,False,applicant_pool
3030,1.4066155336506445,-0.07147849366199094,1.2736888936919564,True,admitted_students_file
3031,0.32371889557906497,-1.0155666619054864,-0.6615617888190369,False,applicant_pool
3032,1.2357828929941415,1.5731790288732976,0.8250325979377875,False,applicant_pool
3033,-0.7556467164251925,0.4932832333941253,-0.025852773634371495,False,applicant_pool
3034,0.056143340244167284,1.7945630283820548,1.9691681606792142,True,admitted_students_file
3035,-0.9810871581162783,-0.1600799690780195,-0.49373825910099395,False,applicant_pool
3036,-0.4136052427444181,-0.5487899622971091,-3.0367657181145207,False,applicant_pool
3037,-0.2621042227446291,1.758415614493028,1.5816459130149865,True,admitted_students_file
3038,-0.7258582206871392,-0.5780597398739851,-0.19549726602171158,False,applicant_pool
3039,-1.215502858845695,-0.17829202198912472,-1.1168222081510526,False,applicant_pool
3040,-1.4135173236526528,0.7200474104973147,0.24109772912649574,False,applicant_pool
3041,-2.339748115707397,-1.2377258082972784,-1.8857822605276757,False,applicant_pool
3042,-1.0563464635034578,0.71129468479365,-0.7041384107587956,False,applicant_pool
3043,0.6274938966718445,0.5833470661646026,1.6769574071960698,True,admitted_students_file
3044,-1.598498532013283,1.2693253180378326,-1.1011964352583223,False,applicant_pool
3045,-1.368122846253305,0.890044503010141,-0.35082219283531135,False,applicant_pool
3046,1.790898571232915,1.299978352877571,1.8991683817313563,True,admitted_students_file
3047,-0.636496049848254,-0.11042190050841018,-1.0633033742639784,False,applicant_pool
3048,0.3210460091648358,-0.8626703187070606,-0.13940009384817065,False,applicant_pool
3049,0.6423171465004947,2.1099854140833623,2.7062548940806472,True,admitted_students_file
3050,0.6625261297812802,-1.5266956155219669,0.3117091445715252,False,applicant_pool
3051,-1.5223142306080597,-1.4265130788738078,-1.4101728008438732,False,applicant_pool
3052,-0.23105967989949022,0.5651280405088313,-0.9700013204201351,False,applicant_pool
3053,-1.6182272695183921,1.6249860481773497,-0.9307734044856609,False,applicant_pool
3054,2.4463178589103234,0.18955084591416504,1.8296330419670555,True,admitted_students_file
3055,-1.5948752640156,0.9993036997022059,-0.4110860455621851,False,applicant_pool
3056,-1.0478402188698202,-1.9958027274719585,-2.327023794370977,False,applicant_pool
3057,-1.0406008548415047,-0.49954496218113714,0.33263145715366527,False,applicant_pool
3058,-1.4966604767228804,-1.8739478071432591,-2.116793277293192,False,applicant_pool
3059,1.3525939097565454,0.7804109582286599,1.7661420830239563,True,admitted_students_file
3060,2.422447901083496,-1.5472313265890145,1.260416490085325,True,admitted_students_file
3061,-0.4757491193126174,-1.2778188460326472,-1.1013482627037001,False,applicant_pool
3062,-1.32042314684441,0.5140252049614028,1.2895848553147038,True,admitted_students_file
3063,-2.236925498726021,1.0618243520177295,-1.422076357065382,False,applicant_pool
3064,-0.24410871852210148,-0.15896810822921661,-0.6862500503142424,False,applicant_pool
3065,-0.31636542316144384,0.5701725041085097,-0.4950034001821618,False,applicant_pool
3066,-0.6512961263601446,0.5377881668730922,1.0200806268325282,True,admitted_students_file
3067,0.2213752539762284,-0.2154268594424721,0.5653265683999944,False,applicant_pool
3068,0.3951731428154863,-1.0947054828862488,-0.8356023599490106,False,applicant_pool
3069,0.32308325793790066,0.5648914068846425,-0.02752993033369333,False,applicant_pool
3070,-0.3161248719684872,0.6130956907750826,1.1624543826461096,True,admitted_students_file
3071,-1.101621829574262,0.8940244030902588,0.1182430735225996,False,applicant_pool
3072,0.6658330978067158,0.31206642407889745,1.6229272672570851,True,admitted_students_file
3073,0.012513759421530454,-1.1684999134793264,-0.793495545684657,False,applicant_pool
3074,0.8883575248346502,0.6903401613691801,1.3842282217360093,True,admitted_students_file
3075,0.7900755494722314,-0.0013810802283412515,0.7228107636793306,False,applicant_pool
3076,-1.4217620690471156,-0.48273744432334303,-1.6748026177526465,False,applicant_pool
3077,-1.4342222074576032,-0.2946358371937122,-1.2246586401896615,False,applicant_pool
3078,-0.7555407187405284,-0.6902571783903797,-1.7687809741439313,False,applicant_pool
3079,-1.056265408290668,0.8888437788544289,0.23705071747551498,False,applicant_pool
3080,0.7552517759761007,-1.4181147335800204,0.1020132000002541,False,applicant_pool
3081,0.35130967598791774,-0.9934859348064183,0.2756982718416984,False,applicant_pool
3082,1.0991839937853107,-0.32877288467169474,0.9673486461435543,True,admitted_students_file
3083,0.3964868174109183,1.6137508482389997,1.2169073871203295,True,admitted_students_file
3084,0.20864958187336902,1.0542805490928489,1.907284036681931,True,admitted_students_file
3085,1.1997297803441704,-1.6408408032472255,0.33789377652369545,False,applicant_pool
3086,0.4697273397350485,1.351347088752486,2.155680789676871,True,admitted_students_file
3087,0.0681009634377188,1.349420216983684,1.9372894604031572,True,admitted_students_file
3088,1.4804530339306854,-1.174008326022643,0.11126930142540392,False,applicant_pool
3089,0.11518088315279006,-2.5214582705964452,-1.2925646820131098,False,applicant_pool
3090,-0.30434060491792164,-0.07222162234724244,0.2974301807258777,False,applicant_pool
3091,-0.8378232587776496,1.122424409299822,-0.6194085034346855,False,applicant_pool
3092,0.7030254590454112,1.5912619698002022,0.702405608084489,False,applicant_pool
3093,1.2370505418424689,-0.8708272643612502,-0.6714730218337618,False,applicant_pool
3094,-0.05058740143343007,1.7519791046629654,1.0302345451352752,True,admitted_students_file
3095,1.3079156237798386,-2.227932395816701,-0.8313328432720792,False,applicant_pool
3096,-1.970015031971576,-0.3680506138292876,-2.5247121095772282,False,applicant_pool
3097,-0.0554533748079148,-0.4172106692157472,-0.20268086922630596,False,applicant_pool
3098,-0.04009491210443619,1.152337024924303,0.6560241316312988,False,applicant_pool
3099,-0.726994372407347,1.29830246593978,1.1989183798499763,True,admitted_students_file
3100,2.383861037981873,0.9542236554333953,3.5788404061126453,True,admitted_students_file
3101,-0.06619263268876116,-1.3505500487458946,-0.6013675046425634,False,applicant_pool
3102,-0.4077307716044333,0.8626190317989219,-0.1919639958299471,False,applicant_pool
3103,0.02596211343350502,0.5090419685934918,0.800459717460496,False,applicant_pool
3104,-2.0028137385258296,-1.6712343852795908,-2.3816192341491917,False,applicant_pool
3105,-0.7598679253449151,-2.067013828801687,-2.0055608178423405,False,applicant_pool
3106,0.9832399694454041,1.0379892900207761,0.710678233827149,False,applicant_pool
3107,-0.6289453549327747,-0.18009930097924454,-0.8508330537982174,False,applicant_pool
3108,-0.8288751628002715,-1.2851820924548754,-1.4985909238075248,False,applicant_pool
3109,1.3095256365144003,-0.20817192870876858,1.2787473845894746,True,admitted_students_file
3110,1.340254400951829,0.36404108111320266,1.4655099696277767,True,admitted_students_file
3111,0.5169904721611418,-0.08285112666754706,1.5600938746207835,True,admitted_students_file
3112,-0.4551173340386673,-1.5519861531260863,-0.8325806149645596,False,applicant_pool
3113,-0.23947106511632352,1.88555690356411,1.3669622421847136,True,admitted_students_file
3114,-0.804149961574959,1.004217968987892,-0.0843170510123954,False,applicant_pool
3115,-0.9947731190286448,-0.3353774516734673,-1.5908219582490704,False,applicant_pool
3116,-1.0444164883084324,-0.2950946559022876,-1.2696076530341687,False,applicant_pool
3117,-0.6180544067852075,0.35948739471317603,-0.6579556217801695,False,applicant_pool
3118,-1.034720990684745,-1.1296213957403316,-3.1994573237285637,False,applicant_pool
3119,-1.563705118543149,0.3226764365369687,-1.5127108911059373,False,applicant_pool
3120,0.21940266975390574,-1.3307324368607656,0.3991824843367222,False,applicant_pool
3121,0.23459558089343707,-0.070534216845166,0.36466003570267147,False,applicant_pool
3122,1.7007927584283167,-1.1685714998568588,0.08237711932988001,False,applicant_pool
3123,-0.6683383683547026,-1.1180839823267146,-0.8822386524449067,False,applicant_pool
3124,0.29610058962327057,1.6457226136182097,-0.10519808590359969,False,applicant_pool
3125,0.31271257927480167,0.059225894284554124,0.4392284093372781,False,applicant_pool
3126,-0.2538375611255331,0.20740648540116763,0.8640643849824006,False,applicant_pool
3127,0.7443335887496761,-2.011379861081323,-0.9083612399781366,False,applicant_pool
3128,0.7752291868507144,-0.5970017585210479,-1.1245448399597144,False,applicant_pool
3129,0.32741109519753997,0.4612121187043472,0.22284671469253875,False,applicant_pool
3130,-0.25563970504779554,0.19413626594750497,0.855506161072995,False,applicant_pool
3131,-0.35753010855453504,-2.1540298213537055,-1.451473194611988,False,applicant_pool
3132,-1.3677538987970592,0.2071379166570812,-1.7472174547464823,False,applicant_pool
3133,-0.8059177786176916,0.36655880354968934,1.3717570916345079,True,admitted_students_file
3134,-0.6220075239016879,1.2837619981986996,-0.4475255530785353,False,applicant_pool
3135,-1.123971762429434,-0.6552311189383428,-1.3265290800183054,False,applicant_pool
3136,0.43992396668766426,-2.242068720135671,-1.8975642901977468,False,applicant_pool
3137,1.19662786898701,-0.9967707518051554,-0.5952942842713151,False,applicant_pool
3138,-0.9080624323291501,-1.0970650388685572,-1.6198386372931193,False,applicant_pool
3139,0.28344143574463715,0.7367088777799742,1.1084028156832515,True,admitted_students_file
3140,-1.0341111395297102,-2.716736588395318,-1.534679011497547,False,applicant_pool
3141,-0.30492217093916213,-0.4483564600726221,-0.7599488305803814,False,applicant_pool
3142,-0.6903295791777758,1.4257954735772547,-0.22904765656978582,False,applicant_pool
3143,0.6018956486064415,0.00721246283363482,0.7309677940979153,False,applicant_pool
3144,-0.6787881738421783,0.8963168161764239,0.49696812276769087,False,applicant_pool
3145,1.0116604137066467,-1.6417983335510877,-0.24132621301147136,False,applicant_pool
3146,-0.24572077366219902,-1.6019895132063227,-1.0079938174298262,False,applicant_pool
3147,-0.6496037095948308,1.4372424578452343,0.4331686739221852,False,applicant_pool
3148,-1.253305262345163,0.10121536575725322,-0.6801528345930246,False,applicant_pool
3149,0.2532045102953498,0.10327436220914413,0.10455547709142149,False,applicant_pool
3150,0.8952184022261802,-1.1181528281069966,0.604263232103455,False,applicant_pool
3151,0.2733212565368742,0.10078172895023148,1.8030885910607326,True,admitted_students_file
3152,2.238831666414424,-1.1459375683400963,0.8361383699433477,False,applicant_pool
3153,1.4297874524704182,1.18687044890565,1.696227062314492,True,admitted_students_file
3154,-0.3075277647170156,2.7278307098681713,1.7522998703312989,True,admitted_students_file
3155,-0.31802743380706927,0.48394105366532936,-0.3527014077804351,False,applicant_pool
3156,0.4696967194853532,-0.6349463854615437,0.4280725768888504,False,applicant_pool
3157,-0.8380191804256851,-2.5336583304946583,-1.8827668957414334,False,applicant_pool
3158,1.1662883065324867,-1.6844641145423411,-0.6311434208362887,False,applicant_pool
3159,0.3616005218435837,1.554861831027136,1.8771473026957026,True,admitted_students_file
3160,0.2564589108585328,-1.0291918432710732,-0.48898356822638017,False,applicant_pool
3161,0.6869536677708163,-0.3708348816865122,-0.473562435977265,False,applicant_pool
3162,1.722829883369059,0.6553259745791783,1.7919244194624262,True,admitted_students_file
3163,0.17095535218750518,1.4822897993617925,1.240504100886572,True,admitted_students_file
3164,-0.11304037087138435,-0.199586921163838,0.4690849624545428,False,applicant_pool
3165,1.5087196233225784,-0.4046668696660347,1.2997171549291475,True,admitted_students_file
3166,0.9675504159911353,0.07162102851068375,0.5990030074860491,False,applicant_pool
3167,-0.3209798403837223,-0.6276378166392172,-0.9470623325543821,False,applicant_pool
3168,0.005186448659020086,-0.5738192032929551,-0.3683906654715983,False,applicant_pool
3169,0.19538091593879858,0.4118801175338736,0.6490358875252962,False,applicant_pool
3170,0.36181294460498287,0.18529151783448639,0.6942459650211894,False,applicant_pool
3171,-1.356599850939114,2.131605306558584,0.714742091847938,False,applicant_pool
3172,-1.5424846078015602,0.4388488166354295,-0.7808966246882234,False,applicant_pool
3173,-0.8873900220024538,1.151145548093828,0.8692130059756499,False,applicant_pool
3174,-0.9647384430113423,-1.071285176723131,-1.7954266786927013,False,applicant_pool
3175,-0.6438240139725026,0.5251572900302712,1.6584490459459253,True,admitted_students_file
3176,0.6347106420900043,-0.7229813466010591,0.4767733081754457,False,applicant_pool
3177,-0.16892915632473834,0.3954532632965579,-0.6419991126873243,False,applicant_pool
3178,0.19639460501018827,0.6885145981148411,0.7048515136867599,False,applicant_pool
3179,-1.2243034100422616,0.04986884400147382,-0.22250400530402026,False,applicant_pool
3180,-0.46164220292094515,2.407325721474793,1.0201359131962042,True,admitted_students_file
3181,0.5872576617448404,1.4279797691084526,0.2633034967509458,False,applicant_pool
3182,0.5949524581768018,1.1772453328290966,0.42458380503460724,False,applicant_pool
3183,-0.7245738281879079,0.7642861923700136,0.4052780977602546,False,applicant_pool
3184,0.1616623863795536,1.7633608177300442,0.023033551873378633,False,applicant_pool
3185,2.198847853482332,-1.4369692974692159,-0.51932013888369,False,applicant_pool
3186,-0.017597929255638137,1.3702831179905761,1.255029695531458,True,admitted_students_file
3187,-0.6931869461424454,-0.9912443119995229,-1.2506647695850601,False,applicant_pool
3188,-0.17376238936216024,-0.5643391190667296,-0.9668122532021363,False,applicant_pool
3189,0.09217710752683304,0.561392444061668,0.07850770540675239,False,applicant_pool
3190,-0.1511683806905494,1.2332201655107236,-0.3262360088579104,False,applicant_pool
3191,-0.03135470067650179,-1.153576631681962,-0.4310879647145398,False,applicant_pool
3192,-1.4434467969368396,-0.5125448776777309,-1.8359750770116827,False,applicant_pool
3193,-0.9626304750859512,0.09753207250131049,-0.9373404908887262,False,applicant_pool
3194,-0.14933523707149754,-0.18636600469571402,0.024543788462336985,False,applicant_pool
3195,-0.1652679700224367,0.8540320612351875,0.2680573844703365,False,applicant_pool
3196,-0.5661892748600006,3.4359276159845202,1.3720726049869025,True,admitted_students_file
3197,-0.17701358607643694,0.41932070852587977,-1.2351072677146122,False,applicant_pool
3198,0.06101485541420536,-0.7351964381623162,-0.18101993667880173,False,applicant_pool
3199,0.8894134565245253,-1.2965083306389955,-0.20931659084852441,False,applicant_pool
3200,-0.09921173522605088,-0.3252539135856056,-0.638073892105938,False,applicant_pool
3201,0.3991032052982532,-0.9402498860287901,-1.0779247163016414,False,applicant_pool
3202,-0.541600301433921,0.4675497919754231,-0.03919909609055629,False,applicant_pool
3203,0.5720957235984819,0.4520216357842265,1.0020065159667984,True,admitted_students_file
3204,0.3757302976123567,-0.46316820452495655,0.011596577433822877,False,applicant_pool
3205,0.8658170031798195,1.984955013783783,2.9996476753708485,True,admitted_students_file
3206,0.7134604624444878,-0.7354473192398943,0.47905069490650576,False,applicant_pool
3207,0.5887356228811461,-0.11943106789817422,0.22994979796710274,False,applicant_pool
3208,-0.09841740865778026,0.6391626658898175,0.868279546468419,False,applicant_pool
3209,0.24493922704446816,0.8920548937698285,0.7731097734030478,False,applicant_pool
3210,1.0635089284515264,1.2775765215431991,1.5533404706624294,True,admitted_students_file
3211,-0.6520745694027944,0.42849647899323895,0.7621288993515045,False,applicant_pool
3212,-0.6284077786968656,1.0509127007879968,-0.35401231533912786,False,applicant_pool
3213,0.18143139795036198,-0.6651081720279391,-0.29807314951195424,False,applicant_pool
3214,0.41527969026545347,0.918081960350382,1.6994820747550161,True,admitted_students_file
3215,-0.8241064992640045,0.9047291501563995,0.26869811380248043,False,applicant_pool
3216,-0.07476256341330836,1.5128866747535359,0.6764435826130032,False,applicant_pool
3217,-0.09399877422878479,-1.6684359922285426,-2.3398944339591816,False,applicant_pool
3218,-2.2152801156034707,-0.9071831156010672,-3.6188439598185456,False,applicant_pool
3219,-0.21959398925875973,0.823140969367302,1.8456323699030759,True,admitted_students_file
3220,-0.1573178328484663,-2.651364479881397,-1.6096852283988428,False,applicant_pool
3221,-0.16029294282301915,0.49200617378835015,-0.19323759723291828,False,applicant_pool
3222,1.4159142745772682,1.0598044249313672,1.8538369770715017,True,admitted_students_file
3223,-1.2157982985088753,-0.5763752475504399,-1.8282847017508999,False,applicant_pool
3224,-0.8246225712046127,-0.43019000011191194,-1.0474690655331271,False,applicant_pool
3225,-2.612195798319334,-1.0741373472399038,-3.0547748197085802,False,applicant_pool
3226,-0.4809166661741407,-0.5215471197314033,-1.6408929700337564,False,applicant_pool
3227,-0.39564355412600094,-0.4925685019617576,-2.0508272985435885,False,applicant_pool
3228,-0.5099771763342562,-0.6828412744655215,-1.8936921675800393,False,applicant_pool
3229,1.10767733948376,-0.7376781777844968,0.9554008898607429,True,admitted_students_file
3230,0.8606175223369632,-0.2710047848883935,-0.3075690935054518,False,applicant_pool
3231,0.07785672426730414,-0.28310431565612143,0.24101354385928436,False,applicant_pool
3232,-0.37061305353986224,1.8741318998610565,1.6469404230004256,True,admitted_students_file
3233,1.0261896681068639,-0.3941851431170102,0.42240872088862536,False,applicant_pool
3234,-0.01975785983585163,0.3441502161918585,0.0018579830066550174,False,applicant_pool
3235,-0.8182700389184578,-0.5768829664763014,-0.813733409137229,False,applicant_pool
3236,-1.7162486774845516,-0.5895957758414572,-1.7904331512287854,False,applicant_pool
3237,-0.44131449389568267,-1.7043705377326224,-0.5519587871187572,False,applicant_pool
3238,0.7546436171726086,-1.5713662478110932,0.7827040019861298,False,applicant_pool
3239,2.2765386895430897,-1.2069982796529997,1.7100695476882275,True,admitted_students_file
3240,0.06161034618947592,0.18369683476007076,-1.346644596724292,False,applicant_pool
3241,-0.7653555151203043,1.0761736552845853,-0.10388694009529703,False,applicant_pool
3242,-1.184965208284214,-1.786664526895518,-1.9286479307200164,False,applicant_pool
3243,0.5519548963055988,-0.549076801348817,0.32601133401768845,False,applicant_pool
3244,-1.7646160523842684,-1.3668907093503484,-3.2445995715189344,False,applicant_pool
3245,0.5503451014048882,-0.26427709413354983,-1.034466357531906,False,applicant_pool
3246,0.8177116062629123,1.0757694937071505,2.1455155397183154,True,admitted_students_file
3247,0.43627945323286405,-0.4468824016079753,-0.39827543947066785,False,applicant_pool
3248,-0.21966167193855743,-0.04751697219969663,-1.2148505556071276,False,applicant_pool
3249,0.5649406535468146,1.455228396392314,0.5405613170543611,False,applicant_pool
3250,0.17093837112829996,0.4579009305079092,0.6820777963820863,False,applicant_pool
3251,-0.7781238418605918,-0.760091855816802,-1.5756235840147537,False,applicant_pool
3252,1.8504123223750257,0.1589152858357252,1.475200894865823,True,admitted_students_file
3253,-0.3516793796105163,-0.8275490114022908,-1.4516076080808773,False,applicant_pool
3254,0.7757523004499094,0.4204820127359998,-0.4433877855979733,False,applicant_pool
3255,-2.4186142826957147,0.5153401540727593,-0.24006206934999397,False,applicant_pool
3256,1.276470882780929,-1.3671597004984526,0.21978520638589266,False,applicant_pool
3257,1.4687637446545818,0.17514941738577372,0.8349179524595498,False,applicant_pool
3258,0.029833787126638218,-0.1175732579959197,-0.4219838612421596,False,applicant_pool
3259,0.5587710347377585,0.5446773971721118,1.7426717390940802,True,admitted_students_file
3260,0.5585151816075627,0.8313470510191334,1.3174814830774602,True,admitted_students_file
3261,-0.6427835696407243,0.477449604124605,0.6953020445595537,False,applicant_pool
3262,0.5471223054393403,-0.30319335337975234,-0.25003105540370785,False,applicant_pool
3263,-0.8086304698725554,0.9333300208640003,0.11652128627014396,False,applicant_pool
3264,-0.6087569236453261,-0.8730627763102515,-0.6816435637735533,False,applicant_pool
3265,1.1269431432122987,-1.3205219933694994,-0.5108746291218693,False,applicant_pool
3266,0.9746576907002027,-3.1952866845608003,-1.5102813223119365,False,applicant_pool
3267,-0.7063755021157926,-0.07014095173715502,-0.9132629329226909,False,applicant_pool
3268,-0.7335763435010406,-0.8215464394934352,-0.7314883706948572,False,applicant_pool
3269,-0.6455966024576721,0.3977544760753508,-1.0860732968439153,False,applicant_pool
3270,0.7326395664654908,-1.9712273940443676,-0.4047030744533293,False,applicant_pool
3271,-0.9999847808103971,-0.6471785508995,-0.8531569243913955,False,applicant_pool
3272,0.3567126390359526,0.47026990586448525,0.3952226842301593,False,applicant_pool
3273,0.7468468106342946,-1.0298361463489805,0.13071893374191274,False,applicant_pool
3274,-0.08824545029310012,0.409256748612862,-0.04680098070523875,False,applicant_pool
3275,1.0100636968649277,-0.5570225950680406,-0.17461480276112418,False,applicant_pool
3276,-0.30431016948979245,-0.03280830977999759,0.16148129682671114,False,applicant_pool
3277,-0.2138556009939144,0.5951580064168556,0.6587563671329723,False,applicant_pool
3278,-0.9772462311318565,0.952797023115313,-0.37098115237707724,False,applicant_pool
3279,1.0171773476202053,0.09249241132060718,0.30614873874138737,False,applicant_pool
3280,-0.7665204469788703,-0.8140102948787449,-1.1554264208397695,False,applicant_pool
3281,0.3497718177150592,-0.45803886237965,-0.45677753600179627,False,applicant_pool
3282,-0.07131606712593476,0.6369553630869581,1.435248919292253,True,admitted_students_file
3283,-1.0527830631116626,-1.0212535834826066,-1.1265908203503305,False,applicant_pool
3284,-0.6091031438233208,-0.1780665966402057,-0.5014401678182417,False,applicant_pool
3285,1.382872239040734,-0.38588409836147486,-0.004865190140801778,False,applicant_pool
3286,0.20165754263448052,-0.1033617833189646,0.5811848564807337,False,applicant_pool
3287,-1.009150341366842,-1.0092825292493772,-1.7401047958616331,False,applicant_pool
3288,0.30532828734869183,-1.8519443522121117,-1.462223559917951,False,applicant_pool
3289,-0.1461140315945451,0.5207426159596433,0.7843388439909238,False,applicant_pool
3290,3.4540464022441815,0.9641314234886486,3.142941491420668,True,admitted_students_file
3291,0.2851238413422724,-1.7921749574981565,-2.731996551896215,False,applicant_pool
3292,-0.3806248470663645,0.3689261609262163,-0.11804368062611273,False,applicant_pool
3293,1.4200279177871042,1.0831829148451766,1.7149507755943165,True,admitted_students_file
3294,-1.8410361672928455,0.5959110467623232,-1.0470486373916514,False,applicant_pool
3295,0.09432015638109745,-0.4166701786760665,-0.0972729485088665,False,applicant_pool
3296,1.9944284946810726,-0.9434963697507577,-0.5836757208316027,False,applicant_pool
3297,-0.11619928435975406,0.08097807934998928,-2.0046082027948544,False,applicant_pool
3298,-1.7333010446480788,0.24778505884688073,-1.6484131576299683,False,applicant_pool
3299,-0.39591796441059773,0.09580751115589878,0.0025011906214506274,False,applicant_pool
3300,1.4545180409590368,-0.18013463011756567,-1.4291201429176668,False,applicant_pool
3301,0.37606959632077114,-1.0826517241227573,-1.0497606301389462,False,applicant_pool
3302,-0.8388561095125178,0.4226882913088517,-1.6164417602719536,False,applicant_pool
3303,-0.685242807179024,0.47085449441352384,-0.3091893240695185,False,applicant_pool
3304,-0.5597002711498134,0.20082212546167189,1.1372586858718026,True,admitted_students_file
3305,0.36119788405399617,0.11099364507125732,0.15490129766654362,False,applicant_pool
3306,1.3381961329386531,1.6792494877461053,1.8860876617134856,True,admitted_students_file
3307,1.052423012799171,-0.6243787845733961,0.8656904068985162,False,applicant_pool
3308,0.45601218210912847,1.2814350974566557,1.1442553221851612,True,admitted_students_file
3309,-1.3316447600574832,-0.7340244692218376,-1.493179238164096,False,applicant_pool
3310,-1.3279325139934413,1.1089505729564282,0.5063138852274442,False,applicant_pool
3311,0.5332520212137634,1.2333675500805437,1.4786237266995637,True,admitted_students_file
3312,-1.3454710979328943,-0.29305120340188257,-0.8630014627710882,False,applicant_pool
3313,-0.22556702106860427,1.6609630540608336,0.8358613146477232,False,applicant_pool
3314,0.304150446186177,0.46903588674608915,0.26032582309702845,False,applicant_pool
3315,-1.1375939953626888,-0.8772724411405676,-0.6676435640649532,False,applicant_pool
3316,-1.0242623343588635,-0.374156594389209,-1.1444961376016682,False,applicant_pool
3317,-0.09412106456781866,1.1327623061066514,1.5369938225494504,True,admitted_students_file
3318,0.5036502875240538,0.9230647018766497,0.19436228670795963,False,applicant_pool
3319,1.0615187704137568,-1.0580404013792908,1.0059097080264474,True,admitted_students_file
3320,0.6070534347705518,-0.13925731219049714,0.6344955378389281,False,applicant_pool
3321,0.07365659499219453,0.20352298277651182,-0.4978077205867451,False,applicant_pool
3322,-0.7461947535570493,-0.5076045890756089,-0.45868452852461344,False,applicant_pool
3323,-1.0709069958445192,2.357799723374719,0.3812682440725342,False,applicant_pool
3324,-0.5108770883291476,0.23366374340532553,-0.1567890361572515,False,applicant_pool
3325,0.40993558498056715,-0.061812190903049326,-0.11435878985128928,False,applicant_pool
3326,0.33662370662734287,1.19085104425809,0.8998200731823766,False,applicant_pool
3327,-2.0999019857251224,-0.36521353483883495,-0.9433235326996655,False,applicant_pool
3328,-0.785677028267503,1.007427610617323,0.5070960350300635,False,applicant_pool
3329,1.2045075516061559,-1.6677323955829848,-1.0888519228232938,False,applicant_pool
3330,0.07921504780413943,-0.45365404624556616,-0.9910528581478344,False,applicant_pool
3331,-1.417008913102986,1.0490704183772468,-0.049617094385997096,False,applicant_pool
3332,2.3558211815981513,1.570197720589671,2.7921432752491286,True,admitted_students_file
3333,-0.028941732314764643,-0.7732957130059931,-0.993565825029461,False,applicant_pool
3334,0.38433395931340797,-0.8898216362186484,0.7853538480990199,False,applicant_pool
3335,0.3995247560451345,0.567446430370459,1.197977727258853,True,admitted_students_file
3336,-0.36759546616018607,-0.6230338949177128,-1.08181254046999,False,applicant_pool
3337,-0.7275736818213943,-0.26857791775539397,-1.1530772607961073,False,applicant_pool
3338,2.1216749850659404,0.8764050247371578,1.789282756772741,True,admitted_students_file
3339,1.0032058696177506,-0.544102181614012,0.06611930945051833,False,applicant_pool
3340,0.8219372011086765,-1.9654257515356857,0.13604268783468787,False,applicant_pool
3341,0.5762891917182107,-1.3010844356058813,0.21804917256943473,False,applicant_pool
3342,-1.0033173903616845,0.009955585720280876,-0.6211365135659391,False,applicant_pool
3343,1.2775301917402737,-1.8634231484728845,0.09370347074625324,False,applicant_pool
3344,-0.8431326580117493,-0.2971604172973206,-0.16510784050971128,False,applicant_pool
3345,0.2832867981506457,-1.392096516243992,-0.6799438069741011,False,applicant_pool
3346,-1.6393899054645689,1.6399390068655983,0.28218999146903223,False,applicant_pool
3347,-2.0408588506475196,2.1651425947656726,0.4967157215413968,False,applicant_pool
3348,0.3182912026531147,-1.0581971023420684,-0.13961482824360116,False,applicant_pool
3349,-0.8090992671949081,0.256758680037918,-0.9041840615850973,False,applicant_pool
3350,-1.9891675712972732,-0.9604037319968523,-2.391618177283425,False,applicant_pool
3351,0.5406095029470755,-0.30931560205451125,-0.051675227600068374,False,applicant_pool
3352,2.120080771050789,1.8034693279558056,2.0556425690214644,True,admitted_students_file
3353,1.3895602585800617,-0.4666885477264853,-0.4313037887901323,False,applicant_pool
3354,-0.2573178852656725,-0.2860374622371136,0.11998539678751752,False,applicant_pool
3355,0.00884530669694572,-0.9425292672276969,-0.36440888553668727,False,applicant_pool
3356,0.8877062567839132,1.1461893776648633,0.38447555898692254,False,applicant_pool
3357,1.1221280198349068,-3.2632667025240267,-1.5603818419572033,False,applicant_pool
3358,-0.3435357188256987,-0.442797321531621,-0.6401165483090968,False,applicant_pool
3359,0.034177715724574294,-0.04588609413545871,0.11975065398988267,False,applicant_pool
3360,0.30061480676453645,-0.6610773298509144,-0.9916463540595069,False,applicant_pool
3361,0.5538763202788318,0.8635455077311673,-0.026471776989589357,False,applicant_pool
3362,-0.13307644201126692,1.2020272839704742,1.0586251944972218,True,admitted_students_file
3363,-0.12008524506874427,-1.412039512879515,-2.0696545012544045,False,applicant_pool
3364,1.3798323297543882,2.0934866537708046,2.094792894153111,True,admitted_students_file
3365,1.2095207024428862,-1.4232588243535156,-0.36718380927266797,False,applicant_pool
3366,0.4774105734360883,1.2886306816758417,1.0616277930640048,True,admitted_students_file
3367,1.7191090700229286,0.1498276985356943,1.3917112343876012,True,admitted_students_file
3368,-0.386445762226417,-0.5037010971138146,0.5404039738968338,False,applicant_pool
3369,1.6229734486293805,-0.40936692967583616,-0.33080030309382624,False,applicant_pool
3370,0.5425154435355505,-0.03351279066031383,0.9444588322818283,False,applicant_pool
3371,3.2710261222145895,0.20841786186378186,0.5031280553589774,False,applicant_pool
3372,-1.1924819267824778,-0.9201543513715253,-0.3976157766279792,False,applicant_pool
3373,-0.6893452522173416,-0.23393995767839035,-2.0301439248082356,False,applicant_pool
3374,0.4187978282005477,-0.7706728229275946,1.4767575000517732,True,admitted_students_file
3375,0.3972340529789919,-1.2150495270738728,-0.8044175387956811,False,applicant_pool
3376,1.9501389841750185,-0.8173117024578972,1.6396058756572531,True,admitted_students_file
3377,-0.6683746832995339,-1.1499746326954394,-0.4230178390091276,False,applicant_pool
3378,0.9049185186938843,-0.4201549127505187,0.009553979950101765,False,applicant_pool
3379,1.1624630046819957,0.43247490546841544,0.7848851888664465,False,applicant_pool
3380,0.7046478322206475,0.12071035417796232,-0.04952845303349673,False,applicant_pool
3381,-0.96099634192432,1.9743447766606508,1.2098355990896172,True,admitted_students_file
3382,1.407758805254198,-2.210453013719917,-0.8181789084556448,False,applicant_pool
3383,1.2293249313154138,0.4693409662141885,0.5308443637587277,False,applicant_pool
3384,0.5995845197903774,0.00642023852435217,0.7699963012738809,False,applicant_pool
3385,0.20434768720895413,0.8156703423719669,0.03498821024357446,False,applicant_pool
3386,0.22610801004437128,0.7164652043104087,0.38238498510420516,False,applicant_pool
3387,-0.07873579223937772,-0.16499175013517703,-0.0834487971329252,False,applicant_pool
3388,0.6407851342526418,0.17265128485675557,0.07903302993822064,False,applicant_pool
3389,0.031134852944977556,-0.7440692129184846,-0.8074914106267344,False,applicant_pool
3390,-0.8485249753526413,0.6136799793544542,0.9218389933987987,False,applicant_pool
3391,-1.048591644827592,-1.878876052122701,-2.045818643217293,False,applicant_pool
3392,-0.7520362536522921,0.7768264386493173,-0.23562525160046222,False,applicant_pool
3393,0.22213224254945177,-0.02317344423611007,0.006735622255566703,False,applicant_pool
3394,-0.026955836435207322,-0.4870620378310888,-0.015993126323745388,False,applicant_pool
3395,0.21534379328874922,-0.2325331994467262,-0.7348776918743894,False,applicant_pool
3396,0.500813133546111,-0.1591962345883808,0.5211017646433951,False,applicant_pool
3397,-0.6273209259168789,1.2973037604805013,0.614562975507823,False,applicant_pool
3398,1.4656601683453478,3.2334936632485123,1.802391221684127,True,admitted_students_file
3399,-0.2677108270474744,1.2198708241503822,1.874882920503023,True,admitted_students_file
3400,-0.433426984781509,-0.5653257858897562,0.37338019159792213,False,applicant_pool
3401,0.4823862373324524,0.6297818242852791,0.16251518713013935,False,applicant_pool
3402,-1.8365102023750728,0.6733291660574839,-1.541766249994531,False,applicant_pool
3403,-0.7905344497229193,-0.9251607224472203,-0.955565813992921,False,applicant_pool
3404,0.981072798691833,-1.2607992972206816,-1.1799265255256532,False,applicant_pool
3405,-1.7374219290621107,-0.06328092891678859,-0.2154587900947057,False,applicant_pool
3406,1.1175741969331559,0.8077076027014347,0.9235155547358092,False,applicant_pool
3407,1.5111365663591347,-1.6118082676014285,1.0698282440086806,True,admitted_students_file
3408,-0.36945533782374834,-0.7208978676544061,-1.2858119428311874,False,applicant_pool
3409,0.29181276742631007,0.5726517089904064,0.4833604497741615,False,applicant_pool
3410,1.1190870848510266,0.041723613270580134,1.6415757783832006,True,admitted_students_file
3411,-0.4667891880435197,1.4162736205989954,0.3908972454138782,False,applicant_pool
3412,0.8677755205261815,-1.4113674540763435,-0.16287053658458678,False,applicant_pool
3413,-0.6711487951306716,2.3521649334494557,1.857521618853819,True,admitted_students_file
3414,-0.47760229333317933,-1.5379924435695795,-1.6993697945707096,False,applicant_pool
3415,-0.7993364643249737,-2.0291637188282605,-2.721742482432986,False,applicant_pool
3416,0.3426471991948034,-0.05891277949730691,-0.836670044611932,False,applicant_pool
3417,1.1579690525655495,-1.1344589282460094,0.42368450541421343,False,applicant_pool
3418,-0.18411293211716429,-0.03875566404487908,0.12728028339300476,False,applicant_pool
3419,-1.2712491599124032,-0.07372687895466667,-0.131070204106832,False,applicant_pool
3420,-1.0827068222868157,-0.19577421210743123,-1.0228439756440737,False,applicant_pool
3421,0.3945994213705404,-0.8424110321967792,-1.292593627357435,False,applicant_pool
3422,1.8441164133942693,0.43265615257969103,-0.16702444651402892,False,applicant_pool
3423,0.39372499931439753,-0.3173371147671696,2.057225899001889,True,admitted_students_file
3424,-0.38689655065125267,1.1036648707547636,0.8347455210435342,False,applicant_pool
3425,0.7661839668502841,-0.18037225252830674,0.4765318435668911,False,applicant_pool
3426,-0.23949863558674636,-0.9646474228665894,-0.5876471057749968,False,applicant_pool
3427,-0.3782852173642064,-1.6877105518433855,-2.34483451374764,False,applicant_pool
3428,-0.9584591056952636,-0.17210943144837143,-1.2912799428174955,False,applicant_pool
3429,1.4084488442463559,-1.2692045713626225,1.3108398669682961,True,admitted_students_file
3430,-2.5392079174956637,-1.349961854004778,-2.0671172513787344,False,applicant_pool
3431,0.7978592002792693,0.527457309146987,0.3269373707875113,False,applicant_pool
3432,-0.4637449377975369,-1.7776700611633918,-2.315690478982871,False,applicant_pool
3433,-0.4103407314516127,1.4121933783329124,0.29021834421164827,False,applicant_pool
3434,1.6923151561178125,0.15971638439554017,0.9830190482776645,True,admitted_students_file
3435,-0.7141310922000513,-0.04384263102496118,0.9417193049964341,False,applicant_pool
3436,-0.6800691540284102,-1.034765940550586,-1.246429974652516,False,applicant_pool
3437,-0.13039423891953036,0.764372296342938,-0.42060051156789374,False,applicant_pool
3438,0.41384738581223823,-0.0029049335973952714,0.22609093941258868,False,applicant_pool
3439,-0.4418557822928694,-0.686096642740802,-0.5481321484072857,False,applicant_pool
3440,-1.5738589305358854,0.19982469665158892,-1.7895048563359528,False,applicant_pool
3441,-0.8656981808817654,-1.6827854554393802,-1.3749984894919147,False,applicant_pool
3442,1.2813338564645194,-1.6353271315491387,0.6161455377850964,False,applicant_pool
3443,0.07477678913551145,-1.1201860853010783,-0.5824461442320843,False,applicant_pool
3444,0.45108728370382206,0.3495272676097139,-0.037546147940977326,False,applicant_pool
3445,-0.2614212071730376,-0.003258321806131569,-0.5422510001355649,False,applicant_pool
3446,-0.6594976961732696,1.0489792655557526,-0.9080221635646895,False,applicant_pool
3447,1.677569449875411,-0.9199898521685768,0.39874207463766753,False,applicant_pool
3448,-0.18819185705108066,0.5746678404813418,0.46875535901060894,False,applicant_pool
3449,-0.44336987952712686,-0.11387055239528114,-0.9898490901553998,False,applicant_pool
3450,1.0961423663553396,-0.9430451947409286,1.4573032672687067,True,admitted_students_file
3451,-0.7223603588673853,0.38530767071291894,0.3355113995154005,False,applicant_pool
3452,-0.5947273437739967,-0.06601185824523254,-1.6844246185764085,False,applicant_pool
3453,0.010246684016898003,-0.6291191941453987,-1.642850922538816,False,applicant_pool
3454,0.00027010408817970173,0.04199908714409162,-0.6613416875916965,False,applicant_pool
3455,0.2596113479032144,-0.129530385937392,1.1857824100092753,True,admitted_students_file
3456,2.091669089395488,-0.1536880685175025,1.8833328609573443,True,admitted_students_file
3457,0.33624824635237044,-0.41259314991079943,1.0869743495778221,True,admitted_students_file
3458,-2.3780539627508004,-1.3049485388936377,-2.386805125474957,False,applicant_pool
3459,0.3262989434315609,0.07476541589487229,0.11404930398858704,False,applicant_pool
3460,0.03787999448959883,-0.8027143737214145,-1.370398986743117,False,applicant_pool
3461,0.04345002435145766,-1.0203288676440678,-0.3901925006984395,False,applicant_pool
3462,0.2459473093961707,-0.24069984410260706,-0.13390686440109809,False,applicant_pool
3463,-0.028678287674799376,0.7340265441721783,0.2942058333859928,False,applicant_pool
3464,-0.052612093055389005,0.18561350769098114,1.2190865082501214,True,admitted_students_file
3465,0.6130442097707861,-0.531142208357589,-0.035205621086614125,False,applicant_pool
3466,-0.542080797194501,-0.5713460578678574,0.20795955504284613,False,applicant_pool
3467,-0.9476863356391756,0.635813262188768,-1.3143697605425944,False,applicant_pool
3468,3.023781452622391,-2.39673576944724,2.2892582570678934,True,admitted_students_file
3469,-0.7158574437812334,0.7973649891994805,-0.2083094187068979,False,applicant_pool
3470,0.10014291246007646,-1.874015774930339,-0.6579885443138525,False,applicant_pool
3471,-1.4956602508753674,-1.4154079083229805,-1.2858032651163676,False,applicant_pool
3472,0.11646841505142191,-0.5142658312632256,-0.6067180318004772,False,applicant_pool
3473,-0.9332255506893351,2.170124142930845,1.3773051479983192,True,admitted_students_file
3474,-0.44247294285001093,1.6774193600142666,1.4124173947636331,True,admitted_students_file
3475,1.0450646657711238,0.7064877557971356,0.6393079232873311,False,applicant_pool
3476,0.47200956837807373,0.35654237829544994,0.04764860841046531,False,applicant_pool
3477,0.5684095245748191,-1.8622769680124747,-0.8092990617951563,False,applicant_pool
3478,-1.7712048383918628,0.15675816288069885,-1.1302361024619916,False,applicant_pool
3479,1.8368951698290128,-0.5492215185599713,1.8121789404195514,True,admitted_students_file
3480,-1.191881310941875,-0.8166693336227218,-0.8136901895054327,False,applicant_pool
3481,1.528560814293865,0.15480308997465927,1.044890039150377,True,admitted_students_file
3482,1.0215438659814862,-0.4711100094466988,0.7820365778429832,False,applicant_pool
3483,0.5773327417846801,0.8692995459688505,-0.49234616741788884,False,applicant_pool
3484,-0.8549847809083815,-1.9359547676126674,-2.2448283880809012,False,applicant_pool
3485,0.15158984481952292,0.07501142234598206,0.3487655294807997,False,applicant_pool
3486,-0.4709214106448598,-0.8790972235140434,-0.09675626087857181,False,applicant_pool
3487,0.029039571505291815,-0.40963582891569356,-0.10754903305770563,False,applicant_pool
3488,-0.24987225908555988,0.3046264194792415,1.0563575042402524,True,admitted_students_file
3489,-2.0386105065724083,-1.117307862610067,-1.4437890393509245,False,applicant_pool
3490,1.121784150984588,0.16423213931246486,0.4940799918431434,False,applicant_pool
3491,-0.08110715654936117,-0.2123382052092645,-0.2887609373107452,False,applicant_pool
3492,-0.484800399502237,-0.6605868651768887,-0.4586065416744317,False,applicant_pool
3493,-0.5603272328297677,-0.4705724860109197,-0.9841297042459015,False,applicant_pool
3494,0.3584595763667682,-0.15455189118692608,1.2044431199085126,True,admitted_students_file
3495,-0.8937563382944722,-0.7678365125632122,-1.8561436470620971,False,applicant_pool
3496,-2.2551755584740434,0.007094475325611389,-1.2399781887494106,False,applicant_pool
3497,0.40712980320827613,-0.2781766216660757,0.5986323375259702,False,applicant_pool
3498,0.5191029979568217,-0.6112825370669608,-0.279329593044362,False,applicant_pool
3499,-0.1996318246776329,1.5898422339029836,0.526477233142004,False,applicant_pool
3500,-1.1479028751900089,0.41523992256162096,-0.5294878267234514,False,applicant_pool
3501,0.08893554088928533,-0.38271223262295445,0.3774441093227371,False,applicant_pool
3502,-1.4645323683135887,0.14586043082470876,-1.2070303576372696,False,applicant_pool
3503,-1.0272305966876594,-1.0268201367735081,-2.0833778075862637,False,applicant_pool
3504,-0.7506979365041612,-0.4367716067785833,0.03355414076133434,False,applicant_pool
3505,0.8439390708915561,-0.3200774504382476,0.6200175843495619,False,applicant_pool
3506,-0.3626109504369171,-1.2467939099098826,-0.3406129578827577,False,applicant_pool
3507,-0.4478664117764606,0.3873540479944179,0.4921991754288806,False,applicant_pool
3508,1.9546925154112462,-0.5056127026128259,2.4678243941163487,True,admitted_students_file
3509,0.3524624971887139,-0.3554666674474038,0.7785277142564336,False,applicant_pool
3510,0.33899451047482604,-0.5687198591233552,-0.6561771699339184,False,applicant_pool
3511,-0.3697007452087749,2.9590905906430995,2.012290976594419,True,admitted_students_file
3512,-0.5963716676367777,-0.6626151501740128,-1.2085835363074957,False,applicant_pool
3513,-2.1864064400171506,-2.0686769538858276,-3.0836925207234196,False,applicant_pool
3514,0.9687405319235582,-1.5999319709588355,-1.3990247158036393,False,applicant_pool
3515,0.44830970575637913,0.7593026226954348,0.5846687861871019,False,applicant_pool
3516,-0.17916599321341334,1.3364526916831299,1.1337603559796057,True,admitted_students_file
3517,-0.13722670183625574,-0.6817971913728537,-0.5785807241795394,False,applicant_pool
3518,0.7361442622610551,1.2789496696354639,0.5402531734586534,False,applicant_pool
3519,-1.554710073079853,0.7415899998425441,-1.594641580332071,False,applicant_pool
3520,-0.5898813315538055,-0.18948013098608893,0.9717072041854653,True,admitted_students_file
3521,-1.1363028628925305,-0.26044628377053547,-0.6802744182019432,False,applicant_pool
3522,1.7715092824867462,0.18087022641565326,0.6921982620666394,False,applicant_pool
3523,0.8756555318533007,0.877455822153641,1.4627708018965255,True,admitted_students_file
3524,-2.2026926411353642,0.3972945655950222,0.35892150536303835,False,applicant_pool
3525,-1.5137616266399756,-0.6768083017986958,-0.98954680173301,False,applicant_pool
3526,-0.1323456733574863,-0.1742070470263107,-2.1502067765694406,False,applicant_pool
3527,-0.4724402120724247,1.981263454721924,2.8373392893130345,True,admitted_students_file
3528,-1.3243822080768883,0.251213797296192,-1.992032003210717,False,applicant_pool
3529,1.9447622376504894,0.8693254268826153,1.6849486201827357,True,admitted_students_file
3530,0.3125399139825792,0.5398849872492323,-0.23930682422231775,False,applicant_pool
3531,0.4748163228630915,0.2733577439977027,-0.03168833352173306,False,applicant_pool
3532,-0.6920149492322138,0.10869890001506896,-0.18006865250329804,False,applicant_pool
3533,0.7222741471780024,0.8973906253249794,-0.3969343540320882,False,applicant_pool
3534,-0.3804327609820118,0.7186422353106833,0.15666424847092406,False,applicant_pool
3535,-0.2833431737074994,0.2638934780115486,0.7904973937165847,False,applicant_pool
3536,0.6110019598252598,-0.6937625255478881,-0.6440625949309939,False,applicant_pool
3537,-1.6289975650602997,0.3855588055484719,-1.781434735642197,False,applicant_pool
3538,1.5970278598509826,-0.06700793646808344,0.8969993786898649,False,applicant_pool
3539,0.1823892147238758,-0.3082559113450759,-0.31865239583974314,False,applicant_pool
3540,1.2809442087804244,2.678775974966068,2.157158750201092,True,admitted_students_file
3541,-1.0754197566188184,-1.5390513077078276,-2.5312484450946497,False,applicant_pool
3542,-0.9231651240281931,0.9585128590574828,0.38640523459932363,False,applicant_pool
3543,-1.1619002215998122,-0.8626709442538306,-0.8992867997956566,False,applicant_pool
3544,0.2502976726648389,0.1311954893433961,-0.4979821588141885,False,applicant_pool
3545,0.06598330191824608,2.568587519090185,1.0633934824328484,True,admitted_students_file
3546,-0.4644118192311805,-0.9623689948240629,-0.8318631333319004,False,applicant_pool
3547,-1.0140691928852794,-0.7238726548272637,-1.8051423616745197,False,applicant_pool
3548,-1.2665962697308424,-0.01751373715160032,-0.7096081165858359,False,applicant_pool
3549,-0.04848390047065598,-0.8472169576313617,0.4454270122649321,False,applicant_pool
3550,-0.4655867795886001,0.884056350940301,0.23012934451878564,False,applicant_pool
3551,-0.6856069923582623,-0.5345294360632951,-1.6426201356814814,False,applicant_pool
3552,1.5470894861316096,0.6540096401493369,1.7051868802078392,True,admitted_students_file
3553,-0.08232567819273391,-1.3291891318000693,-1.0418429371590532,False,applicant_pool
3554,1.2700429339269252,-1.8068315021542254,-0.45402249559166485,False,applicant_pool
3555,-0.5332521826826966,-0.22898497895304948,-0.16272814404808283,False,applicant_pool
3556,0.24477628379865687,-1.568507838037595,-0.37669932831048164,False,applicant_pool
3557,-0.055476016256334894,1.5182689127654503,0.9756668985622382,True,admitted_students_file
3558,-1.6976223095181227,-1.529803490494998,-2.1403029917050267,False,applicant_pool
3559,1.4283383062639128,-1.0376866876706978,1.698402595416963,True,admitted_students_file
3560,-0.13515360703241588,0.4136198854746102,1.0213908802225349,True,admitted_students_file
3561,0.7464182196329605,-0.5863639500620061,0.6875175578667381,False,applicant_pool
3562,-0.7520287224615594,-1.518387969867604,-1.383926687897819,False,applicant_pool
3563,-0.16484438157976464,2.0399641600719596,0.5148075908934452,False,applicant_pool
3564,-0.8668523599233547,-1.001633803159574,-0.42534553585010804,False,applicant_pool
3565,1.2359984827633934,-0.1962578074965492,0.7768373416260637,False,applicant_pool
3566,0.3114093474506757,-0.20919252010603026,-0.3375773719021739,False,applicant_pool
3567,0.36705352668088814,0.7103091519665778,0.5300874236094668,False,applicant_pool
3568,1.358184147104979,0.4623524606710589,0.5070209986877209,False,applicant_pool
3569,1.156341296899023,-0.8268010377310057,0.9543314985493145,True,admitted_students_file
3570,0.7653425361362853,-0.3258272174433068,0.7638109153356862,False,applicant_pool
3571,-1.4217273470374627,-0.22692243354181574,-0.9444796343066854,False,applicant_pool
3572,-0.6956791195166836,0.748959498198562,0.004682344605531935,False,applicant_pool
3573,-1.0038881360113527,-1.1683219148586013,-1.8884047471403602,False,applicant_pool
3574,0.7275336936257992,2.018110556755782,0.29361791211706345,False,applicant_pool
3575,0.1706519417500514,-0.7591833874594441,-1.371594267373152,False,applicant_pool
3576,-1.3905124336305947,-0.008749396756593255,-1.429371927415175,False,applicant_pool
3577,-0.18874421301122754,-1.1599894396932418,-1.501753341667602,False,applicant_pool
3578,-1.4941123357187784,-1.2981590116406168,-1.6124239385523613,False,applicant_pool
3579,-0.05315648806975988,-0.874428409077624,-0.034884563764474796,False,applicant_pool
3580,-1.6553725039871847,-0.9705232176642551,-1.7967396723041607,False,applicant_pool
3581,0.5288274933846129,-0.4142570241548305,1.0607126595843628,True,admitted_students_file
3582,0.37796262603407355,-0.9789650287637407,-0.938679965484925,False,applicant_pool
3583,1.9079484933468815,0.6955524212942098,1.5973996057929147,True,admitted_students_file
3584,0.8478732894973424,-0.782983895318375,0.006487080722011734,False,applicant_pool
3585,-0.42291425582250275,-0.8938154934519152,-0.09134390684427862,False,applicant_pool
3586,0.818070093274486,-0.3929688641172687,0.35043675640971617,False,applicant_pool
3587,-1.3976638809451785,0.9928388786962945,-0.16963801127108458,False,applicant_pool
3588,-0.9624726036810854,0.2148761736103992,-1.644327860051491,False,applicant_pool
3589,0.33314253207511,-0.09968952988746987,-0.4781902450255623,False,applicant_pool
3590,-2.1582496627479273,-1.433044769968679,-1.5671747896774864,False,applicant_pool
3591,-0.037160784933883036,-1.1427084598637094,-2.219654593636464,False,applicant_pool
3592,-1.0202632921184207,-1.2784099400396236,-0.5540427442012894,False,applicant_pool
3593,0.10130705515326355,1.3068512236723466,1.265068023504608,True,admitted_students_file
3594,-1.0777363580472634,0.5305631231316476,-0.8789275325497791,False,applicant_pool
3595,0.42424813745518875,-0.8616205089241941,-0.8667263249399548,False,applicant_pool
3596,0.01932742366738962,-0.5643716438256554,0.9728899667909422,True,admitted_students_file
3597,1.4003659168813305,-0.8252901762373339,1.3617832959541922,True,admitted_students_file
3598,0.006734534101622121,-0.8858612163807086,-0.6550408835618546,False,applicant_pool
3599,-0.7686428049614663,0.46030103121618055,-0.10620794231777035,False,applicant_pool
3600,-0.2468858558272829,-0.2875362207843132,-0.799701302434728,False,applicant_pool
3601,-1.3442363970167315,2.0811677442974634,0.5733541602107494,False,applicant_pool
3602,0.40613725470544,1.2503598245169982,0.6049905194960781,False,applicant_pool
3603,0.5898502463152723,1.3094803404667223,1.1795847644863706,True,admitted_students_file
3604,2.469196036692818,0.6713569749481262,3.308590023401933,True,admitted_students_file
3605,-0.6218359906044048,-0.4226590705071891,-0.7458516223078343,False,applicant_pool
3606,-0.2677945736751827,0.5977908845295841,-0.5191177148361779,False,applicant_pool
3607,-0.5757585244382156,-0.34883269452865795,-1.5574447259179496,False,applicant_pool
3608,0.21211370113122407,1.6302760507283627,1.2865357688638672,True,admitted_students_file
3609,0.38169053447961365,0.40427938304992056,-0.021746161750755943,False,applicant_pool
3610,-0.05337484442851077,0.26236035860301515,0.30846278360120327,False,applicant_pool
3611,1.0863259168730321,0.12707266242950907,-0.3449430886433307,False,applicant_pool
3612,-0.6169795037547775,1.7402664273608581,1.2133115945470698,True,admitted_students_file
3613,0.9861740478907121,-1.4337503338367856,-1.0330399961200514,False,applicant_pool
3614,0.5384978536410825,1.8382878276687262,1.5773187743455128,True,admitted_students_file
3615,-0.012029919898946523,-0.18615380745413765,-0.36563167498748483,False,applicant_pool
3616,-0.31493664075714545,-1.4061489758156511,0.08416662282289078,False,applicant_pool
3617,2.4266677587313694,-0.752209731643056,1.208440139008073,True,admitted_students_file
3618,-0.8170086507420794,-1.6508072627235828,-0.2422499800724649,False,applicant_pool
3619,0.29793317696841465,0.65365674558564,1.0110531297038294,True,admitted_students_file
3620,-0.7502190702421325,-1.0382929503465195,-0.16474866776388863,False,applicant_pool
3621,1.7856207486213058,0.16866766620470017,1.1241287251408594,True,admitted_students_file
3622,0.8868263287992036,1.1342170301658476,1.5555303179705091,True,admitted_students_file
3623,-0.6783498788411441,-0.6720169285661368,-0.024687912501463516,False,applicant_pool
3624,0.5125949934312284,-0.2681036930243923,0.7923913092732773,False,applicant_pool
3625,0.2576957212765554,-1.3033666099160157,-0.307990782886451,False,applicant_pool
3626,-0.5166247619747387,-0.3883571089511976,-0.8177925990532684,False,applicant_pool
3627,0.7581642172281733,2.574023625273372,2.0547785519613004,True,admitted_students_file
3628,0.38930539110441015,0.7779331641104418,1.5550684270120034,True,admitted_students_file
3629,0.21569871388595227,-0.2647304188936049,0.9102672658575237,False,applicant_pool
3630,-0.04191971124232876,-0.6116880361817151,-0.8398489463213996,False,applicant_pool
3631,0.43105449259965123,-0.04263339565643339,-0.26815756903538723,False,applicant_pool
3632,0.22938766149245945,0.1300507521936395,-0.39925868289318733,False,applicant_pool
3633,0.05909333302501734,-0.4190697071457578,0.34680578783262767,False,applicant_pool
3634,-0.6410159159875635,0.5300591957711293,-0.7227543835844455,False,applicant_pool
3635,1.6937662407624925,-0.953447490060409,1.0535295721715776,True,admitted_students_file
3636,-1.050419943348547,-0.9583876749842681,-0.9237417117316209,False,applicant_pool
3637,0.427636218879745,0.3701954570502046,0.13702629829842106,False,applicant_pool
3638,-0.3202407423014329,-1.1686417535643978,0.1269278973830965,False,applicant_pool
3639,1.7595472694492997,0.7290172528625397,0.593985703831837,False,applicant_pool
3640,-0.9034825372238406,-0.014280612396933458,0.5651267725774888,False,applicant_pool
3641,-0.7352632617603321,-1.8279092187172135,-1.4428420073385573,False,applicant_pool
3642,-0.9698180632618253,0.10949912556094678,-2.010633759166655,False,applicant_pool
3643,0.3234650509506103,-1.6851466245889946,0.22922272221017959,False,applicant_pool
3644,-1.3730506595686418,0.6933620096556613,0.23875113051055474,False,applicant_pool
3645,-0.47852849475776627,-0.24871432925059608,-0.7724560139945621,False,applicant_pool
3646,-2.152365822854285,1.8510842165068195,-0.8711374397948297,False,applicant_pool
3647,0.24042135412809051,1.071312844372607,-0.24571949166141616,False,applicant_pool
3648,-0.5002148587562626,-1.0606925062318246,0.676222526025017,False,applicant_pool
3649,-1.488056743931853,-2.0207398638414173,-2.927085106965916,False,applicant_pool
3650,1.0856094029740586,-0.7551012567913739,-0.6696816983819028,False,applicant_pool
3651,-1.3076668983849393,-1.2212586028303711,-1.4562581887448471,False,applicant_pool
3652,0.7969436900282153,1.825738086877094,0.5582177282556706,False,applicant_pool
3653,-0.7010408239878044,-0.01031465928015141,-1.1494649430353605,False,applicant_pool
3654,1.601571377895426,0.9334188041831667,2.344222054263413,True,admitted_students_file
3655,0.7495505389261462,-0.2850309125505859,0.6268851735176799,False,applicant_pool
3656,-1.0080478708740281,-0.1796674882806456,-1.0424739552681055,False,applicant_pool
3657,-0.9170825522103063,-0.03262702250890829,-0.6044965525155239,False,applicant_pool
3658,0.60552520522431,1.1065393185924464,0.8031125693408889,False,applicant_pool
3659,-0.2623781307101668,0.31162475567459863,-0.011388160331447024,False,applicant_pool
3660,-0.16934250702136555,-1.057333843476665,-1.3306075956154764,False,applicant_pool
3661,1.2722388617720979,1.6225141380864172,1.4754219262388357,True,admitted_students_file
3662,-0.7486888733699565,-0.29281549898631315,-1.1044525383133783,False,applicant_pool
3663,0.09129377217545448,-0.4555201238766485,-0.7448497249048044,False,applicant_pool
3664,0.954627793652306,-2.829505302249035,-0.48793268309633686,False,applicant_pool
3665,0.8091174883856003,0.634399591161337,1.4773682761146465,True,admitted_students_file
3666,-0.1596126675206725,0.1010126396618833,-0.6907443059818774,False,applicant_pool
3667,-0.2889058808526582,0.09992565660190209,-0.9589128005427912,False,applicant_pool
3668,-1.7388154625209316,-0.40282467111081804,-1.5021597370520685,False,applicant_pool
3669,-1.0562449926651958,-0.5752178401327828,0.44825047748399616,False,applicant_pool
3670,0.3183592265747336,-0.36958042683042985,-0.7526874227537859,False,applicant_pool
3671,-0.1378821889422362,0.46316087112727944,0.09857407062744993,False,applicant_pool
3672,0.07492707856622638,0.6391177730333506,0.5262334431420885,False,applicant_pool
3673,1.0392536096340605,-0.23103158837459842,0.4492947919870456,False,applicant_pool
3674,-1.1873231090622745,0.948937494316759,-0.47569756153822707,False,applicant_pool
3675,-0.23618030223264996,-0.07897418101747768,0.6037055664264048,False,applicant_pool
3676,0.1887109634112177,-0.5042264181236554,0.11303599049733337,False,applicant_pool
3677,-0.704159937574516,0.19841557490736433,0.26332989088790426,False,applicant_pool
3678,1.431477113927417,-1.3593864184938602,0.4594249167982433,False,applicant_pool
3679,0.9085868016131475,0.23271830907924854,1.3676121472142482,True,admitted_students_file
3680,0.2901333270887555,-1.5421821055263716,0.2952523770973936,False,applicant_pool
3681,1.7942317793285865,-1.0277269599837642,1.4299589093259686,True,admitted_students_file
3682,-1.4988952796101422,-2.0186914067166244,-0.6590685743952587,False,applicant_pool
3683,-0.007726281105681772,-0.17511695267150065,0.7332907950298656,False,applicant_pool
3684,0.36633696893406104,1.6096337023090939,0.8157681927387961,False,applicant_pool
3685,-0.9145550467939221,-0.11707666108143513,-0.07744218085490195,False,applicant_pool
3686,0.30071454181772833,0.6435853794331272,1.1110995741022727,True,admitted_students_file
3687,-1.106582493787878,2.352313897312389,2.1539318459534638,True,admitted_students_file
3688,0.6905573182742532,0.4040558481200959,0.03448759648292454,False,applicant_pool
3689,1.0578347681289066,-0.7652120445880223,0.5807705272766304,False,applicant_pool
3690,0.2723334011283283,-0.6275686027358373,-0.7076521223817511,False,applicant_pool
3691,-1.8527978150649458,0.0006582082230062616,-0.8451091715771666,False,applicant_pool
3692,-0.9667935211660346,-0.6328946452609244,-1.190119973397327,False,applicant_pool
3693,0.5647100032131608,-0.5580869998134319,0.3399331151434457,False,applicant_pool
3694,0.021198643512365802,0.9852539092594899,-0.33304257095529066,False,applicant_pool
3695,-2.694002617692488,1.0261562807722122,-0.5288415819090511,False,applicant_pool
3696,1.2428303838682404,-1.646892482048664,-0.11839870318700518,False,applicant_pool
3697,0.13665650625383235,-0.8181695179002196,-0.3364484403298185,False,applicant_pool
3698,-0.819074664000045,-0.4640043869133926,0.5311584267993963,False,applicant_pool
3699,0.9949555975666642,0.599088946165252,0.7683905746382693,False,applicant_pool
3700,-0.6775400129068989,1.1430755885056563,0.5421839214795794,False,applicant_pool
3701,-0.6884521176042147,2.701967934273884,1.3789747701627637,True,admitted_students_file
3702,0.3583526510140362,-0.4656732962826614,0.06886899274390645,False,applicant_pool
3703,1.7810384592422948,-0.4157287143420289,2.442714067435118,True,admitted_students_file
3704,1.6235871779728863,0.5885700156377142,1.4825671405365144,True,admitted_students_file
3705,0.35971149890410664,-0.6822167189548592,-0.6067242526747733,False,applicant_pool
3706,0.46238565885031974,-0.1409618614905171,1.5185574250969265,True,admitted_students_file
3707,0.791498932084825,-0.41503810878354574,0.029317399338557926,False,applicant_pool
3708,-1.256983675369349,-2.621653921904179,-3.644739141274132,False,applicant_pool
3709,0.6441483371519825,0.12323323015154566,-0.019792575752902386,False,applicant_pool
3710,-0.7340734681435281,-0.18236095930279028,-1.468293623670106,False,applicant_pool
3711,0.3184780667965807,1.2712310502568995,-0.22666490033535358,False,applicant_pool
3712,-0.22746762760733732,0.005490407536354829,-0.39839569610383274,False,applicant_pool
3713,0.5012083271142144,-1.2547474783141723,-0.5389516239713753,False,applicant_pool
3714,0.1181034650064601,-0.25809887297952333,0.7353725254077433,False,applicant_pool
3715,-3.0730302708212998,-2.091082843136628,-2.916092395629208,False,applicant_pool
3716,0.17889171170518062,-1.2109178351996426,-0.2621329645813337,False,applicant_pool
3717,0.6421529522992627,0.6355059681529976,0.20523129465556555,False,applicant_pool
3718,0.4459283483384537,-0.24734043995366325,0.7485354238249943,False,applicant_pool
3719,-0.10258594620857964,0.9225082394980657,1.5068124761172803,True,admitted_students_file
3720,1.642161691930406,-1.9668922508780478,0.06512476076634505,False,applicant_pool
3721,0.3113731291216611,-0.242461397323753,0.3405549010771878,False,applicant_pool
3722,0.4376733001931063,-0.47551249838778537,-0.9098800886165264,False,applicant_pool
3723,1.0444918940505687,0.955848582613206,2.038326375155183,True,admitted_students_file
3724,0.3625929996965988,0.6727627681666226,1.9195626332440874,True,admitted_students_file
3725,-0.8980177534142035,0.642252150088298,0.05981903717094744,False,applicant_pool
3726,-2.4383374137796223,1.5414100380841014,-0.999052889059328,False,applicant_pool
3727,-0.47712090201808144,-0.36808710928656624,-0.6627816065395109,False,applicant_pool
3728,0.7609455258811165,1.335080835300719,1.068122634259382,True,admitted_students_file
3729,-0.35309633141780583,-1.044206150879736,-1.1605613707056084,False,applicant_pool
3730,0.8011783722817295,-1.0808777497656938,0.2717835492212646,False,applicant_pool
3731,0.148728175920273,0.7527465714983388,0.7815834639913372,False,applicant_pool
3732,1.2880660702621847,-1.5047407384088016,0.5619170898846569,False,applicant_pool
3733,-0.2952167071206611,0.5727656284189578,0.4400385801886475,False,applicant_pool
3734,0.46761482656768805,0.10131319372132609,-0.23505836859686868,False,applicant_pool
3735,0.5058850645353592,1.0718527286548727,0.6750451488790774,False,applicant_pool
3736,1.501601872631193,-0.05944396495488946,0.5434138890380977,False,applicant_pool
3737,-1.706637306334278,0.056048946295527126,-1.2034114876581044,False,applicant_pool
3738,-0.4584082745531576,0.5092649929249059,1.2893564509318483,True,admitted_students_file
3739,0.8485161053885039,-0.6626495500597784,1.4892429751170113,True,admitted_students_file
3740,1.545896479778648,-0.7062063074902213,1.1314194523000873,True,admitted_students_file
3741,0.24007151264208035,0.47442943984341945,0.5475602768991075,False,applicant_pool
3742,-0.29270416442148695,-0.02928780913063744,-1.1624513364619573,False,applicant_pool
3743,0.7571183686744447,-0.40731391730428035,0.38137870740166524,False,applicant_pool
3744,0.868702675231683,-0.08278409969766753,-0.04215803340882729,False,applicant_pool
3745,-0.3596616786673072,1.59455950783833,1.9440489165573087,True,admitted_students_file
3746,0.3303073121775462,-0.4430184067398925,-1.1975361943188674,False,applicant_pool
3747,1.1805272624119694,-0.4720196132820156,0.7296690052655521,False,applicant_pool
3748,1.8904589932744518,-1.707444224662495,-0.4930079647574862,False,applicant_pool
3749,0.7426049592352919,-0.042352938157114994,0.44850318386238447,False,applicant_pool
3750,0.044138896665593126,0.656883511240392,0.9219122983566299,False,applicant_pool
3751,-0.05407517603790821,0.8361981156808681,1.2237579929153921,True,admitted_students_file
3752,0.5573965571936229,0.10821760163053258,0.3901660625835942,False,applicant_pool
3753,-0.11567284247945017,0.9558335730808833,1.0789560600180017,True,admitted_students_file
3754,0.18964049902238825,0.7312304018802419,0.13483701655823804,False,applicant_pool
3755,-1.0578762645308748,1.1129502296922626,0.20767494669615638,False,applicant_pool
3756,1.297057196491159,0.9843026554775617,2.184429093886174,True,admitted_students_file
3757,-1.1401847271486785,1.5699781961072512,0.5118353895210637,False,applicant_pool
3758,-0.4321117604530126,-0.16969316656624964,-0.7617137900238347,False,applicant_pool
3759,0.09759326085181382,-1.3270580423615084,-0.9944817652757042,False,applicant_pool
3760,1.9909868798886388,0.6637187436854202,2.4365178991066956,True,admitted_students_file
3761,-0.42268298485232736,0.7805531893227763,-0.5316755989439181,False,applicant_pool
3762,-0.6660158139603963,1.5699953933811395,-0.07343386718173384,False,applicant_pool
3763,-0.5508169173337938,1.281290356169706,0.8959198671115579,False,applicant_pool
3764,1.6588971676113125,1.9454724558645653,2.0354397390800623,True,admitted_students_file
3765,-2.8123469935060212,0.619853980326533,-2.44226119601145,False,applicant_pool
3766,-1.002738012148587,0.22881059193862816,0.44252024379286403,False,applicant_pool
3767,2.7312887091595517,-1.3849831213257466,0.10537843057603802,False,applicant_pool
3768,0.5908820734916369,0.30809653451408037,0.44473508587996924,False,applicant_pool
3769,-1.10598494933922,-0.5525033568713179,-1.5116818496178184,False,applicant_pool
3770,-0.04191798217477153,0.21151001343247092,-0.09814361956064994,False,applicant_pool
3771,0.06745456606786167,0.05451318630965609,-0.5399545813105514,False,applicant_pool
3772,0.8461252459056059,0.47173358885013494,1.3566037089766554,True,admitted_students_file
3773,1.8395020028225635,-0.09733070953851063,1.2099878076494723,True,admitted_students_file
3774,0.38855168127921547,0.9350201907325847,1.548879233455294,True,admitted_students_file
3775,-0.5397883030129608,-2.723154312875058,-2.547330448406418,False,applicant_pool
3776,0.7870844420982043,0.18999357515784446,2.1282159501808793,True,admitted_students_file
3777,-0.6982526968628611,1.202489779152562,-1.0055000463644554,False,applicant_pool
3778,-1.0333374959890294,1.8700485084562146,-0.5657322774419353,False,applicant_pool
3779,-1.759908871956445,0.7319613383850628,0.5589934965801013,False,applicant_pool
3780,-1.5651283945004009,1.6848830225825389,0.4096696754658588,False,applicant_pool
3781,-0.8964451561242719,0.16893599575874238,-0.23391069609834156,False,applicant_pool
3782,-1.177789767700871,0.002862575927063058,-0.4618099595303675,False,applicant_pool
3783,0.31323652737471736,0.5294156432277516,0.9475689999969191,False,applicant_pool
3784,-1.1994018258240353,-0.0031942828910650643,-0.57185006636105,False,applicant_pool
3785,-3.143666302024744,-0.7823574680173606,-3.228048594664942,False,applicant_pool
3786,-1.0439117745894657,-0.5152402441318994,-0.4407151786179335,False,applicant_pool
3787,-0.47185964772141936,-1.1121529060761572,-0.5671334118916623,False,applicant_pool
3788,-0.6054494878719654,0.5283770948652446,0.9498047472635126,False,applicant_pool
3789,1.5195246793091843,0.011391812500477263,2.230064473507096,True,admitted_students_file
3790,-0.6135425592891501,-0.3602861167580975,-0.40165538368042736,False,applicant_pool
3791,0.8809234631991979,-0.5666837568372902,-0.6550285032072882,False,applicant_pool
3792,-0.01898259968086171,0.5050563461996265,1.5567139870786924,True,admitted_students_file
3793,-0.042304725672598735,0.7804481806100702,-0.2329117087927023,False,applicant_pool
3794,-0.835380288848037,-1.1305139965051827,-1.0412563499089262,False,applicant_pool
3795,-0.058782651580767155,-1.2876846697756177,-1.0549175073762487,False,applicant_pool
3796,-0.7650961268974169,0.954509955621015,-0.17831875645901607,False,applicant_pool
3797,0.1700243142545705,-1.3751332384885957,-0.24831071568005403,False,applicant_pool
3798,-0.2362496326236882,0.5474868338224844,0.37342590026679345,False,applicant_pool
3799,-0.9446279331916002,1.6169091987540132,0.7962518665032601,False,applicant_pool
3800,0.9918943397005953,1.6192348033931345,1.1262535398965654,True,admitted_students_file
3801,0.42684048002142533,0.7378725906320917,0.635211020162524,False,applicant_pool
3802,-0.44806273414224823,0.7088095153221207,-0.36918907812157303,False,applicant_pool
3803,0.14549304703531002,2.251907450196455,1.4189602116164217,True,admitted_students_file
3804,-0.08382252150196365,-2.3343956628937708,-1.6549753772644138,False,applicant_pool
3805,-0.8675909372632739,-0.4643356760806351,0.42526062256981634,False,applicant_pool
3806,0.07049622902116384,0.8484918490766015,0.41577029063542903,False,applicant_pool
3807,-0.6210117548073745,-0.33728700784195703,-2.1108130228935176,False,applicant_pool
3808,-0.9449338356200992,1.2397783086070346,1.1682129835660584,True,admitted_students_file
3809,-1.6227673302665249,-0.039354060310192646,-0.7658973420566502,False,applicant_pool
3810,-0.3586073535386307,0.13174386033759755,-0.2391685747680441,False,applicant_pool
3811,0.5669706595837234,-0.27467466424593767,-0.1160583598332057,False,applicant_pool
3812,-0.6946593533788596,-0.5225109588080608,-1.4540086621613182,False,applicant_pool
3813,2.5207086921579696,-0.5471099631476519,2.639472841817251,True,admitted_students_file
3814,0.8856856536527323,0.2711662968367763,0.7882451898802063,False,applicant_pool
3815,1.3043301326604781,-0.7745649658228669,-0.872078441992585,False,applicant_pool
3816,0.7952430120737586,0.9532048834912875,1.3659091554169493,True,admitted_students_file
3817,1.8528649749385728,0.6532259246028234,2.473279276126296,True,admitted_students_file
3818,-0.7870019834725421,1.0994164409698404,0.31257366522069185,False,applicant_pool
3819,-2.5607373856586215,-1.1289243559929987,-3.0293955626102727,False,applicant_pool
3820,-0.44612560835288306,-1.6994765467864439,-2.0883934010578225,False,applicant_pool
3821,0.5582185755475376,-0.004185755631763539,-0.2820019164582115,False,applicant_pool
3822,0.15151697174797846,2.898800613559521,3.0478670283827407,True,admitted_students_file
3823,0.2754726109677837,1.2662087780945706,0.9519280642247531,False,applicant_pool
3824,1.3209100026698724,-0.5544463085067131,-0.6769056890689875,False,applicant_pool
3825,0.3820575744624996,0.424512134431341,0.7931640588721213,False,applicant_pool
3826,0.7989129275910215,0.7275869074436836,1.090950642674045,True,admitted_students_file
3827,-0.9395627418527589,-1.3683882407328614,-1.8143949654989848,False,applicant_pool
3828,-1.0953936892160367,1.3696258690346048,-0.5360338123800984,False,applicant_pool
3829,1.6141139230244876,-0.1674241268209407,0.19562193769129277,False,applicant_pool
3830,0.10090153514706786,-0.09068084460786036,0.7672871196769215,False,applicant_pool
3831,-0.6232291834461349,0.02378465943385564,-0.2163799415444132,False,applicant_pool
3832,-0.6213944935471182,1.1445401393078949,0.6750952350077538,False,applicant_pool
3833,-0.6491231216382576,-0.755182158201408,-0.7414672651896987,False,applicant_pool
3834,-0.7089590210458417,-1.7069700047844523,-1.340971773351416,False,applicant_pool
3835,-1.2831478026036598,0.3229552929000445,-0.9520013957071186,False,applicant_pool
3836,-1.5004204022205085,-2.043658086173129,-2.447731565592408,False,applicant_pool
3837,-0.19500437765441916,-0.3011035951355401,0.4929680814840565,False,applicant_pool
3838,-0.5929258703203995,1.1868742898588183,1.3762795901733509,True,admitted_students_file
3839,1.1071592854432952,0.5790939035087382,0.24060018138699657,False,applicant_pool
3840,0.29307665326691656,1.042356065725276,0.7222500841694773,False,applicant_pool
3841,0.2653176800779831,0.620351365202829,1.163184630728093,True,admitted_students_file
3842,-0.7431204075544506,2.410334488783408,2.4011449653498333,True,admitted_students_file
3843,-0.1210284157799757,-0.588239627656815,0.7863474786976109,False,applicant_pool
3844,0.36100110363144033,0.3981316770083233,-0.0635941630467034,False,applicant_pool
3845,0.7161957397126754,-0.43812047121265035,1.073281207269094,True,admitted_students_file
3846,-0.09389182651836551,0.9568012699148709,0.60193654968264,False,applicant_pool
3847,1.079123779324209,-0.06157487605049596,1.3924984343409301,True,admitted_students_file
3848,0.007989308907942713,1.7188448794440452,1.6742372990036927,True,admitted_students_file
3849,0.7928471185176799,-0.5308159554019765,-0.7144545737701269,False,applicant_pool
3850,-0.4898522085891503,1.4071265257169843,0.9812100757721152,True,admitted_students_file
3851,-1.8125883665686418,0.5931395305439708,-0.08865412959753372,False,applicant_pool
3852,0.26835898801852265,-0.032461069086980585,0.13922496878601995,False,applicant_pool
3853,0.7253240631466256,0.5424423378599244,0.6516266615396229,False,applicant_pool
3854,0.5753473318075695,0.26126438752919223,-0.5563671206722668,False,applicant_pool
3855,0.42218666143744,0.35595468025181004,0.9843241336836664,True,admitted_students_file
3856,-0.3485869659549873,-0.2068710730943909,-0.21492386791235815,False,applicant_pool
3857,-0.8067462514455923,-0.7015885075549914,-1.6259463336474393,False,applicant_pool
3858,0.5517282690437805,-0.3350711199625306,-0.08726085091066757,False,applicant_pool
3859,0.42644741619827503,-1.6831449779482226,-0.7087011407480249,False,applicant_pool
3860,-0.5608990908438263,0.8419483325326256,-0.20836304523914984,False,applicant_pool
3861,1.1094241891920569,-1.2351639721754797,-0.079856869682301,False,applicant_pool
3862,-0.8828655145476005,-0.21764705523569966,-1.9402860234015595,False,applicant_pool
3863,-0.5835233787910404,0.6480450414810331,0.9865342685448639,True,admitted_students_file
3864,1.636425212341665,0.8393967170999113,1.6204207536134239,True,admitted_students_file
3865,0.8685819377339127,-1.7746519368372387,-1.3584929539603792,False,applicant_pool
3866,-0.3580093058910226,-0.09184807522507778,-2.0142034915968434,False,applicant_pool
3867,0.2873807096435505,0.45974469944882207,1.2060259746334168,True,admitted_students_file
3868,0.15479224452383833,0.052016109262326755,0.5250895168675567,False,applicant_pool
3869,-2.7456138649773782,1.3440749576735447,-0.7635202903191558,False,applicant_pool
3870,-0.9064739494733817,-0.8218068999146023,-0.5188289512169667,False,applicant_pool
3871,-0.050846617109281525,-2.0490411301901967,-0.7622981583369631,False,applicant_pool
3872,-0.3566114765593062,0.8103260167685212,0.43102110017346257,False,applicant_pool
3873,0.24710256483042056,-0.5370861196184876,-0.3664392626927155,False,applicant_pool
3874,1.12948231294792,-1.758540597585998,-0.7008870040454314,False,applicant_pool
3875,-0.32153578465392746,-0.15851239056647382,-0.017371897159621286,False,applicant_pool
3876,-1.0576547961228648,1.2305579759317014,1.090309029291288,True,admitted_students_file
3877,0.32485165851104525,-1.2632526178126982,-0.6819928434672541,False,applicant_pool
3878,-0.3266233335678035,2.3359959539472674,2.339626387388357,True,admitted_students_file
3879,-0.15606350082190265,-0.8378815945366619,-0.38485758056637864,False,applicant_pool
3880,-0.29177371915307865,0.08701085412574988,0.13338781569389935,False,applicant_pool
3881,2.2418378000109858,-1.2191324178476084,2.348335125532976,True,admitted_students_file
3882,-2.240704260997945,0.041610348696014196,-0.27253629164335247,False,applicant_pool
3883,-0.38833390313264615,-0.13374782175867694,0.8356733498923904,False,applicant_pool
3884,-0.0036890256483920517,-1.4894939023310871,-1.528898464043462,False,applicant_pool
3885,-0.7811424922827788,2.82582696895091,2.8635726613436887,True,admitted_students_file
3886,0.899825832128283,-0.4953371690186946,0.20536587513726282,False,applicant_pool
3887,0.8132576787196394,-0.49446255730602856,0.047973003091392574,False,applicant_pool
3888,-0.04775461848854061,0.9690358793536544,-0.9126410698269432,False,applicant_pool
3889,-0.27067375534369414,1.8142548833484688,1.2317313103907797,True,admitted_students_file
3890,-0.111956834231647,1.1264368680043029,-0.09893574871962152,False,applicant_pool
3891,-0.10478665364781072,-1.2011801230265864,-0.5631007248554645,False,applicant_pool
3892,-0.07837302812576266,0.21390900949466274,-0.7249972053765991,False,applicant_pool
3893,-0.1879991015167995,-1.8813724823849947,-0.08670164307980355,False,applicant_pool
3894,0.2524493145923928,0.9017050813223565,1.136302131358297,True,admitted_students_file
3895,0.7532120648278651,-1.635188138530462,1.0226256551180153,True,admitted_students_file
3896,-1.2302601475985768,-0.803201323609237,-2.037866778329838,False,applicant_pool
3897,-1.050663899233149,-0.0032015040313106763,0.3994129591736839,False,applicant_pool
3898,-1.7485180294835236,0.44500656114101217,-2.109181146345611,False,applicant_pool
3899,0.8663974003575995,-0.2609346233953191,0.5392036385574881,False,applicant_pool
3900,0.25032329319046315,1.5190836767328817,0.7079783464908087,False,applicant_pool
3901,0.5052675159327706,0.7232395821922794,0.4849600391060325,False,applicant_pool
3902,-1.4294982383634685,0.6447247540642086,-0.8716502573306991,False,applicant_pool
3903,1.7849481228801383,-1.2294009019846637,-0.2791956361638718,False,applicant_pool
3904,-0.6088509081453577,1.6993678975454027,-0.17294577154545532,False,applicant_pool
3905,0.16820580711125588,-0.8030651442785116,-0.722357334010745,False,applicant_pool
3906,0.8543846606783719,1.737542432987094,1.7659724889833628,True,admitted_students_file
3907,-0.9869797557960719,2.0221950569255713,1.4874759953723877,True,admitted_students_file
3908,-0.5463243585126668,0.5126565323637751,0.1848611906379581,False,applicant_pool
3909,0.17917177460087425,1.0320130976794208,1.6038483078882622,True,admitted_students_file
3910,2.857473075464706,-3.0829197630568688,-1.1812641573048757,False,applicant_pool
3911,0.3011247428520243,-0.1950024154903774,-0.2340990712110488,False,applicant_pool
3912,1.6063611506307183,1.1021656399195396,2.258245857253165,True,admitted_students_file
3913,1.2056731451919556,0.9245102683140846,1.624852747832877,True,admitted_students_file
3914,0.36801003649451874,-1.2197233380998775,-1.1564362263049075,False,applicant_pool
3915,-0.9891957716306787,-0.29372203986787376,-0.18004835295792776,False,applicant_pool
3916,1.059753610818235,-2.5363655052011467,-1.3316889587156293,False,applicant_pool
3917,-1.498110341648047,0.41299284017275345,-1.2494808689345454,False,applicant_pool
3918,1.600875123677092,-1.8833284012268237,0.1572688019404399,False,applicant_pool
3919,0.2000053082182553,1.1304778427875717,0.8691326038877527,False,applicant_pool
3920,-2.650223547298176,1.182724860717409,-1.3199127807975255,False,applicant_pool
3921,-0.34050609503183893,-0.47436681440649864,-0.9194753588078929,False,applicant_pool
3922,0.6539478209229405,0.5212759304540885,0.015037678530380183,False,applicant_pool
3923,-0.2370238730397667,-0.2170987240605085,-0.5722034603563843,False,applicant_pool
3924,0.7150058109935733,0.24190839501486613,1.3920008387466907,True,admitted_students_file
3925,-0.8500241677122955,-1.14725942324315,-1.1270490100293247,False,applicant_pool
3926,-1.3059823727876074,0.6224926232399093,0.2267475193381378,False,applicant_pool
3927,-0.07144540304760538,-1.6411852302244163,-0.7519619352545233,False,applicant_pool
3928,0.031565667289914785,-1.8299301623293818,-1.5975092666559272,False,applicant_pool
3929,-0.3483843510623214,-0.12192831666699186,-1.4601021263730236,False,applicant_pool
3930,1.2272911466421925,-0.2112432796112795,0.011633058277436659,False,applicant_pool
3931,-0.8502073751390576,0.27230173055175044,-0.8455037367500134,False,applicant_pool
3932,0.31316560733234944,-0.6495074902363289,-0.7426302330917485,False,applicant_pool
3933,0.06796997116362523,1.8856916657855893,1.956594012818794,True,admitted_students_file
3934,-1.5567159521360834,0.16060498937944198,-0.22806019899702545,False,applicant_pool
3935,-1.3190301836685123,0.23288177851622544,0.8423192848446651,False,applicant_pool
3936,0.011911016248631409,0.19723387740704562,-0.3986606389584797,False,applicant_pool
3937,1.981199998686964,1.002909868948078,3.0578852282078675,True,admitted_students_file
3938,0.579269811898811,0.5760174144844643,1.86482374111402,True,admitted_students_file
3939,-1.7256348251446327,0.44201789970827926,-0.9969356321608347,False,applicant_pool
3940,-3.1104880651193376,0.7359841048655908,-1.2119387963067711,False,applicant_pool
3941,0.7330535930043798,-1.8246146370471914,0.1589985957710197,False,applicant_pool
3942,-0.09621348292819902,-1.7868476505857773,-1.2652369726476675,False,applicant_pool
3943,1.1412659695103695,-0.07605874530144384,0.5969104516855519,False,applicant_pool
3944,-0.8807179207114415,-0.19767388268190214,-1.1400908669878898,False,applicant_pool
3945,0.3502124978585262,0.5798098440482081,-1.0475124408247434,False,applicant_pool
3946,0.8461734630278627,0.020016902183505356,0.6123538689293245,False,applicant_pool
3947,-0.44746363820648183,0.5818649344542106,-0.4095476866563747,False,applicant_pool
3948,-0.4260855702310654,-1.2455952695612857,-1.8393365823968075,False,applicant_pool
3949,0.025262831098390486,-0.01074457040869473,0.3049710245493224,False,applicant_pool
3950,0.5426763465603288,-1.3410567379577842,-1.5348658229831147,False,applicant_pool
3951,-0.014334004511910938,0.38685793437140087,0.8063964783051008,False,applicant_pool
3952,0.9739963377594865,-1.8782850423633206,-0.24926813731012754,False,applicant_pool
3953,-0.46193518926703,0.34831009854087963,-0.353991557160074,False,applicant_pool
3954,-1.3283952054631096,-1.4689993808971122,-1.8626236581252658,False,applicant_pool
3955,1.9769753681131799,-0.3835277932217955,0.20258615777143052,False,applicant_pool
3956,-0.6046337365424463,0.894927691449249,0.7139280930451848,False,applicant_pool
3957,-0.5684420837177473,0.22737998859841746,-0.0905353930916786,False,applicant_pool
3958,-0.06580332107218435,-1.645660223724301,-0.9291563359050345,False,applicant_pool
3959,0.06718110965398118,-0.6723938446940241,-0.042065012004836755,False,applicant_pool
3960,-0.38668364248828285,-1.501378525476802,-1.6769311989015119,False,applicant_pool
3961,-0.01743389694900904,-1.6947584996051934,-2.1762658502048855,False,applicant_pool
3962,-0.03976223142817396,0.1176631761339743,0.7207584764976118,False,applicant_pool
3963,0.17481932702080696,0.5602983435601032,0.959929375406277,True,admitted_students_file
3964,-2.357487458987316,0.4406059207156895,-1.6207241621662112,False,applicant_pool
3965,1.8808763070078494,0.6026268148797509,1.9006541686179683,True,admitted_students_file
3966,-0.14728831353455754,-0.011910850885818457,0.7771019502293206,False,applicant_pool
3967,0.5806226194469853,-0.2733902187499678,0.9967916226118193,True,admitted_students_file
3968,-1.3781013415340242,-1.0730693270623144,-1.9884521200900172,False,applicant_pool
3969,-0.4710002612492502,-0.4400796717504989,-1.6343346882538128,False,applicant_pool
3970,-0.6723158663204145,-1.3213483853261705,-2.2179323612880077,False,applicant_pool
3971,1.4697237645085452,-0.8451655271269194,0.18775464522947902,False,applicant_pool
3972,-0.5858136068358828,0.08892687043804186,0.7006456146424143,False,applicant_pool
3973,0.7580799869400913,-0.1178060875409223,-0.09373375388949784,False,applicant_pool
3974,-0.6504204526731951,3.064728037894776,1.151870433287479,True,admitted_students_file
3975,-0.45261893965394406,-1.3457955975050075,-1.6008072178361414,False,applicant_pool
3976,-0.24555016520068595,-0.12509872083178206,-0.6131333333231713,False,applicant_pool
3977,1.2838451268293003,-1.4237321112037242,-0.09878533070401471,False,applicant_pool
3978,-1.8898526590301186,-0.3877858759699509,-2.376500169936274,False,applicant_pool
3979,-1.3156635552744327,-0.34709318211518453,-0.3217399098743853,False,applicant_pool
3980,-1.9473051656898168,0.8448800262331382,-0.8179510952535939,False,applicant_pool
3981,-1.0875021197614503,-0.4496665392179212,0.7362345739711429,False,applicant_pool
3982,-0.8116000511921072,-0.19131960005615892,-1.4733974722963836,False,applicant_pool
3983,-1.614481254090389,-0.4303179624722195,-0.21621317048825994,False,applicant_pool
3984,-0.734147746614669,-1.401051744057209,-0.4139378903461801,False,applicant_pool
3985,-2.014714480933415,-0.6521023717931075,-2.021609760464194,False,applicant_pool
3986,-1.0179887237676812,-0.3819367150838177,-1.1864939647117816,False,applicant_pool
3987,1.2004203999102006,0.07382588340638456,0.1833516128648529,False,applicant_pool
3988,0.40358807028110283,0.5589472872248251,-0.011227015288835296,False,applicant_pool
3989,0.18746767217252772,-0.2345965097110292,-0.031057909242426723,False,applicant_pool
3990,-1.0027785562791145,-0.2521762639813468,-0.8012334441968472,False,applicant_pool
3991,-1.536084959044724,-1.720813158487053,-3.2386324632544703,False,applicant_pool
3992,-1.1391560755342807,0.5397345172563511,1.2158297134474503,True,admitted_students_file
3993,-0.043209826896014984,-0.6958978871500408,-0.6620818141440798,False,applicant_pool
3994,0.8681767797266683,0.7471232382297756,1.0958736057237204,True,admitted_students_file
3995,0.9023674171353204,1.3164399478541957,1.0038585838537764,True,admitted_students_file
3996,0.630612362483333,-0.18791502669300522,0.1008465908994291,False,applicant_pool
3997,-0.7375568640679442,-1.0233112807658922,-1.3950789720129395,False,applicant_pool
3998,0.024549832403988035,-0.016698613086298133,0.003051994478816127,False,applicant_pool
3999,-0.3213425300372459,0.34870199801863844,0.007570716888224966,False,applicant_pool
4000,-0.20118976349475026,-0.3155200012467209,0.22754509689679292,False,applicant_pool
4001,2.037127896959813,-0.5640384093793239,1.1165621228964613,True,admitted_students_file
4002,-1.7620002370036125,0.5635322106974137,-0.28600610281937694,False,applicant_pool
4003,-0.23467681592226086,0.49757827469419513,0.16401837293795324,False,applicant_pool
4004,1.2117489071961567,-0.3462896403271577,0.7244253120389729,False,applicant_pool
4005,-1.4658914950335382,-1.6540661652606898,-2.1968864570695383,False,applicant_pool
4006,-0.6437474252662504,0.4563781853794524,0.5803882081099354,False,applicant_pool
4007,-0.5290384975676395,-0.7673271934413766,-0.6168019984947133,False,applicant_pool
4008,-0.2232897220539845,0.21434107537030897,-0.11646901850341956,False,applicant_pool
4009,-1.5959571596062172,0.15115723167903694,-1.0706570473385917,False,applicant_pool
4010,0.5952860603380394,-1.8889474270426652,-0.9173474272309048,False,applicant_pool
4011,0.6662872825131441,0.0810816844115734,0.5071005750749886,False,applicant_pool
4012,0.5083753250179477,0.5145325253744555,0.6254373319018178,False,applicant_pool
4013,-0.8703736742910814,0.6371524153104868,-0.5427829769853384,False,applicant_pool
4014,0.08651079078729512,0.1173657510963127,0.6679501409121277,False,applicant_pool
4015,-0.8994402395690875,-1.97718604394959,-1.2901538895034217,False,applicant_pool
4016,-0.3325966607715127,1.2770810621866373,1.8626146474503535,True,admitted_students_file
4017,2.153467927170878,0.41102266754258043,1.244378089112415,True,admitted_students_file
4018,0.09569537759625597,-1.2033193293704774,-0.25344846104676994,False,applicant_pool
4019,-1.1875265759871734,-0.7877630401582735,-2.6203343718924184,False,applicant_pool
4020,0.18033534066391385,0.23122420929452067,0.8478438529883037,False,applicant_pool
4021,-1.3517959260633097,0.6797841932982557,-1.4564151068023146,False,applicant_pool
4022,-1.1990103925150117,-0.4879628563477017,-1.7855643842613635,False,applicant_pool
4023,-1.041123135948791,0.8255254073790749,0.09241920674075754,False,applicant_pool
4024,-0.4443094521956835,-1.7927668291001777,-1.8891489076379284,False,applicant_pool
4025,0.9369689955892015,-1.0424590110937872,-0.5994159670800179,False,applicant_pool
4026,0.5783981980168391,-2.0643640098420826,-1.3052489934352502,False,applicant_pool
4027,0.5229953282473283,-0.8974051428696932,0.2673718148384306,False,applicant_pool
4028,-1.0989245655905424,1.5080771845440948,-0.3870740751726114,False,applicant_pool
4029,-0.5413143554356487,2.0578022345854023,0.9478087164915648,False,applicant_pool
4030,0.27200110688318835,0.23459046823044263,0.06422512464632468,False,applicant_pool
4031,-0.6283199853884129,-0.6384292072685546,-0.24946343529671933,False,applicant_pool
4032,-0.2783664403010984,-0.22163990085094343,0.2685411061091628,False,applicant_pool
4033,0.4413586925299495,0.4733398908330222,-0.6901431790193471,False,applicant_pool
4034,-0.348772681201302,-1.5629808516390824,-0.5110632032112296,False,applicant_pool
4035,0.22605958910202525,-0.5724991759812048,-0.6527148659926347,False,applicant_pool
4036,1.5927284560195685,1.434893074450249,2.133358533823053,True,admitted_students_file
4037,-0.17185879898699755,-1.0457100693283625,-1.4486558826732916,False,applicant_pool
4038,1.1793378097192062,-0.7490248992615429,0.5394976136943294,False,applicant_pool
4039,0.5593700673073582,0.013193655981440497,2.1581106876724903,True,admitted_students_file
4040,-1.4672419934867666,0.28314225950470917,-0.6806489341888142,False,applicant_pool
4041,-1.1021370292635242,-0.6250040461994723,-1.4445351014033976,False,applicant_pool
4042,-0.8335958830698964,0.07696438325195544,-0.6543233391545404,False,applicant_pool
4043,-0.8548349169327834,0.6079395337394395,-1.1888029691422872,False,applicant_pool
4044,-0.0902897461068142,1.9614518237636474,2.2305296507920622,True,admitted_students_file
4045,0.6146440480818223,-0.1262443794347809,0.5364779599382041,False,applicant_pool
4046,1.2551584167047227,-0.041297315340562746,0.05478118147821143,False,applicant_pool
4047,0.30817508872508226,1.5274523459795106,0.4817350294678584,False,applicant_pool
4048,-0.4456795560532098,-0.5491658582980953,-0.63595185392417,False,applicant_pool
4049,-2.0822412436298743,-1.3243530327621809,-1.5618895043178949,False,applicant_pool
4050,0.07058957541733794,0.2502489756589624,-0.5971478779162847,False,applicant_pool
4051,0.025770193694991287,1.076175025087915,1.495650931515909,True,admitted_students_file
4052,0.18292875353895768,0.36104713519968545,0.28944084131028563,False,applicant_pool
4053,2.1062402977033328,-0.09701565754724577,0.6548256465964888,False,applicant_pool
4054,1.2405965461930721,-1.4483933731348388,-0.46245123611323286,False,applicant_pool
4055,0.7850609182499858,-0.058369245268373136,1.6963373014288452,True,admitted_students_file
4056,-0.9620771300715998,1.2331549263163366,-0.7955487680226571,False,applicant_pool
4057,-0.5129947491967435,-1.2341170815392215,-1.64794775914068,False,applicant_pool
4058,-0.09484460692850216,-0.24474717380327135,0.44607385176879155,False,applicant_pool
4059,-0.7754071240103536,-0.38748473215836077,-0.60435977609212,False,applicant_pool
4060,0.5004645249851181,-0.6977045706377453,-0.6820746024548442,False,applicant_pool
4061,0.35690884921570454,0.24792300451900576,1.0684959703829378,True,admitted_students_file
4062,-1.0883077930546925,0.4433052412560076,0.2893553545492814,False,applicant_pool
4063,1.1968167090961244,0.4328269047934368,1.2912418169908715,True,admitted_students_file
4064,0.1023103338088603,-0.976809763615125,-0.997102240682532,False,applicant_pool
4065,-1.7290711467422513,-1.6459836943336827,-2.514598880583408,False,applicant_pool
4066,-0.051342858344969454,0.2623884365307285,0.33645287152962233,False,applicant_pool
4067,0.28120645592290483,-0.5059190414826519,-1.0644135234632013,False,applicant_pool
4068,0.9727923614357405,1.8383123796867857,2.7566674985228206,True,admitted_students_file
4069,-0.3374764031266163,1.8845096960149461,2.1957180024505014,True,admitted_students_file
4070,0.8279382674472072,1.99068979439604,1.6669398453099213,True,admitted_students_file
4071,0.1871419867702157,-0.9401109010347132,-0.24015664957035862,False,applicant_pool
4072,-1.3150546090375794,0.5693690867420935,0.34536584050246216,False,applicant_pool
4073,-1.4151667734825137,0.870952517251484,1.0151533204472127,True,admitted_students_file
4074,1.1225598701493487,0.7583542335444021,2.312481102244427,True,admitted_students_file
4075,1.195984178381769,-0.3543979441938586,-0.6678452071290131,False,applicant_pool
4076,0.32290923040472297,1.279164902965326,0.8204606048612686,False,applicant_pool
4077,1.4957067211800286,0.0004749863665227949,1.3229998859435117,True,admitted_students_file
4078,1.0566098490416067,0.1281061249354394,0.4241132752537279,False,applicant_pool
4079,0.6836287294797211,-1.5378334517771435,0.6927036520349306,False,applicant_pool
4080,-0.9113114887336718,0.6447649695729887,0.9673073835073986,True,admitted_students_file
4081,1.7314287510323434,-0.2604117135724109,0.3850099754678452,False,applicant_pool
4082,0.536301432208273,0.4647788621005251,0.5370221773667122,False,applicant_pool
4083,-0.38583877461162164,0.23511369980461824,-0.6226591939572981,False,applicant_pool
4084,-0.668270005305298,0.18093657666377086,-0.45335663949131144,False,applicant_pool
4085,0.2567837815138569,-0.045713572466684164,-0.020607008652705983,False,applicant_pool
4086,-1.6710590848384548,0.786599734660454,0.09308196270710023,False,applicant_pool
4087,0.6996732753528626,-0.1988925368850661,-0.29641778460961643,False,applicant_pool
4088,-0.9535708146940268,-1.4551974194529833,-3.397424075664591,False,applicant_pool
4089,0.37060810882428674,0.5689556063739339,-0.5124637426855304,False,applicant_pool
4090,-0.5216203373581595,-0.8090055249116386,-1.5847179393700797,False,applicant_pool
4091,-0.26441871272470363,-1.3242618426821398,-1.4916264733123983,False,applicant_pool
4092,-0.7569098727650648,-1.0222433341425983,-1.025427504059332,False,applicant_pool
4093,-0.16122943118080152,0.2833323793569209,-0.676488817555724,False,applicant_pool
4094,1.889379546017354,-0.0965188030948501,0.3175890697176752,False,applicant_pool
4095,1.3850596270486406,-2.1326830296728474,-1.1365684040622115,False,applicant_pool
4096,0.3544789549954567,-0.3836559430526696,-0.7999228430490353,False,applicant_pool
4097,-0.025294265564952366,1.1692312249747645,0.3554134026094261,False,applicant_pool
4098,0.844201190692885,-0.4512956709333788,-0.16271258928286675,False,applicant_pool
4099,1.1299703941075565,-0.1654765534275925,1.1092607683236442,True,admitted_students_file
4100,-0.8298183822075292,1.0429914373271527,-0.5541080837209805,False,applicant_pool
4101,-0.0774388676322022,0.7954892582045359,0.21641511404117703,False,applicant_pool
4102,-1.8219582295680803,1.021751087651711,-0.9016505181873782,False,applicant_pool
4103,1.123102110260895,-2.772553610053703,-0.5059239916390281,False,applicant_pool
4104,2.0650242577008555,1.7335230384421108,2.361060249280535,True,admitted_students_file
4105,0.0800826246230855,0.636400435427929,1.2012016954125955,True,admitted_students_file
4106,-2.1250101249030164,2.46147641402415,-0.5879560352746296,False,applicant_pool
4107,0.6088905165770311,-0.7823260307742839,-0.14728971013258818,False,applicant_pool
4108,-0.9040891661490803,-1.7634506056489103,-2.1370245635896468,False,applicant_pool
4109,-0.66334944166446,0.007218456725176393,-1.284717408730457,False,applicant_pool
4110,0.6265763897910038,-0.2753723297571609,0.1810249103324576,False,applicant_pool
4111,0.2545541255127244,0.6536639836148213,1.8033912016975608,True,admitted_students_file
4112,-0.4881087753386017,1.0749283445863558,-0.21560344203725296,False,applicant_pool
4113,-0.6496056326016644,-0.08729414487949709,-0.5682033426491915,False,applicant_pool
4114,0.12583605522083274,-0.24070804581272578,-0.9932289275995163,False,applicant_pool
4115,-0.4094655525123675,0.5227198195161272,-0.9478441667803625,False,applicant_pool
4116,-1.1092371336030074,-0.25632866569249774,-1.4386944000821091,False,applicant_pool
4117,-0.33256318147836006,-0.3399821008967875,-0.7521425416842724,False,applicant_pool
4118,0.33959262325518413,1.037134938675286,0.6109647866030007,False,applicant_pool
4119,-0.17810346681963335,1.2597778569035725,0.544870842999102,False,applicant_pool
4120,-1.4135085982481852,1.0839662438630937,-1.368035378842668,False,applicant_pool
4121,0.9890646213755394,-0.16822971272552553,0.09538034256762845,False,applicant_pool
4122,-2.7388114369433336,-2.139788987753183,-2.819859344670163,False,applicant_pool
4123,-0.4463651550284352,-0.1482060863928482,-1.3372428579500104,False,applicant_pool
4124,-0.6201984545539159,-0.7579800126770487,-1.1444179900916769,False,applicant_pool
4125,0.14817887787141484,-0.12972501901058803,0.21698564021618488,False,applicant_pool
4126,0.5616618078027354,-0.6710908927176088,-0.6187157506112364,False,applicant_pool
4127,1.1267648082610353,-0.020739855465601982,0.9579832966296249,True,admitted_students_file
4128,-0.7124048733521602,-1.0392756292315644,-2.2033807222489425,False,applicant_pool
4129,0.5865823373334818,-1.2807174367183787,0.17072688645236078,False,applicant_pool
4130,0.1958183878814611,1.222691482570892,1.1780919289596168,True,admitted_students_file
4131,-1.7115393751832233,-0.9696576133676534,-1.703812260101443,False,applicant_pool
4132,1.9005402554341098,0.00033162525635355324,2.0229393408628895,True,admitted_students_file
4133,-1.4387751272401994,0.9545148466028355,-0.5453135238799169,False,applicant_pool
4134,0.41949727230971495,0.9143041262295727,0.43447163032719865,False,applicant_pool
4135,0.3899599441977477,0.7948482049153512,1.7309062957915866,True,admitted_students_file
4136,0.2756367823290771,0.3028665145015353,1.6645632045042542,True,admitted_students_file
4137,-0.4945768821616075,0.7240033085368497,-0.3362792171385265,False,applicant_pool
4138,0.8272526511405023,1.3730881326061544,1.350601243459856,True,admitted_students_file
4139,-1.5603674739430955,0.4250225939953734,-0.0064443916830014825,False,applicant_pool
4140,-0.06582878867392292,-1.8372023468141836,-1.29167173933481,False,applicant_pool
4141,-0.5638746765524585,-0.5285332061500967,-0.29385316764007235,False,applicant_pool
4142,-0.6772979420670315,0.6963700717220878,0.5586794025176542,False,applicant_pool
4143,0.42874778745354575,-0.6270959337094042,-0.5225394979558888,False,applicant_pool
4144,1.0774785427196831,1.6201061394586438,2.046922307796094,True,admitted_students_file
4145,-0.34325576183686607,-0.0631798281664315,-0.26851801965909927,False,applicant_pool
4146,0.7806810899257774,0.08524877135943626,-0.2889536055402445,False,applicant_pool
4147,0.04974066544459848,1.1247441989017355,0.07065830932523687,False,applicant_pool
4148,-0.8927322092380086,-0.18284989730929277,-1.155820216333204,False,applicant_pool
4149,-0.25795209324106383,0.17627703572818604,0.5968751081784522,False,applicant_pool
4150,-0.2994858907916149,0.8991234839991122,1.0627151492042024,True,admitted_students_file
4151,-0.6966599125054466,-1.4722706158336862,-0.8848658005953041,False,applicant_pool
4152,0.42848292865583376,-0.2852981623875496,0.4011475903603172,False,applicant_pool
4153,0.23464618770475926,0.8291532953791201,0.9804480790140293,True,admitted_students_file
4154,-1.590649698269418,0.06560014834259406,-0.7969898927640545,False,applicant_pool
4155,-1.6515259952393577,1.4673338120774801,0.16559301973992335,False,applicant_pool
4156,0.4246844532057544,-1.5759233581869183,-0.41555147967281486,False,applicant_pool
4157,-0.8152864287945346,-1.6900017679461332,-2.6115328438906005,False,applicant_pool
4158,0.302041155100324,0.7696865166227178,0.14344998445901025,False,applicant_pool
4159,0.7809315781091883,0.8658072149327748,0.35013507833984625,False,applicant_pool
4160,-1.2709528374055592,-0.19325000683183333,-0.17673034339649907,False,applicant_pool
4161,-1.411537254576185,0.4003944000457243,0.5006272170637294,False,applicant_pool
4162,1.6744316823952952,0.7452069776314066,0.054431584728833915,False,applicant_pool
4163,0.351570782962459,-0.8138632058517464,0.7948801534321257,False,applicant_pool
4164,-0.41924065667327093,-0.7068483750492992,-0.6712529091475998,False,applicant_pool
4165,-0.9339404526462636,0.1897261791986366,0.2251645956701337,False,applicant_pool
4166,-0.5104408489072796,0.9040889598937201,0.6103982803506136,False,applicant_pool
4167,-1.1905723361133103,-1.1659569263579848,-0.5234674830863975,False,applicant_pool
4168,0.8834121740905903,-0.19794763193501935,0.5923716557513684,False,applicant_pool
4169,-0.7767511536063209,-0.24423663170443868,-1.6180601816210354,False,applicant_pool
4170,1.093534588216267,0.4179591050427642,0.9084984819771234,False,applicant_pool
4171,-0.40062891977001125,-0.008698370008834274,0.09489649391851446,False,applicant_pool
4172,-1.0433501836173147,-0.5458835838028594,-1.1841747198971642,False,applicant_pool
4173,-0.4263015880138014,1.2485657807574058,0.9948839307902122,True,admitted_students_file
4174,-2.624166777501417,-0.53925748162082,-2.1022139404777644,False,applicant_pool
4175,-0.12076857667400692,-0.29209636302145364,-0.6852187341824584,False,applicant_pool
4176,-0.17011919113015858,-1.5914976359196236,-1.9052358059004368,False,applicant_pool
4177,0.8247427465479676,-0.7136258768458952,-0.2020448024669939,False,applicant_pool
4178,-1.8863049279833795,0.51607607633905,-0.747448598778585,False,applicant_pool
4179,1.1618663608635478,0.3206019563548599,-0.4079698567872003,False,applicant_pool
4180,0.820599294997656,0.5995169900657619,0.3770220977907053,False,applicant_pool
4181,1.2520435636986627,0.5509822859456703,-0.22571762907326232,False,applicant_pool
4182,-0.05272137600413741,2.087714036295154,0.890792831404533,False,applicant_pool
4183,1.0138968341027554,-0.74785882744691,1.0110450183273558,True,admitted_students_file
4184,-1.4712440349069051,-1.6194237434347885,-2.8392155231322858,False,applicant_pool
4185,0.713047565204533,-1.0505529960715239,0.27283329203938655,False,applicant_pool
4186,-0.7711627620999453,-0.7036518358315914,1.0355481004631248,True,admitted_students_file
4187,-1.6514018324229363,-0.9743269366169109,-0.689247007995756,False,applicant_pool
4188,-1.1241405181643607,0.09366084764485418,-0.5763524195638311,False,applicant_pool
4189,0.005531138629270573,1.2526549055570213,1.4187250477786275,True,admitted_students_file
4190,-0.8242992082176034,1.5396590729699147,-0.4937940496167519,False,applicant_pool
4191,0.37607353169579993,0.5043085018466044,-0.529141935584825,False,applicant_pool
4192,-1.8082375550040173,2.1412722154540154,0.2365612056480743,False,applicant_pool
4193,-2.1270975436158617,-0.3563730565664191,-1.3352284956905947,False,applicant_pool
4194,1.372387434143576,-1.6325190420024265,0.5969974538662154,False,applicant_pool
4195,0.9038001294014344,1.0531780678881695,0.873902329257322,False,applicant_pool
4196,-1.0492968359138075,-1.8385943917490626,-1.7417524589277134,False,applicant_pool
4197,-0.002999643470539514,-0.7550030226998042,-0.38132364342364133,False,applicant_pool
4198,1.0195070602013239,0.5201122324227964,0.9087766663021514,False,applicant_pool
4199,0.41920060829060546,-0.10238148004878078,0.1552000200633852,False,applicant_pool
4200,0.1482230961834784,-0.1909527628715059,-0.6260674351949103,False,applicant_pool
4201,1.095154081312597,-1.180790032820006,0.1401318173896583,False,applicant_pool
4202,-0.7307124752012204,-0.010802389433337011,-0.3454496758759076,False,applicant_pool
4203,0.0311784486646287,1.0036624887377918,0.36463837314234887,False,applicant_pool
4204,-0.017848638292391635,0.01996791653601892,0.46741951707485485,False,applicant_pool
4205,-0.27276204767104256,-0.8302258796410609,0.002539959149739923,False,applicant_pool
4206,-0.3898055114207521,-1.2475384605973305,-0.5901101746289299,False,applicant_pool
4207,0.07286823782849074,-0.8095945829555786,-1.2085824483751142,False,applicant_pool
4208,0.03440749598552754,0.3923337524143584,0.34713384826332006,False,applicant_pool
4209,-1.0484276425345258,0.3436022623597101,-1.0961385911180468,False,applicant_pool
4210,0.8017959099004475,-0.8005071005956687,0.06842604845798943,False,applicant_pool
4211,-0.9763852077662583,-2.210759421982058,-2.7069196972503455,False,applicant_pool
4212,-0.2182334445471739,0.4200127636721649,1.025170893579594,True,admitted_students_file
4213,-0.2952804727200515,-0.897707398975251,-0.22711008828805723,False,applicant_pool
4214,0.35810361265921586,0.6890624790152835,1.4877504733280968,True,admitted_students_file
4215,-2.119103940217333,-0.7561096421277498,-1.1326833653874566,False,applicant_pool
4216,0.8909098149294582,-0.9879004536698087,-0.25246371328279327,False,applicant_pool
4217,-0.6769903476121641,0.15317190725958432,-0.6384088066983749,False,applicant_pool
4218,1.2199632947770542,2.357699230026369,3.544687321212332,True,admitted_students_file
4219,-0.4781649245161544,0.7490299911165732,0.06047853816958172,False,applicant_pool
4220,-0.04884358573401051,0.1362192992058518,-0.8914122359737024,False,applicant_pool
4221,1.9137860400684237,0.3588515363809683,2.1824411382581825,True,admitted_students_file
4222,-0.27733820879366844,-1.7511158614855973,-1.2178521778969182,False,applicant_pool
4223,1.2388498846734588,-1.1223403707525563,1.1298920708338742,True,admitted_students_file
4224,0.03904508556456009,-2.510928865047139,-1.4366456820770825,False,applicant_pool
4225,0.4154188302934896,1.7298738945766226,1.3804392300228738,True,admitted_students_file
4226,0.0699585894113745,1.5273860291557484,2.1065585682109127,True,admitted_students_file
4227,0.8478516263001241,0.3928185262149098,-0.27049084239111887,False,applicant_pool
4228,-0.6855316128530513,0.13511510308420474,-0.7675243445718554,False,applicant_pool
4229,-0.9840485230191854,-1.5515900024975802,-2.269319121884543,False,applicant_pool
4230,-0.6385761903770217,-0.21929996025069107,-2.0941753429093124,False,applicant_pool
4231,0.09971037632409105,1.7923918784038924,1.8410899651848114,True,admitted_students_file
4232,-0.22081878555032944,0.1314159981957143,-0.4483047015685571,False,applicant_pool
4233,0.7102748764711765,-0.5646464662118963,0.7284160958211345,False,applicant_pool
4234,1.30473169982152,-1.7580706600036133,-0.022309780254137934,False,applicant_pool
4235,-0.9758383372350086,1.380305727730805,0.6879035304616468,False,applicant_pool
4236,-0.7339487916139326,-0.07008380102765632,-0.841400821805486,False,applicant_pool
4237,-1.436239418312854,-1.7567338533628292,-2.610406327378728,False,applicant_pool
4238,2.030372990759104,-0.924265682071542,0.7818023633007197,False,applicant_pool
4239,0.30466949912182684,-1.2775380173581303,0.011053191462121026,False,applicant_pool
4240,0.47980232005157775,-0.13174352571197195,0.1909708124821244,False,applicant_pool
4241,-1.3402083850310482,0.2073389696128186,-1.227720545864454,False,applicant_pool
4242,-0.0011699890068746332,-0.5032170642785246,-1.1671642486143605,False,applicant_pool
4243,0.5092479844130853,0.7770465964868817,0.9790055883116574,True,admitted_students_file
4244,-0.252757690534425,0.07880224047244168,-0.5009183169902655,False,applicant_pool
4245,1.0757056248263945,1.06231238527213,1.3394932953912229,True,admitted_students_file
4246,2.3118311256428297,-0.3571940780807189,1.1033689333413106,True,admitted_students_file
4247,-0.9470628270939518,3.0453255920111455,1.0527691149169944,True,admitted_students_file
4248,-1.0220872459766968,-0.5644887234739576,-0.8256118876112668,False,applicant_pool
4249,-0.8777560655285767,-0.9033299917558719,-0.7695530783340168,False,applicant_pool
4250,1.6061991600164907,-1.0263005500957576,1.7526293577040248,True,admitted_students_file
4251,1.0423553170296844,-0.21094072655430532,1.0709968840881547,True,admitted_students_file
4252,-0.13552781779364848,-1.7195360908657837,-0.09021390999673273,False,applicant_pool
4253,0.03655966440087428,0.29456284382781067,-0.3577906296325704,False,applicant_pool
4254,-0.8165436261967214,-1.905303769564807,-2.8898621467539103,False,applicant_pool
4255,0.8900271577431841,0.16167092405723113,0.6735025741661592,False,applicant_pool
4256,-0.3799018241085537,-1.3512517440963532,-0.5246307484288201,False,applicant_pool
4257,-0.2600765394549993,-0.38129340738009276,0.07392273726879078,False,applicant_pool
4258,0.6087897715292568,0.6045403991323594,1.6366317115586528,True,admitted_students_file
4259,-0.18799493808322118,2.3040376838763534,-0.4001539665241083,False,applicant_pool
4260,-0.2349659934978464,-1.078000520781157,0.023655592137593162,False,applicant_pool
4261,0.010575205529075074,-0.1503174494263918,0.1439913799674924,False,applicant_pool
4262,0.7953554137930766,-0.7237586747755422,-1.0342714612261115,False,applicant_pool
4263,1.6464930754838332,-0.8698703225607956,1.0112749821101386,True,admitted_students_file
4264,0.585486232246082,-0.7149733299695444,0.034471190262823734,False,applicant_pool
4265,0.803314223624267,0.8240664756369391,1.3246579635244196,True,admitted_students_file
4266,-0.19985406210112439,-0.48805586423037967,0.2522349531052754,False,applicant_pool
4267,-0.707797863168717,2.249312698270855,1.3031774007178907,True,admitted_students_file
4268,0.6539862322351151,0.415979255894734,-0.33550000164437765,False,applicant_pool
4269,0.17124082460057136,-1.0100106611740751,-0.6453187826208137,False,applicant_pool
4270,-1.4226286487497493,-0.3667051821450773,-2.2954186096772613,False,applicant_pool
4271,-0.32806962342559803,-0.8018469900399894,-0.2801024823614072,False,applicant_pool
4272,-0.08289702348155359,0.8000686529467138,1.444740728261182,True,admitted_students_file
4273,-0.5104578670284787,-1.6387796565652528,-2.2660207641225534,False,applicant_pool
4274,1.4817355945421273,-1.3409513804358102,-0.37851489320358095,False,applicant_pool
4275,0.47983903690221674,-0.5915461187491414,-0.6902681279860189,False,applicant_pool
4276,1.3731749178886479,0.6829467931383254,1.018745421810697,True,admitted_students_file
4277,0.26342526165215957,1.2330602748227724,1.2614118094479134,True,admitted_students_file
4278,0.08138783642507771,1.3805421907728432,0.6401061322078374,False,applicant_pool
4279,-0.9365978176102492,0.5298015199475303,0.19235352740855016,False,applicant_pool
4280,0.01192953319656672,-0.08288953635802004,0.6996418369982378,False,applicant_pool
4281,0.013053925675440194,0.7946258123139927,1.2962233126236253,True,admitted_students_file
4282,-1.3671138840342332,-1.1445006174317105,-2.4152761927116164,False,applicant_pool
4283,-0.5395274697703949,-1.8446572220162265,-0.579569788530398,False,applicant_pool
4284,-0.3232825985163624,0.436637577686489,1.0999313358739493,True,admitted_students_file
4285,0.41347954405572146,-1.00567841714885,0.7019466843554845,False,applicant_pool
4286,0.46135011198570613,-0.06530673216548083,0.14695782308075941,False,applicant_pool
4287,-0.5813184819652049,0.1196270158728145,-0.8263891842772482,False,applicant_pool
4288,0.46886960254188487,0.24811955917829656,-0.2229258789179412,False,applicant_pool
4289,-0.182078929348517,0.937791538525052,-0.28003272463762563,False,applicant_pool
4290,-2.8696200248549566,0.8320751882917314,-1.3162208591006883,False,applicant_pool
4291,-0.4847020319515423,0.19500006716769022,0.40519002243379365,False,applicant_pool
4292,1.0789886401423785,-0.4420152804694056,1.3286235924785732,True,admitted_students_file
4293,-1.6818057566276796,0.10776208867632091,-1.3630183656220292,False,applicant_pool
4294,0.11269120041554022,-0.5962104166749215,-0.3413692775248,False,applicant_pool
4295,1.585261214185287,-0.19642892200617093,0.8298097025354136,False,applicant_pool
4296,-0.7606129530104807,2.6181734235804135,0.762718130964859,False,applicant_pool
4297,0.002149080427685861,0.18218970088354047,0.6348448786847305,False,applicant_pool
4298,-1.3040162572279212,0.45024501703754843,-0.30095753348748444,False,applicant_pool
4299,1.627231141663572,-0.7054806490303621,0.6984140427953109,False,applicant_pool
4300,-0.08333262699661428,1.020073416429868,0.8596953205687623,False,applicant_pool
4301,0.04662684279401815,0.7602724226634243,0.9553003961175763,True,admitted_students_file
4302,1.3543004655056223,0.7673525546550849,1.8028803764957315,True,admitted_students_file
4303,0.6614783946454811,0.21489124675346327,-0.01730270237598619,False,applicant_pool
4304,-0.8756287324967398,1.0341900957667707,0.7304948702455824,False,applicant_pool
4305,-0.6472779240873159,1.2716851966347333,0.5846210095322129,False,applicant_pool
4306,0.49493130452329864,0.2830989193492951,0.20148830903100035,False,applicant_pool
4307,-0.62412105506294,-0.1146123590003228,-0.3162159351288018,False,applicant_pool
4308,-2.117243312120527,0.8945709901147607,-0.5536027755962107,False,applicant_pool
4309,-0.05324079863907779,-0.9041253065597437,0.13496059863565268,False,applicant_pool
4310,-1.4802126611248094,-0.7179602806153267,-2.161121352070715,False,applicant_pool
4311,1.616281753563726,-0.05330034288490133,1.943426964499171,True,admitted_students_file
4312,0.1767876377631527,-1.7413570684381454,-1.000753680521866,False,applicant_pool
4313,-0.9051750567435755,0.8275952735634243,-0.40473413459111723,False,applicant_pool
4314,-0.6986324146624537,-0.9629138874658232,-1.4557357662833743,False,applicant_pool
4315,-1.8893975878739204,-0.47149102150175687,-2.235535026933996,False,applicant_pool
4316,-1.0994618867805037,-0.2132795956797711,-2.0719223822288986,False,applicant_pool
4317,1.0163232025406992,0.039286821570550176,1.1603264319237545,True,admitted_students_file
4318,2.2317861454923915,-0.3436532764230419,2.6139068451904524,True,admitted_students_file
4319,0.7263965131989585,-0.06737104723034884,-0.7039641913054743,False,applicant_pool
4320,-0.09204253862102917,-0.05962763239041407,-0.7638851523086889,False,applicant_pool
4321,-0.4319593756539166,-0.44703095762712625,-0.0452354842309447,False,applicant_pool
4322,-0.9564958135763623,-0.7731944576387653,-1.156244512359829,False,applicant_pool
4323,2.0597658993397405,1.0814739243556017,2.6258993549945773,True,admitted_students_file
4324,-0.1887487018643749,-2.104405702266703,-1.5617547288893863,False,applicant_pool
4325,2.1156298300625043,-0.20571515900948276,0.8350052866979996,False,applicant_pool
4326,1.393519509610061,-0.46889947188421555,0.44291354705060776,False,applicant_pool
4327,-1.7407964313462736,0.4187914867264866,-2.526765809582036,False,applicant_pool
4328,-0.6659523957592918,-1.4542927965190087,-2.178598416934821,False,applicant_pool
4329,-0.6690451241738223,-0.49978534124360413,-0.09594424056823614,False,applicant_pool
4330,-0.07984636410573946,-0.10235973398975594,0.7158959271631191,False,applicant_pool
4331,-0.060314253113753484,1.0700736103704593,1.64065982078148,True,admitted_students_file
4332,2.996239095398143,0.33218496679542386,2.472084182939441,True,admitted_students_file
4333,-1.0772278744747588,-1.1834882108688618,-3.0487136674737423,False,applicant_pool
4334,0.22896993566438997,-0.4874767187206597,-0.6125339794175745,False,applicant_pool
4335,0.6165077424678032,0.886051352660691,1.9039223854175638,True,admitted_students_file
4336,-0.0015720044691961827,-1.2007748659230675,0.35461250132351585,False,applicant_pool
4337,0.11018057778135802,-0.07864426837237082,0.9743520212209119,True,admitted_students_file
4338,-1.0448088943065872,-0.009120452526275582,-0.8504308007802205,False,applicant_pool
4339,0.10648619460268177,-0.3857830599207645,-1.0961460690589493,False,applicant_pool
4340,0.5113989961743719,2.695751782798915,2.0562058933616996,True,admitted_students_file
4341,0.3276005842711286,-0.41273145944754897,-0.04497015610348952,False,applicant_pool
4342,0.5702009039120914,0.4497651593677976,1.7588733151959448,True,admitted_students_file
4343,1.412607900636232,-0.7663011202192842,0.5795533173565639,False,applicant_pool
4344,0.9369665419143417,0.5277479919994043,0.9637412722604748,True,admitted_students_file
4345,0.07129461349743696,0.8707875968519352,0.6638000404275131,False,applicant_pool
4346,-1.171758351883278,-0.587964036746098,-0.8639183717752139,False,applicant_pool
4347,-0.6000052747111194,-0.054701815218532915,0.012948451788823756,False,applicant_pool
4348,-0.21963115191741533,-0.8952797698908733,-1.2318683029879849,False,applicant_pool
4349,0.25234583134144734,-1.1444038120498916,-1.3201719636983866,False,applicant_pool
4350,-0.4783327614993951,1.0367954325002064,1.3223917011338164,True,admitted_students_file
4351,-0.9357331991843516,-0.5540009458836479,-2.117056100399178,False,applicant_pool
4352,-1.188198689120337,-2.41361232850807,-1.1947539400151241,False,applicant_pool
4353,-1.651177759055531,1.7653561564936229,-1.2632591297428302,False,applicant_pool
4354,-0.23495070377456886,-0.8020953230626062,-1.0832587104258786,False,applicant_pool
4355,-1.469665442070305,-0.24637304374803073,-0.43512723637350537,False,applicant_pool
4356,-1.0005256841573922,1.6409065054943148,0.4164868562237913,False,applicant_pool
4357,-0.3939018728443025,-0.14174209418763992,-1.2697023412040511,False,applicant_pool
4358,-1.3359173093914338,-0.1633366022018634,-0.676015334647446,False,applicant_pool
4359,0.37975218849869696,-1.2281730445505332,-0.5045705171733568,False,applicant_pool
4360,0.7402230636056872,-1.6348336996275665,-0.7327307153236061,False,applicant_pool
4361,-0.5494270197753985,-0.1663862645961283,-0.9020242383895279,False,applicant_pool
4362,-0.43702730761000175,0.3628097740748948,-0.07246559646923965,False,applicant_pool
4363,0.5374297701390774,0.30552540821077256,0.1405757375607538,False,applicant_pool
4364,-0.713995097234679,-0.4812610804692158,0.9272563526868793,False,applicant_pool
4365,-0.7827339115972951,0.020257799346942336,-0.6636214792344703,False,applicant_pool
4366,1.1964984781862904,-1.8372099953279672,-0.6780923538154673,False,applicant_pool
4367,0.8841877387127871,0.4601670206954785,0.4946852917739205,False,applicant_pool
4368,0.6015500023439195,0.16140584477004594,1.7397868906108127,True,admitted_students_file
4369,0.9256446213940929,1.9736608941828575,0.7372017705981213,False,applicant_pool
4370,-1.977278725367363,0.007479646429047295,-1.0287667059803127,False,applicant_pool
4371,1.3538355467931074,-0.942669352146079,0.09975504620708517,False,applicant_pool
4372,0.3920621165837422,-0.050723134088819094,-0.7745097346277084,False,applicant_pool
4373,1.010781384005735,-0.327799800015837,-0.12941539991074752,False,applicant_pool
4374,0.3871617791163626,0.43470786877039785,0.7560830668604772,False,applicant_pool
4375,0.048924824680156194,0.026892061725186146,-0.5557942775957889,False,applicant_pool
4376,-0.2753092123620546,-1.2599467010526437,-0.816221593965524,False,applicant_pool
4377,0.36714437688620544,-1.6357432881940195,0.3858179677303668,False,applicant_pool
4378,-0.3117479089045521,0.262908202633016,0.08767466497563635,False,applicant_pool
4379,0.8678761000651124,1.383114541069239,0.44568518177018146,False,applicant_pool
4380,-1.5864566445522004,0.07934788405171923,-1.5723780776181355,False,applicant_pool
4381,-0.5415758617942777,0.8132973539202071,-0.023165047239829428,False,applicant_pool
4382,2.0448232484766464,1.0128091542036002,1.7408964784458991,True,admitted_students_file
4383,-0.6260804635723924,0.26679184579466836,-0.1271279099743779,False,applicant_pool
4384,-0.23868372306347801,-0.8144914878614082,-0.46585382764652933,False,applicant_pool
4385,-0.8825809333500763,0.19530808504556424,0.7646422171852683,False,applicant_pool
4386,0.3358456728858239,1.2070728876004806,1.0002932987545723,True,admitted_students_file
4387,-0.7362648901421949,0.5298905495999142,-0.9406794341656194,False,applicant_pool
4388,-0.1856109348070501,0.7482453428286557,1.1733766563880406,True,admitted_students_file
4389,0.8488665360350706,-0.4625462416918259,1.1352253950698257,True,admitted_students_file
4390,-0.6987634188148159,-0.2023537597454822,-0.4230160002600152,False,applicant_pool
4391,0.7886111192652209,-0.11872731090036714,0.26294839879088167,False,applicant_pool
4392,0.8222293155603565,-0.05133800253679587,0.9368618352496574,False,applicant_pool
4393,1.0549560947192937,1.1679583160123588,1.2971384973999034,True,admitted_students_file
4394,0.14054099491804029,-2.3471737283381673,-2.873307526867322,False,applicant_pool
4395,3.2412590769767857,0.03053830458183765,2.521100296093832,True,admitted_students_file
4396,1.054533696542082,-0.07949637569485415,1.2583502924329024,True,admitted_students_file
4397,0.32487762440682655,-1.371501141444149,0.3284557751912709,False,applicant_pool
4398,-0.8759244140817352,0.671767216587465,-0.6442330884380709,False,applicant_pool
4399,-0.09705912587414098,-0.7245001919449245,-0.3756978354795013,False,applicant_pool
4400,1.426326976900034,-0.3570326493531597,0.8685010034025562,False,applicant_pool
4401,1.7095346156262687,1.8487819077540433,2.372673531989873,True,admitted_students_file
4402,1.4783291004402292,1.0099736495390559,1.6977960142868862,True,admitted_students_file
4403,0.7851923067296196,0.5744869391451162,0.9097867205824546,False,applicant_pool
4404,-1.255660206295572,0.38077693464440415,-0.4204495454652875,False,applicant_pool
4405,0.4871618178256701,-0.16468002244534266,0.72808989079396,False,applicant_pool
4406,-1.2414023780529977,1.9993772653701014,1.3468849439651387,True,admitted_students_file
4407,-1.4874711933807585,0.8021676314402391,-0.9748800097468844,False,applicant_pool
4408,0.23915868457723857,-0.7495499139652525,-0.4523652474539367,False,applicant_pool
4409,0.5231994472697504,-1.400102278217654,-0.8658125240374974,False,applicant_pool
4410,0.9033770984808047,0.5668380019892694,0.5596691652655073,False,applicant_pool
4411,0.49713624038609394,-0.05586912987844468,-0.8443983688842462,False,applicant_pool
4412,0.5315859857427483,-1.4289381669461676,-0.566323198685149,False,applicant_pool
4413,-0.9846525849923764,0.4285861657115819,-0.02591891385081485,False,applicant_pool
4414,-0.10497668468466637,-0.2690271603115207,-0.35167232557673206,False,applicant_pool
4415,-1.5071167856344878,0.5306649255274699,-0.6409642365475214,False,applicant_pool
4416,-2.0033691294001956,0.4417402145809067,-0.722152945096146,False,applicant_pool
4417,0.7406427098430741,-0.6082640215438392,1.0738299340090447,True,admitted_students_file
4418,-0.7531243937909587,0.6328447644242048,-0.3720169297545153,False,applicant_pool
4419,0.8724985021430535,-0.4979050826348992,-0.5766427573534223,False,applicant_pool
4420,1.1083475778800387,-0.4328818731809713,0.3757446051588639,False,applicant_pool
4421,-0.6193173246231977,-0.532271406621378,0.5699602090499876,False,applicant_pool
4422,0.5903110945552991,1.1309744278062708,0.30620519863514906,False,applicant_pool
4423,-0.6611567286136416,-0.2805723880543605,-0.15702893892800268,False,applicant_pool
4424,-1.845878874626824,1.3724431805642519,0.5028060593589078,False,applicant_pool
4425,0.1233094044424584,1.78348487018686,-0.4164576750669251,False,applicant_pool
4426,-0.4708738797157607,-0.7387191368544488,-0.4990796942446966,False,applicant_pool
4427,-0.44008901058713173,-2.9209953146969334,-1.7623173654834756,False,applicant_pool
4428,1.9753431178455254,1.0445095432712728,1.7757695887600207,True,admitted_students_file
4429,-1.5258569827326718,-0.3419718973601411,-1.6665957648231304,False,applicant_pool
4430,0.38287113537147105,-0.8661864131319914,-0.7276185773111244,False,applicant_pool
4431,-0.9948072371447515,-0.5887181061529682,-1.2592894202564529,False,applicant_pool
4432,0.9082614092673243,-0.4148138213660293,0.109273709954398,False,applicant_pool
4433,0.2984312361750658,1.29719309069374,0.6936118825349866,False,applicant_pool
4434,0.3793443491806136,0.1599112393175145,0.1093834556460713,False,applicant_pool
4435,-0.9448896176022599,1.2835986301081355,1.0537151348214588,True,admitted_students_file
4436,-0.7655879132883234,0.4942201192784956,-1.0264892113469826,False,applicant_pool
4437,0.9272505073458861,-0.3092307239504844,-0.8226280370831021,False,applicant_pool
4438,1.7707977217275628,-0.3903572032092572,1.7420359121009192,True,admitted_students_file
4439,0.48030781722418714,0.5616087507496011,0.5428333376445548,False,applicant_pool
4440,-0.8974207207714328,0.8204256293327086,-0.3218094141729459,False,applicant_pool
4441,0.33893852246206824,0.9967926857008693,0.7903732986930411,False,applicant_pool
4442,2.4274720443376094,-0.261538511375743,1.554350486970602,True,admitted_students_file
4443,0.1024228107189117,0.1752058564044724,-0.18637722535265633,False,applicant_pool
4444,1.4618408593935994,0.5840404092553264,1.6839746139749139,True,admitted_students_file
4445,-0.740329365838712,-0.38396502593686194,-1.4043751563203506,False,applicant_pool
4446,-0.04208605163638678,-1.1349400338027669,-0.9763452800298802,False,applicant_pool
4447,0.6195652061255426,-0.8062710667021233,-1.671646188074104,False,applicant_pool
4448,0.3973283082628641,-0.24103544254798545,0.9221563571193137,False,applicant_pool
4449,-0.7663886801111608,0.662207139220301,-0.19097938917079949,False,applicant_pool
4450,-0.8095174571305996,1.2589774955721018,0.7612218892029874,False,applicant_pool
4451,0.9882844031026585,-1.3560472087346207,0.09455638532559946,False,applicant_pool
4452,1.191550812650145,-0.5973450139299826,0.771103415428031,False,applicant_pool
4453,1.51214355812192,-0.3578624970632518,0.7448398196860919,False,applicant_pool
4454,1.8039304832528678,0.7947170323066438,1.960880060031105,True,admitted_students_file
4455,0.13461943632259646,-0.5281105353885002,-0.9286683032211984,False,applicant_pool
4456,-0.3111992442315934,-0.4297323349474719,-1.3014305158272053,False,applicant_pool
4457,1.3509909387784689,-1.411992577150224,-0.1104252183953192,False,applicant_pool
4458,0.7130692818515867,0.483407315973259,0.30186632230911375,False,applicant_pool
4459,-0.9824552586675914,-0.16139907459655461,0.2543196046529035,False,applicant_pool
4460,-1.0336356655189114,-0.6540450349795964,-0.8343913548090529,False,applicant_pool
4461,0.4919302013563091,-0.25951322448209657,-0.35046593811613924,False,applicant_pool
4462,-0.17727466148399962,1.126995501931263,0.4272402393368151,False,applicant_pool
4463,-0.02642995474069754,-1.004886908319843,-0.5772513535976818,False,applicant_pool
4464,1.0725333647101947,-0.8416596311035961,0.1024658575400472,False,applicant_pool
4465,0.7590371449850357,1.252252447465621,1.4975604581469124,True,admitted_students_file
4466,1.3298732484184317,0.07577482801885757,0.9617294308078537,True,admitted_students_file
4467,-1.9315361063733665,0.6697540967119173,-1.793618030208998,False,applicant_pool
4468,0.2533979172212008,0.4017519100056866,-1.0797858095552606,False,applicant_pool
4469,0.6946885223972068,-0.03533455229394842,0.16705374914272425,False,applicant_pool
4470,-1.526585856687684,-0.34829911914855655,-0.8263303407247062,False,applicant_pool
4471,-0.6548956413099721,0.8315580224838186,-0.13882777643150496,False,applicant_pool
4472,-0.840485162328919,1.162336567811155,1.074798292947111,True,admitted_students_file
4473,0.021698171059916185,1.0841883470160967,0.6860055472401793,False,applicant_pool
4474,1.6278539686940638,-1.1854716336476838,1.2375857627565319,True,admitted_students_file
4475,2.0225894046649007,1.304911017844329,2.9692076821160134,True,admitted_students_file
4476,-0.8142875530732823,-0.35793525419764505,-0.026044019103975913,False,applicant_pool
4477,0.5265572504935742,-0.7550295375448344,-0.9909651305282194,False,applicant_pool
4478,0.5587978521423151,-0.1693276967684734,0.26515406857423834,False,applicant_pool
4479,0.38762577151474775,0.831128435248732,1.6481316756338817,True,admitted_students_file
4480,0.39897963473923403,0.5404641840280625,0.8012797895293695,False,applicant_pool
4481,0.30374250245132806,-0.25538641185426775,0.41948339238736676,False,applicant_pool
4482,1.6875701208064198,0.8376658668779747,0.6698822784139216,False,applicant_pool
4483,1.1024665143680576,0.13986058075943492,2.150665563258517,True,admitted_students_file
4484,-1.0601538975982672,-0.5729714655393743,-1.6154935678352582,False,applicant_pool
4485,0.7957210808805493,-0.7080352829584932,-1.3391018305758011,False,applicant_pool
4486,0.8923733745114522,0.4102348444216199,0.6009073258289501,False,applicant_pool
4487,0.3149672871517889,-0.08251773581560166,-1.5621464876962248,False,applicant_pool
4488,1.1314243705027294,-1.3755051534136362,-0.9182401102459061,False,applicant_pool
4489,0.18807403429903718,0.8471614930695031,2.4638613759626633,True,admitted_students_file
4490,0.20046772107625074,-0.4802750286244204,-0.44790329415856417,False,applicant_pool
4491,0.1212405446770433,1.5921196479887945,0.11423310764694095,False,applicant_pool
4492,-2.018244085799669,-1.402989985154711,-2.2060936255240646,False,applicant_pool
4493,-0.080398393905874,-0.18070859639001138,-0.7981821652147081,False,applicant_pool
4494,-0.6682505744545707,-0.6999776844392276,-0.28418492850921784,False,applicant_pool
4495,-1.1864479781925572,-0.9754225203773388,-2.027897169640661,False,applicant_pool
4496,1.4340182847395226,-0.48679071675837665,0.8052115162823562,False,applicant_pool
4497,0.5042075185344578,1.7705676090369815,0.6756625071107142,False,applicant_pool
4498,-0.029831080944547807,0.14337017007950356,1.8931201092911085,True,admitted_students_file
4499,-0.5648033511024263,-0.7917080387974289,-0.5291957994157859,False,applicant_pool
4500,0.2961695846287402,-1.828628410337405,-1.0979522949483593,False,applicant_pool
4501,0.9914360933175131,-1.7213625463476863,-0.6795229699115122,False,applicant_pool
4502,-0.8269658435469408,-0.5364631441187353,-1.2737488302572446,False,applicant_pool
4503,-0.0048283722766100075,-0.6336879841386601,-0.9476750675351879,False,applicant_pool
4504,0.8680664988511725,-0.22405070623448545,-0.13326744312598382,False,applicant_pool
4505,-1.93600112908413,-2.2721838004358514,-1.560490008864622,False,applicant_pool
4506,-0.05756976240540404,-0.0916815950465335,-0.4838431527486264,False,applicant_pool
4507,-0.4292913705475386,1.0277297751471077,-1.1016082716571747,False,applicant_pool
4508,-0.13382985775503398,1.6228412473641953,0.1516799986300289,False,applicant_pool
4509,-0.501628556371903,-1.8944461479171393,-0.9080413237884811,False,applicant_pool
4510,0.1376246052072956,-0.8013927592391555,-0.6080761397346448,False,applicant_pool
4511,1.923627220422718,-0.8542338609745351,0.6012485635458593,False,applicant_pool
4512,-0.323922473928551,0.14572142752565,0.7030394358314791,False,applicant_pool
4513,0.29171100909410663,-1.2197724678764534,-1.1472565606291376,False,applicant_pool
4514,1.9947464184091128,1.6822632487266809,2.832748689129899,True,admitted_students_file
4515,-0.5500155783725553,0.04352247168573978,-0.7967387241977448,False,applicant_pool
4516,1.814675348928969,-0.12314628929921174,1.502607534485976,True,admitted_students_file
4517,0.005323006627107235,1.5927137337827775,0.764929205727664,False,applicant_pool
4518,1.7818962258649262,-0.016047624083348175,0.9787171687590426,True,admitted_students_file
4519,0.7502011249463191,0.40030340649868873,1.3219215056971492,True,admitted_students_file
4520,0.3071083625824217,-0.7507982732920492,0.23521892341649187,False,applicant_pool
4521,-0.06563068188658654,-1.3705020650543835,-1.04928587529484,False,applicant_pool
4522,-0.6240414398792106,-0.6103616315042307,-1.1324985653955868,False,applicant_pool
4523,0.07579154996435276,2.186975838944824,2.5902021119281224,True,admitted_students_file
4524,0.8973614590200242,0.6330209482869559,1.4072801327981153,True,admitted_students_file
4525,-0.013111430996670575,0.27453483711105,-0.1038740520861729,False,applicant_pool
4526,-0.3166228050618577,-0.9763733901851996,-1.2976065812134159,False,applicant_pool
4527,-0.2507825341777729,0.9112508009838458,1.146732628283445,True,admitted_students_file
4528,0.9924766135830533,-1.3576932743137915,-0.15661076923776826,False,applicant_pool
4529,1.2251614550998557,-1.5670564496823811,-0.33671884306690186,False,applicant_pool
4530,-0.6671505137683704,-0.5588871228816459,-0.716441840928695,False,applicant_pool
4531,-0.6685878574474897,1.9544909119614478,1.0722947976799668,True,admitted_students_file
4532,0.3793589196671123,1.8978942323926116,1.4405321456372806,True,admitted_students_file
4533,1.5275320647572548,-0.45123692825054373,1.5421726455194582,True,admitted_students_file
4534,1.14599030831256,-0.6741990181979842,1.188201271922865,True,admitted_students_file
4535,-1.2518522121799116,-1.6403620405597799,-1.5076175808395398,False,applicant_pool
4536,-0.2640759699918621,0.07803072552008439,0.8413738844402836,False,applicant_pool
4537,-0.9306035546895123,0.16201275198811943,-0.49363628405915,False,applicant_pool
4538,-0.26751252191525826,0.7895562541969123,0.8225601294863059,False,applicant_pool
4539,1.6044099960353544,0.910707513325164,2.337945804294696,True,admitted_students_file
4540,-1.4226006487830172,-0.19742191766463293,-0.3396878721793457,False,applicant_pool
4541,-1.6188652932801901,0.5560278747595844,-0.04964491862155318,False,applicant_pool
4542,-0.8285541534336024,-0.7006388678465361,-0.5521430279749109,False,applicant_pool
4543,0.2873106025759928,0.5370425333606856,1.905819219305501,True,admitted_students_file
4544,0.6207548206407568,-0.5072320781845587,-0.303997267089315,False,applicant_pool
4545,0.4374484348615332,0.4594585159669378,0.4743349667463588,False,applicant_pool
4546,1.1756854032310164,0.37850132528536523,0.8600640398805541,False,applicant_pool
4547,-1.7630855942339292,0.06880362569506428,-1.3589302808849288,False,applicant_pool
4548,1.188336538358937,0.7945397181593544,-0.10327086365356597,False,applicant_pool
4549,-0.3120953200462915,-1.5703990713606855,-0.26121599041876187,False,applicant_pool
4550,0.7314943098048676,-1.06491621822094,-0.9349525618028413,False,applicant_pool
4551,-1.3234254267632044,-0.2700596735530343,-0.916894879083287,False,applicant_pool
4552,0.004956697009070176,-1.443263387673323,-1.9302021733041848,False,applicant_pool
4553,0.23627077058901358,-0.40686451455470535,0.3236150779261172,False,applicant_pool
4554,1.1557510374984181,-0.37463029507755025,-0.04204874258457436,False,applicant_pool
4555,-1.5852546226077653,1.3096837866666937,-0.9742943902380368,False,applicant_pool
4556,0.03075254853490416,0.14253370229146237,0.2486764881743326,False,applicant_pool
4557,-1.085235291142143,1.029429576063878,-0.5267879211387123,False,applicant_pool
4558,0.5054960442082751,0.30167471880971813,0.12274962870123463,False,applicant_pool
4559,0.7772165364561262,-0.5356672712320654,0.277259753035374,False,applicant_pool
4560,1.2871702425080878,0.13371680774651215,1.4835692002095822,True,admitted_students_file
4561,-0.5350294543083745,0.7294263339321729,-0.44652236975472903,False,applicant_pool
4562,0.9272264856887904,1.193401326442581,0.6845733460913416,False,applicant_pool
4563,1.3609015874770531,-0.13231006293443334,0.8150230576302954,False,applicant_pool
4564,-1.6432469698554668,-1.647510643852944,-1.7615156427298095,False,applicant_pool
4565,0.6123449200984505,-1.7178022574219018,0.30538136504219415,False,applicant_pool
4566,0.958511253780106,-0.3264126101168869,-0.33906660042449854,False,applicant_pool
4567,-0.2587263863874374,-2.337901501147973,-1.9103850977872832,False,applicant_pool
4568,-1.2107735775251085,1.7951044657368305,1.2028652948902971,True,admitted_students_file
4569,0.9429557561096632,0.5969332313997334,2.382094017178211,True,admitted_students_file
4570,-1.1995088275577568,-0.6356670094972448,-1.888027993601879,False,applicant_pool
4571,-0.17835143451090235,-1.1096475940087958,-1.3543677124024587,False,applicant_pool
4572,-0.040124057803329026,1.02811909597611,0.9089668410392094,False,applicant_pool
4573,0.7155380517039994,-1.1136371556510056,-0.6631846171007152,False,applicant_pool
4574,-0.6266315595125326,-1.0182267636010525,-1.600620138180797,False,applicant_pool
4575,-0.684583688827855,-0.7659459400266918,-0.7717148342972205,False,applicant_pool
4576,0.09891547876311091,0.11408741457432525,1.2230458482871778,True,admitted_students_file
4577,1.0063904776197492,0.6207974391473984,0.14103453932907584,False,applicant_pool
4578,2.287450000653147,1.192672233415663,3.3109133275903853,True,admitted_students_file
4579,-1.5074811997787745,1.0449712989467017,-0.7029698885488689,False,applicant_pool
4580,0.3153420177865781,0.0007737092347416462,0.4475295674445968,False,applicant_pool
4581,-1.0865350262342919,1.0205219737563338,1.0706870206606296,True,admitted_students_file
4582,1.0188112432067427,-0.6709996139763603,0.4538040736112269,False,applicant_pool
4583,-0.938544547309233,-1.8208660144619664,-2.0018605988907114,False,applicant_pool
4584,-0.6746482181823238,-0.6711310717105081,-0.3720336025440234,False,applicant_pool
4585,-0.5892708590639962,-0.8062605142762874,-1.0283117343038928,False,applicant_pool
4586,-0.07619893871980389,-0.6319870717991768,-0.09537517212110747,False,applicant_pool
4587,0.32319759685870747,-0.9593747292418892,-0.5567918349135417,False,applicant_pool
4588,0.4837013936085136,-0.4611095775797121,0.6174917083110478,False,applicant_pool
4589,-0.0057675461827832435,0.620017214093578,-0.5766999006431346,False,applicant_pool
4590,-1.3298910224405813,1.7152571026625716,-0.45897718472127946,False,applicant_pool
4591,0.7277861503101892,-1.7253464742590232,-1.6346641079743045,False,applicant_pool
4592,-0.05295866366302793,-1.2877346269007441,-0.9109512393038897,False,applicant_pool
4593,1.1617347900146988,-0.7914462587281675,-0.8299892078305937,False,applicant_pool
4594,-0.7077387794799367,0.7657418774365927,-0.44658008887494705,False,applicant_pool
4595,-1.6022747273509945,-0.2049474429730497,-1.949950433908794,False,applicant_pool
4596,-0.03402600268307527,-0.7241092231036228,0.5429854639158229,False,applicant_pool
4597,1.295952688284265,0.7167330077054214,0.614769455870209,False,applicant_pool
4598,0.1609421366160508,0.9563902663419689,-0.17431593012362667,False,applicant_pool
4599,-0.19966979917285654,-0.018759959423630203,0.031857630548322274,False,applicant_pool
4600,-0.8703470176574332,-0.8162192266205438,0.08450674941247716,False,applicant_pool
4601,1.7577664666808224,0.27027956723539276,1.2369829665735603,True,admitted_students_file
4602,-1.0296025948847793,-0.23326820845256688,-0.8479695367032201,False,applicant_pool
4603,-0.72539425762824,-0.24101324378546057,0.27536534683602776,False,applicant_pool
4604,0.5700341960840228,-0.5124002186018363,0.6522226221149334,False,applicant_pool
4605,-1.8560206898867897,0.9249832473220889,-0.3073838484387308,False,applicant_pool
4606,1.2745906653813397,0.24988022632679388,0.5832675697301515,False,applicant_pool
4607,0.6241931142173556,1.0357008818896303,1.3981016318701698,True,admitted_students_file
4608,0.8992310718111097,1.3363261454781257,0.5005633244911223,False,applicant_pool
4609,0.5581170119496541,0.4589807688666407,0.22454067295577312,False,applicant_pool
4610,-0.16112351745637007,-0.506477114885152,0.5680834446466854,False,applicant_pool
4611,-1.063148710155423,1.0403262322197848,0.8965602686606203,False,applicant_pool
4612,-0.14007544122496063,0.4656647022783544,0.517872309219469,False,applicant_pool
4613,-0.9752363117526348,2.603367776807639,-0.2922621526779079,False,applicant_pool
4614,0.4861553100763835,0.3101028884946864,-0.32818724051700954,False,applicant_pool
4615,0.8067798305481017,0.6976880390140838,0.5022734151855724,False,applicant_pool
4616,1.4768086311982076,0.2904238912960317,1.0285118176841537,True,admitted_students_file
4617,0.3717676405528632,-0.0990985918681181,-0.6980529237090898,False,applicant_pool
4618,0.9245753565951862,-0.2587915495875664,0.2603398680473905,False,applicant_pool
4619,-0.2971447372301422,0.29424384465856673,1.2352210865372248,True,admitted_students_file
4620,-0.47827713800819477,0.5211757518138552,0.3084692127747502,False,applicant_pool
4621,0.47367189081680144,1.154387899644425,1.2114175040725228,True,admitted_students_file
4622,-0.3864728727169088,0.3088505583037643,-0.7627432976814855,False,applicant_pool
4623,0.2691857888276577,-0.46288917542522895,-1.2731965519871762,False,applicant_pool
4624,-1.061192189335421,-0.3268539965989834,-1.7619675187374897,False,applicant_pool
4625,-0.8816276824763011,-1.3229369429031808,-2.6085394101253705,False,applicant_pool
4626,0.6354093010182902,1.6612138435723098,1.5453297275529463,True,admitted_students_file
4627,0.8866900754060961,-0.5411736135208487,0.4933057633105622,False,applicant_pool
4628,-0.9856561689666805,0.9674404601379066,-0.6875431777122456,False,applicant_pool
4629,0.6706143105064207,0.2765508574425336,0.7192008971032235,False,applicant_pool
4630,-0.5327356730352747,0.3037318308394069,0.8794431739352844,False,applicant_pool
4631,0.016505176200309918,-0.11744787527233685,1.3047753852462485,True,admitted_students_file
4632,1.416944415790647,-0.7877988886266734,0.9482318381810357,False,applicant_pool
4633,0.8074872340229485,-0.9685354004919751,-0.22706966097570758,False,applicant_pool
4634,0.7958719880221928,1.7284653888049368,2.157492265651013,True,admitted_students_file
4635,1.9087903584569665,0.11396107883724602,2.2610554228158115,True,admitted_students_file
4636,-0.7038793410497978,1.1252677461876508,-1.1311572331137867,False,applicant_pool
4637,-0.9858749749925457,1.384906937645251,1.2968191021817495,True,admitted_students_file
4638,-0.7221222702285907,-0.4108469300992142,-1.117640754628217,False,applicant_pool
4639,-0.25450105340661505,0.4235057659278442,-0.2646210053174442,False,applicant_pool
4640,-2.3545506142918935,0.045010775491347736,-1.7496504760304974,False,applicant_pool
4641,-0.20742823669681038,-1.1572138030168888,-0.6629584286708758,False,applicant_pool
4642,-0.5445707318949119,-0.18547997590425605,-1.2524109376585957,False,applicant_pool
4643,0.783759767397799,0.5875065902392275,0.6919533081804011,False,applicant_pool
4644,0.35241937901004006,-0.4990292550108579,0.2723976251479919,False,applicant_pool
4645,-0.600696627769337,-0.32484319537186124,-0.44860101054998397,False,applicant_pool
4646,0.5899608453629039,-0.1733668553856451,0.5373562535382467,False,applicant_pool
4647,0.7232630598237696,2.1115293313101033,1.6158369555701568,True,admitted_students_file
4648,-0.7685457897914107,-1.8340489371044395,-1.2060896057584423,False,applicant_pool
4649,-0.49302425538241845,0.501643299027259,0.7450936637711453,False,applicant_pool
4650,-2.2253631870979826,-0.25333907725216487,-0.913648953313698,False,applicant_pool
4651,-1.0906599743692849,-0.6406549085024337,-0.8260275108764221,False,applicant_pool
4652,-0.7424695604235784,-0.27787570715626536,-0.00599959782032311,False,applicant_pool
4653,0.07416617660602177,0.667376243833423,1.0917449821659506,True,admitted_students_file
4654,-0.9453826793598152,0.7245235940205608,1.7299971292083869,True,admitted_students_file
4655,-0.513451987049109,0.18601712243475307,0.6398142870347645,False,applicant_pool
4656,-1.225330681582599,1.092741316456627,-0.14830398297657876,False,applicant_pool
4657,0.17111389853127063,1.2688329951005763,0.2977899797178919,False,applicant_pool
4658,0.4257145945849076,0.8163759419506144,0.6245606704167119,False,applicant_pool
4659,0.40236534841982236,-0.5461924511472189,-0.32573701569279334,False,applicant_pool
4660,0.01236113190525933,0.4944415492128766,0.6874175401348959,False,applicant_pool
4661,-1.5410729965013943,0.4992006591385695,-1.1673963909183458,False,applicant_pool
4662,-0.6199536638928509,-0.8156314336465517,-0.0986062933363292,False,applicant_pool
4663,-0.4073066723184845,-1.569438894054258,-2.2575787222689896,False,applicant_pool
4664,-0.4032953129206253,-2.0227756213745556,-2.719713702713359,False,applicant_pool
4665,0.07498121798983637,0.06985549011215164,-0.0004373452814520895,False,applicant_pool
4666,1.4255413723710189,0.29803971486691816,0.530536372267801,False,applicant_pool
4667,0.8120962126845997,-1.1817815776524143,-1.1210591850180869,False,applicant_pool
4668,-0.9875177798486946,1.0460323325513625,-0.4079145092466556,False,applicant_pool
4669,0.6784028752966336,0.15221814929641217,0.006863585630233704,False,applicant_pool
4670,0.6403023676657362,1.3494526149153527,1.3004347705416612,True,admitted_students_file
4671,-0.8060674729515649,0.370535869983591,-0.717425093749166,False,applicant_pool
4672,0.848865922635439,-1.0663335718791513,-0.5187480227834638,False,applicant_pool
4673,-0.16037663594526336,0.45828121329014887,0.19023197251927057,False,applicant_pool
4674,-1.4099534900144448,0.6701106948721014,0.22907128267227383,False,applicant_pool
4675,0.45520272463714184,-0.5476235858870058,0.9694482660297419,True,admitted_students_file
4676,0.2169618236145243,-1.442092997309875,-0.6928979691631327,False,applicant_pool
4677,-0.22767762918582773,0.10029606430660626,0.07508216596787018,False,applicant_pool
4678,-0.03745308498329951,-1.0008446353161848,-0.8031244303017535,False,applicant_pool
4679,-0.719085478888462,1.1208876630611317,0.5980454537535903,False,applicant_pool
4680,0.6101305037971094,-0.40717668042659255,0.40507353759973314,False,applicant_pool
4681,-0.04345063450892596,1.7246011064932987,2.0208411849517307,True,admitted_students_file
4682,0.16644884394822793,-2.1241586675188358,-2.594604625729695,False,applicant_pool
4683,0.3571419244288725,0.134795604145148,0.1556109729745679,False,applicant_pool
4684,-1.154585614426325,1.4293926401013202,0.41605747507809754,False,applicant_pool
4685,-0.894283021882052,-0.8903043158872967,-1.1783805398295546,False,applicant_pool
4686,-2.2099444596162092,-0.15920093562703552,-2.1973656293753874,False,applicant_pool
4687,0.564742258490407,-0.40303571436404395,-0.8044474217861981,False,applicant_pool
4688,-1.2122100237467663,-0.6837676421522828,-0.6679597846141786,False,applicant_pool
4689,0.1325697098956523,0.2446226411142813,-0.28467306712103346,False,applicant_pool
4690,0.3709882249395528,-1.2954216009991038,-1.8293120384926298,False,applicant_pool
4691,0.6023528388925202,-0.11096878133022564,0.9190006394224202,False,applicant_pool
4692,-1.2040169138360592,0.5159942376845734,-0.12592670918622006,False,applicant_pool
4693,-0.06516161814069105,-0.2150937113866431,-0.263277832413532,False,applicant_pool
4694,1.670280420787749,-1.0002041999857756,-0.2046365714114372,False,applicant_pool
4695,1.7143146799843163,1.0301853986015017,1.7045160407214361,True,admitted_students_file
4696,0.9873230940269508,0.73025696161685,1.967338356531914,True,admitted_students_file
4697,0.3374931388188395,-1.0411871713037413,-1.5876906213353457,False,applicant_pool
4698,-1.0051063888453775,-1.2941075650225413,-2.589273401731863,False,applicant_pool
4699,0.718621625391053,-0.9519244159938243,-0.5910825399304886,False,applicant_pool
4700,-0.15802122874684088,0.5452731654872153,0.23306317812599983,False,applicant_pool
4701,0.5605282752728444,0.27557289896254566,0.19606143473435722,False,applicant_pool
4702,-0.6328434548521167,0.7900827124457142,0.5521771200527519,False,applicant_pool
4703,-0.17293311283992888,-0.3261502180506149,0.4377795960349895,False,applicant_pool
4704,0.16414736007642475,-0.9247342375001071,-0.2992433281001661,False,applicant_pool
4705,0.2462780914938584,0.918846488414499,1.1496336175697053,True,admitted_students_file
4706,0.4937227144602481,-0.553448513451164,0.15164791707247544,False,applicant_pool
4707,-0.5791949845248994,0.18654805585397857,-0.24856483999537582,False,applicant_pool
4708,-1.3432844521102028,-1.5499248391153742,-2.7860771291669115,False,applicant_pool
4709,1.6247850398997947,-0.5698104243227993,-0.03386069519679258,False,applicant_pool
4710,2.489254169023358,1.0093963209415133,1.3284798845968173,True,admitted_students_file
4711,0.44742071120237864,-0.7162745666698576,-0.27870836252662,False,applicant_pool
4712,-1.3239920947301105,0.8145038214514995,-0.16857275575303657,False,applicant_pool
4713,-0.7731951168428768,-2.3310196961881937,-3.0322232978171595,False,applicant_pool
4714,0.509117569050969,-0.559391659643186,0.018138374086464244,False,applicant_pool
4715,1.341115611681286,-0.17135464587813257,0.14769319798990344,False,applicant_pool
4716,-1.2128906345418562,1.7425403033424056,-0.4041672557554441,False,applicant_pool
4717,-0.12433282084890122,-1.1690628800144518,-1.2784517971536757,False,applicant_pool
4718,0.19593206444396905,0.6709932954470896,-0.2208320649123442,False,applicant_pool
4719,0.8645784512858746,1.0569317812487937,1.673643033719035,True,admitted_students_file
4720,-0.34360109440037934,-0.7214896472442744,-0.8099120747032742,False,applicant_pool
4721,-1.5638146913219246,-0.3735239487726898,-0.6886202761701878,False,applicant_pool
4722,0.6211975594529023,0.1416287738119035,0.18538967014773505,False,applicant_pool
4723,1.124795965171238,-1.4814849671925294,-0.5158280946324192,False,applicant_pool
4724,-0.08259146174516069,-0.45510321186135666,0.9618663107251824,True,admitted_students_file
4725,0.40524009130643124,1.276112040946416,-0.04326344421188666,False,applicant_pool
4726,-0.47449122942707067,0.5226548108644206,0.9304431983280668,False,applicant_pool
4727,-0.8457727947258943,-0.1567512894832428,0.5065261716161397,False,applicant_pool
4728,1.0264256805472187,0.11307236183648332,1.2767459749324561,True,admitted_students_file
4729,0.38749584781446095,0.5809053655297716,0.39813146011403405,False,applicant_pool
4730,0.49036859940188254,0.7724101479101136,1.8196376359706166,True,admitted_students_file
4731,1.502115147994613,-0.5564141473791021,0.3894726984770828,False,applicant_pool
4732,-1.054842334318573,1.5347209432796696,-0.18212881417279214,False,applicant_pool
4733,-0.5520262681594221,1.316348201204661,0.22502141554524058,False,applicant_pool
4734,0.15793334883469554,0.6772576303532128,0.14373851908916396,False,applicant_pool
4735,-0.5643132377612419,-0.8429598658458911,-1.5773637047883438,False,applicant_pool
4736,0.7831365352724501,-1.0202239067705932,0.6228986924024823,False,applicant_pool
4737,-0.18739922090398406,-0.3266037965965932,-0.8755158082106238,False,applicant_pool
4738,-0.9925328074971896,0.06076509764441081,-0.6264019036492674,False,applicant_pool
4739,0.06577167518766158,-1.7684918655590522,-2.1174084463205665,False,applicant_pool
4740,0.17033877080678794,0.4946931335452561,0.45383821505326283,False,applicant_pool
4741,0.9346820628963304,1.2874622638484718,0.6352455814282041,False,applicant_pool
4742,0.39314090314742434,0.5764741398308774,-0.19609029811176704,False,applicant_pool
4743,0.46114639135983565,-0.6760528028042351,-0.2161907045061176,False,applicant_pool
4744,0.3202916840072248,-0.7944033974004906,0.43170797192103183,False,applicant_pool
4745,-0.18822252129193043,0.2998523441740787,0.3808489662912537,False,applicant_pool
4746,-0.7162191151112647,-0.15330371533817977,-0.20880556949920742,False,applicant_pool
4747,0.288838351659376,0.44304117425590805,0.38477966585962936,False,applicant_pool
4748,-0.33312476588364065,0.6017213726056347,-0.060360391236066124,False,applicant_pool
4749,1.6898226204410154,1.091890528894662,2.3619119940141555,True,admitted_students_file
4750,1.3421822947732187,-1.132123428929522,-0.2576857508261586,False,applicant_pool
4751,0.6328391323516083,0.221618947849312,1.1395016602439854,True,admitted_students_file
4752,0.3784669392929856,-0.3634750039613235,0.8749076152194221,False,applicant_pool
4753,-0.08795905098117711,-0.09863504393536142,-0.710256909778794,False,applicant_pool
4754,-1.261123731347135,0.864408852668744,-0.7439765180841995,False,applicant_pool
4755,-0.2161722233219656,0.9731258730512434,0.11003301783380759,False,applicant_pool
4756,0.10140003340525669,1.3984436503836541,-0.051975443564597046,False,applicant_pool
4757,0.2294564744446623,0.4255902503682677,0.09719845898470408,False,applicant_pool
4758,0.4695363670158261,-0.11001679075579433,1.1447025406226743,True,admitted_students_file
4759,0.9213301978776851,-0.25287846945038367,-0.2974092561569973,False,applicant_pool
4760,-0.6921540716928671,-1.7347550023946687,-0.6498536220991343,False,applicant_pool
4761,-0.6830756072090113,1.3397350448986038,0.12341751393108114,False,applicant_pool
4762,1.4508566797431588,-0.32189841378567,2.2136478188442945,True,admitted_students_file
4763,0.7709815891931486,0.5058970600029105,0.35270197625663907,False,applicant_pool
4764,-0.3907709421333212,0.6789965257424327,0.08655926447041072,False,applicant_pool
4765,-0.10721116895223676,-1.2453155090501393,-1.5162704863362242,False,applicant_pool
4766,-0.10271394667489854,-0.9233463924596346,-1.148329761947525,False,applicant_pool
4767,0.03157412228138299,1.547019907055494,1.962811535869844,True,admitted_students_file
4768,0.47268309223861316,0.29043551568354414,0.8282027747466881,False,applicant_pool
4769,2.534992746099831,-0.580585664298516,1.9905370485950693,True,admitted_students_file
4770,0.18975656116265244,-0.12634701112754376,-0.8796963031702021,False,applicant_pool
4771,0.6625981504252507,1.0862369048328389,1.5951227031282988,True,admitted_students_file
4772,-1.6864767061901427,0.9343144797343041,-1.1689157689006247,False,applicant_pool
4773,-0.484899992778835,-1.4660817622396431,-2.2042610998850076,False,applicant_pool
4774,1.2288150027166052,1.6342838436718925,2.0281505473500125,True,admitted_students_file
4775,0.40231539135661587,0.9661480309986796,1.0494780579189316,True,admitted_students_file
4776,-4.389114584864837,-0.1524752493415862,-2.9146913418247697,False,applicant_pool
4777,0.6740232023161967,-1.1917224430867204,0.16578638233852533,False,applicant_pool
4778,1.918164394628769,1.0540086400609254,2.543408894891875,True,admitted_students_file
4779,-1.9959075861197932,0.4764275002946196,0.0411484816492278,False,applicant_pool
4780,1.5193876756455122,-1.4577983780777652,-0.7932070553950491,False,applicant_pool
4781,-2.771955630625928,-0.23207807535837705,-0.9012105370746413,False,applicant_pool
4782,0.9379989450534133,3.1261729427924885,3.9593297698867396,True,admitted_students_file
4783,-0.008648626012240201,0.016501757414421527,-0.2512564761050063,False,applicant_pool
4784,-2.3499712152446164,-0.7419705943356569,-3.177706354378401,False,applicant_pool
4785,0.4461378272397865,-1.0084966253066405,-1.3339824578918376,False,applicant_pool
4786,1.1508397491520586,1.7720989834294196,1.5766142095243627,True,admitted_students_file
4787,0.36388700382157313,0.847759489577688,2.197469333924715,True,admitted_students_file
4788,0.584827637059613,1.4074391139172275,1.3069293882771715,True,admitted_students_file
4789,-0.41167611233906165,0.24818528409215787,-0.5382979200867565,False,applicant_pool
4790,-1.861389755221022,1.2540192353327866,-0.8745724187774608,False,applicant_pool
4791,0.6918640223370642,-0.8483203895479107,-1.0276022661911042,False,applicant_pool
4792,1.7497539194462957,0.16259098091505825,1.8552274060111529,True,admitted_students_file
4793,1.129580854227459,0.2870535149727362,0.8563642186767677,False,applicant_pool
4794,-1.9878758296013461,1.3824469318752208,1.076351873311721,True,admitted_students_file
4795,-1.5148944072109338,0.31884304014045534,-0.3376868110972957,False,applicant_pool
4796,-0.8459677417973405,-0.6255117417362148,-0.37550624305672187,False,applicant_pool
4797,-1.5929754512801433,0.06407383892037402,-1.1632594295537246,False,applicant_pool
4798,0.044189919556039105,-1.6764132024602407,-1.8246663706091728,False,applicant_pool
4799,0.3934158051805228,-2.3209687332702673,-1.86441608948876,False,applicant_pool
4800,-1.4302532832423676,0.8313413701082871,-1.3477656042595094,False,applicant_pool
4801,0.7771284592755282,-0.37474388630634403,0.8988262763026335,False,applicant_pool
4802,0.601103944020014,-0.2614172989802677,-0.04864431179628537,False,applicant_pool
4803,-0.5481591248437031,0.8309466793666148,0.850562288154339,False,applicant_pool
4804,-0.17252198598398413,1.397010385044599,0.8910575410046941,False,applicant_pool
4805,-1.9498011756530316,0.534487954827583,-1.1249264425758536,False,applicant_pool
4806,-0.3322621562870741,1.9280728302178118,0.21855495357699473,False,applicant_pool
4807,0.007384974130325764,0.5026891340572774,0.5426910833958165,False,applicant_pool
4808,0.16874759522818958,0.30221346357999473,0.1530815767125633,False,applicant_pool
4809,0.37887691202017393,0.24038882250459914,1.0340514770098972,True,admitted_students_file
4810,0.24424174323057224,-1.2854955621336164,-1.1776024553998976,False,applicant_pool
4811,-0.26434369726567053,0.9559986056401223,0.8808511318913189,False,applicant_pool
4812,0.2861949425543167,-2.445466020015286,-0.254932308993854,False,applicant_pool
4813,1.002031993310248,-0.5862528572757782,0.46104557868420915,False,applicant_pool
4814,-0.09549807330964437,0.022930350567612473,0.5025349971369961,False,applicant_pool
4815,0.31759489083167675,-0.7897623234133629,0.09341434114620961,False,applicant_pool
4816,-0.18617106266411843,-0.4517559230728214,0.9140114984332541,False,applicant_pool
4817,-0.6467589164795713,1.8393755662272286,1.0352931175216573,True,admitted_students_file
4818,0.5228796669176042,1.1040238857816786,1.547458505469391,True,admitted_students_file
4819,-0.5552259441702052,-0.6858276808067391,-0.8320780761961835,False,applicant_pool
4820,0.38614690099219057,-0.46956651097237645,-0.5962947214650522,False,applicant_pool
4821,0.02825537151004551,-1.2770039485518438,-1.6574095550539871,False,applicant_pool
4822,-0.3039346765201432,0.704993786006137,1.1475352671115684,True,admitted_students_file
4823,-0.3281428321466607,-0.24974245041047577,-1.0814769936019166,False,applicant_pool
4824,-0.5081209924156869,-1.9664664708945478,-1.0863767013032501,False,applicant_pool
4825,-1.6458011720890138,0.10078359181005818,-0.7130497859126879,False,applicant_pool
4826,0.38289509516169207,0.43897888360182563,1.1766678276232985,True,admitted_students_file
4827,0.2315468252783205,0.9631409731750529,0.4162486531864397,False,applicant_pool
4828,0.8496702524484937,-0.07335479457677492,-0.048905892521630245,False,applicant_pool
4829,-0.5314569023067949,-0.3726711627863816,-0.32282295564073454,False,applicant_pool
4830,1.8953836254766674,1.986264680489528,2.3184322276327682,True,admitted_students_file
4831,-0.3797359478496331,0.0065861560995518365,-1.1042672002619476,False,applicant_pool
4832,-0.8751096421946959,0.7195618315979349,1.2558618027503476,True,admitted_students_file
4833,-0.9936849198426648,-0.5395396433762586,-1.550581682266082,False,applicant_pool
4834,-1.7339224032296623,0.6899096516358328,-1.374151186925499,False,applicant_pool
4835,1.5326278923931278,-1.455628992404098,-0.11944575273269487,False,applicant_pool
4836,1.371067390768662,-0.4620675457186336,1.467850897693058,True,admitted_students_file
4837,0.600745162884758,-1.208274239426054,-1.9116084299383735,False,applicant_pool
4838,-0.8960888077757798,-0.6049733218694675,-0.15677185406659633,False,applicant_pool
4839,1.8112676815591198,1.250470040231071,1.3520980681442119,True,admitted_students_file
4840,-0.35171916152165594,-0.6123258893036978,-0.4414616149607019,False,applicant_pool
4841,-0.26902583122665236,0.7182561254740842,-0.18120518194582963,False,applicant_pool
4842,1.437259080436076,1.5172651820570402,3.31478256842193,True,admitted_students_file
4843,0.6589105844808723,-0.027577313603318894,0.4976006867200557,False,applicant_pool
4844,2.2011031387545934,0.99376710505628,1.5810015732382026,True,admitted_students_file
4845,0.24872226031901956,0.5310859581386753,0.2961114167111184,False,applicant_pool
4846,-0.3970307995787248,0.1164369305835328,-0.1196400624156936,False,applicant_pool
4847,-0.6118048834597958,0.7503155893169294,0.21440558424067732,False,applicant_pool
4848,-1.846996177190627,1.8399380899918536,0.30254598178572173,False,applicant_pool
4849,-0.27859577280620446,-0.6372689125085526,-0.5962952708322125,False,applicant_pool
4850,1.1445933388273806,-0.9592009001760748,-0.8435086065027524,False,applicant_pool
4851,0.5988341726560692,-1.0179145456553433,-0.5105896120806908,False,applicant_pool
4852,0.020308006560405812,0.9944279697365547,1.0842392469816253,True,admitted_students_file
4853,-0.9949344438163292,1.129367623128353,-0.3815363979124852,False,applicant_pool
4854,0.22687301801273724,-0.5370369333339351,0.26934035083008556,False,applicant_pool
4855,1.0128137051953732,-2.136013549439347,-0.7078772056881159,False,applicant_pool
4856,0.4307192564699845,-0.6747567399230857,-0.31104247398105866,False,applicant_pool
4857,0.16673516963335916,0.5478541778069962,1.3003838006139457,True,admitted_students_file
4858,-0.796957653281206,-0.06672313898283302,-1.7780845260406224,False,applicant_pool
4859,0.8671818141120127,0.18034774675536697,0.2081695857785421,False,applicant_pool
4860,-3.131904818744181,-0.5233444182755979,-1.5132119072877133,False,applicant_pool
4861,0.382845708865145,1.0140891247097645,2.189042056031165,True,admitted_students_file
4862,2.5703219809445987,0.3431918017546363,3.493978698024693,True,admitted_students_file
4863,-1.508373387331847,0.586463472363802,-0.5639925734924165,False,applicant_pool
4864,-0.241369454701366,0.15906568302668153,0.26703071414233515,False,applicant_pool
4865,-0.00791099012472641,0.5243681636108437,0.9078966418309431,False,applicant_pool
4866,-0.4625828140565771,0.45857168818096145,0.8899454586916486,False,applicant_pool
4867,1.0363742425589795,-0.9280746281357819,0.2895591036474112,False,applicant_pool
4868,0.472451014355301,0.3730630953751281,1.1978884177370257,True,admitted_students_file
4869,0.1523003725473193,0.7915081719465198,0.9353172142321607,False,applicant_pool
4870,0.7972725611692801,1.1551414661948438,1.634625877122544,True,admitted_students_file
4871,0.0167507090717422,0.4161071482837128,-0.36150085854901015,False,applicant_pool
4872,3.179864488823514,-0.9652505187315361,1.2090494769964288,True,admitted_students_file
4873,0.15134693365674112,-0.8113173295740029,-0.7949191960006938,False,applicant_pool
4874,0.19528209848970435,-0.4351480812529309,-0.9881397063010624,False,applicant_pool
4875,-1.7104680495732754,0.18946390813652483,-2.1447763488815283,False,applicant_pool
4876,-0.5434503273034238,-0.12223610130759316,-0.7292354276116649,False,applicant_pool
4877,1.1473776817998096,-1.1237320656309138,-0.1693479779955995,False,applicant_pool
4878,-1.3354568503598725,-1.1297200343150513,-1.5288390218192112,False,applicant_pool
4879,-2.157557174301955,-2.0985217749066836,-2.377434828397517,False,applicant_pool
4880,0.03231547118757482,-3.1194749238680104,-1.8749680737182075,False,applicant_pool
4881,1.370744507474978,-0.13178182295492516,0.6254879206666311,False,applicant_pool
4882,0.042381228696125636,2.3202303751428555,0.8951091214515254,False,applicant_pool
4883,-0.3361246026263436,1.7967795237914266,1.5633740670081564,True,admitted_students_file
4884,-1.85848793774098,-0.9782314121229713,-1.9151431295141494,False,applicant_pool
4885,0.45225412270219334,0.1499032973906105,0.08774946655548588,False,applicant_pool
4886,0.6612751088830449,-1.4645795100501657,-0.652665858447917,False,applicant_pool
4887,-1.7817324991011003,-1.312109530858121,-2.5239183626217896,False,applicant_pool
4888,1.1345324486972188,-1.1974725976303797,-0.4123828431943291,False,applicant_pool
4889,0.7656955258921091,-0.22549868444183307,-0.04259287236045217,False,applicant_pool
4890,1.1323159425473455,-0.18245961021197618,0.41627042341766207,False,applicant_pool
4891,0.5835250918333419,0.25270197080685886,1.0025760604887934,True,admitted_students_file
4892,0.6536827088113185,0.6632163897042829,1.1409628620135666,True,admitted_students_file
4893,0.5207208987017389,-0.33688092339515835,1.202212169045826,True,admitted_students_file
4894,0.8684723215011957,0.036201970662628064,1.4362486543848916,True,admitted_students_file
4895,-1.8187577691239185,-1.0938125066902094,-0.5236754380149802,False,applicant_pool
4896,-1.5010594336215146,-1.3444970242571812,-1.4582007618515718,False,applicant_pool
4897,-0.7360079001897717,-1.4989723460483098,-1.0725635043932815,False,applicant_pool
4898,-0.12982017167255325,0.6492478011282274,-0.003563085199806748,False,applicant_pool
4899,0.3881369233081794,-0.33790784808824337,0.6108593271398073,False,applicant_pool
4900,0.32468165322885006,-1.871120262824403,-1.464466947267272,False,applicant_pool
4901,1.1171058114560313,-0.06308895268360971,-0.34420790886503083,False,applicant_pool
4902,1.148495298580351,-1.2488213317860835,1.0032144529897022,True,admitted_students_file
4903,-0.8723851082937929,1.6603788189729718,-0.36223120430140365,False,applicant_pool
4904,0.23857611005047125,-0.5788217215868263,0.08603660521828813,False,applicant_pool
4905,-0.8478315477218382,0.6815059858191213,-0.7243435762201196,False,applicant_pool
4906,-0.18824703835356665,1.0889630273849873,1.3741327288247072,True,admitted_students_file
4907,0.32179136904849476,-0.9549284525570413,0.47252588575893184,False,applicant_pool
4908,-3.4087120764716907,0.07604711755470782,-1.7958077580998086,False,applicant_pool
4909,2.4112440396396844,0.5534679013881464,2.7995180583014294,True,admitted_students_file
4910,0.5664086773974751,0.11554617241010676,0.44840660545671435,False,applicant_pool
4911,-0.595703275413406,0.3611007593098181,1.4114306411109028,True,admitted_students_file
4912,1.927369755230228,-1.3296293935591537,0.9108468985312337,False,applicant_pool
4913,-0.3474311704861944,0.5540362197145243,-0.49609280973817077,False,applicant_pool
4914,0.13251938582805775,-0.48616419417270906,-0.18114442930312608,False,applicant_pool
4915,-0.48711581039762725,0.3494512232841407,-0.19623339997431388,False,applicant_pool
4916,1.6519918374433393,0.9199888455514643,1.4964906030402598,True,admitted_students_file
4917,-0.10498470630588037,0.6688085075182737,-0.7935119887413893,False,applicant_pool
4918,0.14948410073950924,0.3487197254894737,0.5946376681592609,False,applicant_pool
4919,1.2037821530254462,0.6421282961845167,0.22981470672808924,False,applicant_pool
4920,0.5851394574610765,0.6884110538887852,-0.9399772639882582,False,applicant_pool
4921,-0.054348065134071935,1.495501161383926,0.6959399637760921,False,applicant_pool
4922,1.110390972357463,-0.03405069946277105,0.17049562000698337,False,applicant_pool
4923,2.538483229427952,0.16395699344238868,1.1535102360208342,True,admitted_students_file
4924,0.3174104487994213,0.9320668089761116,-1.360006947701768,False,applicant_pool
4925,0.11676008787256639,-0.490387609763513,-0.8384479023962492,False,applicant_pool
4926,0.17062708361908155,-1.3352674726779856,-0.8785655585091793,False,applicant_pool
4927,1.3104295008315177,0.49323017458277063,0.7284710309520218,False,applicant_pool
4928,-0.5991977350329224,-0.2060236846159446,-0.2522533493944315,False,applicant_pool
4929,-0.278317559711661,-1.2075274117343677,0.009063222492974976,False,applicant_pool
4930,-1.5374429491266413,0.5005419293798373,-0.31252845465680007,False,applicant_pool
4931,-1.1838678626399737,1.4311330150292483,0.879198354924418,False,applicant_pool
4932,-0.5178000026979704,-1.629742546289086,-0.6195139740876728,False,applicant_pool
4933,-0.05593699406042271,1.0223249952164812,-0.08505033619526081,False,applicant_pool
4934,1.7690833257701195,-2.5370675157456817,-0.1918094386037792,False,applicant_pool
4935,0.5359928049252244,-0.4002866301815139,0.784819160939238,False,applicant_pool
4936,-0.9120785101897938,1.8405159122425798,0.29831197670037546,False,applicant_pool
4937,-0.7279804853641153,-0.3283240485128667,-1.240036602041242,False,applicant_pool
4938,1.3747486832306544,0.08993839582099193,1.3233311228350801,True,admitted_students_file
4939,1.1266103486291923,0.7628662007735552,0.19101954686041056,False,applicant_pool
4940,0.028149910224203063,-1.7164735140606524,-1.859013550640097,False,applicant_pool
4941,-0.44252646553883224,0.07209480083975534,-0.7075100253628033,False,applicant_pool
4942,1.1249328357046429,0.06421307196130824,1.088304789174364,True,admitted_students_file
4943,-0.9933271267246865,1.8623209732487398,0.7180847653295999,False,applicant_pool
4944,0.39203039805752304,-1.2357408309978233,0.1742478342752971,False,applicant_pool
4945,2.2726589908933312,-0.38153931645012157,0.5839187503336932,False,applicant_pool
4946,0.20535568225145748,-0.9283557908236156,-1.1527811504591585,False,applicant_pool
4947,-0.7756094792616043,-1.0344118036913794,-0.8097754557946745,False,applicant_pool
4948,0.4103687026715378,1.1274027270645783,0.44048459645355054,False,applicant_pool
4949,-0.4700087190153476,0.02665150200081768,-0.7106349319055391,False,applicant_pool
4950,-1.3941158437534145,-0.5555671964265207,-2.567029363593182,False,applicant_pool
4951,0.7010360268721068,-0.5178459011425355,0.3226657827137326,False,applicant_pool
4952,1.1178344005497223,-0.563227076945396,1.4393980906141297,True,admitted_students_file
4953,-0.31090667207257267,-0.4738031774076939,-1.2305636435724392,False,applicant_pool
4954,-0.37723567409627334,-1.2644453442892645,-0.3519001337465202,False,applicant_pool
4955,-0.9615653911218296,-0.25872954256520014,-0.8347707135895351,False,applicant_pool
4956,-0.1499356004675666,-0.3592066916521446,-1.566732736764834,False,applicant_pool
4957,-0.5623683829231909,-0.7577967064033425,-1.4844161070019366,False,applicant_pool
4958,-1.0110326867032555,0.15504625630497473,-1.225918312721523,False,applicant_pool
4959,1.892168830399606,0.2398894801181584,1.1642684522381086,True,admitted_students_file
4960,0.4664928167495073,-0.5566472142917076,0.2350596435102627,False,applicant_pool
4961,0.5723951080293523,-0.14413415076625494,1.5726156082900151,True,admitted_students_file
4962,0.8833995689324271,2.158623726900857,0.9755130858486942,True,admitted_students_file
4963,0.7710362167598054,2.1204332586021373,1.5401109811412712,True,admitted_students_file
4964,-0.4131099527967148,-1.0540901901297357,-1.5808666899396908,False,applicant_pool
4965,0.2725526229714672,-0.9144475665885586,-1.3048173363936177,False,applicant_pool
4966,-0.2690304842606603,-1.0594032769919965,-0.7966685641875312,False,applicant_pool
4967,0.43846362477666,1.0570539399722392,0.9731224109175777,True,admitted_students_file
4968,0.3416908859581642,-0.39852929957569416,-1.3066066118094026,False,applicant_pool
4969,-0.3826602608642019,0.23967424359629974,-0.08023554166231081,False,applicant_pool
4970,-1.3292987229217992,1.9969673332808837,-0.4097925983043924,False,applicant_pool
4971,0.14623705696550768,-0.010464794310462442,0.09653137412026241,False,applicant_pool
4972,-0.20426948780729892,0.7062487217573207,1.2149340473117771,True,admitted_students_file
4973,-1.8903722477087583,0.5204207493003932,-0.5663209012122801,False,applicant_pool
4974,0.5076617688887175,-0.5882173516959495,0.07190083726026211,False,applicant_pool
4975,0.9653421122427754,1.059161731741859,0.9457914684076414,False,applicant_pool
4976,2.5283564752089505,-0.8497008091001859,1.1379335385620393,True,admitted_students_file
4977,-0.39119750332066106,1.3398797864441758,1.010921439603522,True,admitted_students_file
4978,-0.5387118965490677,-0.5874509652091197,-0.4070894201769351,False,applicant_pool
4979,-1.1094210304392413,-0.4779677205360946,-1.101255822803449,False,applicant_pool
4980,0.2086419064870071,-1.0884878236267916,-0.41973641938361905,False,applicant_pool
4981,0.2023181805583551,-0.924259410816647,-1.3908550736973457,False,applicant_pool
4982,-0.8112963347867491,-0.42676432232853545,-1.3187751694693515,False,applicant_pool
4983,-0.1749298820038401,-2.4313485579106118,-1.1987891591622035,False,applicant_pool
4984,-1.9786656668893567,-0.2333323411755965,-0.8483756392802743,False,applicant_pool
4985,0.9263767478332465,-0.5079742372415168,0.3374806454721777,False,applicant_pool
4986,-0.7706792596721668,0.790011098611832,1.0478417093663885,True,admitted_students_file
4987,-0.03465635141297929,0.4229807383568256,0.608024443036457,False,applicant_pool
4988,-1.426693421297779,-0.7076374310992968,-1.5505043165622445,False,applicant_pool
4989,-0.5823535994615734,-0.4585507594259069,-1.5304147604052525,False,applicant_pool
4990,-0.2795911535175272,-0.23461803852089771,0.672877300195264,False,applicant_pool
4991,-0.011290846960830136,1.485956554475849,1.4977549298929664,True,admitted_students_file
4992,0.4797325155225118,-0.8223046804564419,1.036146088844308,True,admitted_students_file
4993,1.4390750834862203,-0.719760664950654,1.984347590900859,True,admitted_students_file
4994,0.7327109427693562,-1.1285841516171509,-1.158175800498999,False,applicant_pool
4995,0.9621645431462449,-1.4820394794361849,-1.2369523294774907,False,applicant_pool
4996,1.4461041099431382,0.3070036236254948,-0.8647199119787357,False,applicant_pool
4997,0.5697078815226975,0.20290333107320993,1.145050784108169,True,admitted_students_file
4998,-0.03670719561899534,1.282761852835352,1.269473408431951,True,admitted_students_file
4999,1.0091119062550553,1.0414090077269296,1.4012838941763828,True,admitted_students_file
5000,1.0730092859616567,2.397116714531808,1.3972886385903713,True,admitted_students_file
