player_id,monthly_spend,monthly_sessions,segment
1,0.62,4,minnow
2,2.63,10,minnow
3,1.62,4,minnow
4,11.08,6,minnow
5,6.95,16,minnow
6,4.07,8,minnow
7,16.81,9,minnow
8,0.17,5,minnow
9,1.26,10,minnow
10,1.45,12,minnow
11,4.97,5,minnow
12,8.04,9,minnow
13,3.31,7,minnow
14,0.4,8,minnow
15,6.37,5,minnow
16,4.08,7,minnow
17,0.32,7,minnow
18,2.07,6,minnow
19,6.04,5,minnow
20,46.76,40,dolphin
21,0.58,9,minnow
22,11.75,4,minnow
23,0.59,11,minnow
24,0.43,10,minnow
25,0.48,7,minnow
26,8.74,9,minnow
27,4.09,8,minnow
28,2.01,8,minnow
29,6.91,5,minnow
30,3.54,8,minnow
31,3.96,11,minnow
32,2.04,6,minnow
33,0.64,9,minnow
34,49.7,28,dolphin
35,31.21,25,dolphin
36,42.28,20,dolphin
37,1.4,13,minnow
38,1.12,10,minnow
39,1.71,10,minnow
40,18.51,7,minnow
41,3.32,6,minnow
42,1.39,9,minnow
43,5.94,11,minnow
44,1.02,9,minnow
45,0.38,10,minnow
46,4.08,10,minnow
47,1.45,8,minnow
48,3.25,6,minnow
49,0.05,5,minnow
50,0.8,12,minnow
51,3.09,16,minnow
52,0.29,6,minnow
53,0.31,16,minnow
54,3.53,8,minnow
55,10.2,5,minnow
56,0.8,8,minnow
57,2.18,8,minnow
58,2.26,11,minnow
59,0.27,4,minnow
60,22.07,7,minnow
61,2.48,12,minnow
62,2.52,10,minnow
63,6.03,8,minnow
64,0.27,5,minnow
65,14.47,13,minnow
66,17.83,7,minnow
67,4.16,9,minnow
68,6.96,4,minnow
69,1.97,8,minnow
70,13.21,7,minnow
71,0.89,14,minnow
72,3.15,5,minnow
73,3.47,10,minnow
74,3.12,8,minnow
75,18.37,8,minnow
76,110.07,21,dolphin
77,2.79,8,minnow
78,7.05,8,minnow
79,0.92,5,minnow
80,17.31,8,minnow
81,1.45,11,minnow
82,508.88,48,whale
83,0.23,5,minnow
84,103.12,28,dolphin
85,16.22,7,minnow
86,0.55,12,minnow
87,135.79,51,whale
88,0.75,8,minnow
89,2.01,6,minnow
90,0.42,11,minnow
91,2.63,8,minnow
92,3.05,6,minnow
93,12.53,5,minnow
94,164.24,46,whale
95,1.46,9,minnow
96,0.04,9,minnow
97,9.37,7,minnow
98,1.38,8,minnow
99,60.92,37,dolphin
100,3.14,12,minnow
101,0.99,7,minnow
102,0.66,10,minnow
103,8.99,7,minnow
104,2.14,7,minnow
105,34.76,22,dolphin
106,2.37,9,minnow
107,31.93,26,dolphin
108,0.36,7,minnow
109,0.21,4,minnow
110,12.51,12,minnow
111,1.58,9,minnow
112,2.18,3,minnow
113,0.66,11,minnow
114,0.58,9,minnow
115,9.18,6,minnow
116,3.22,6,minnow
117,0.61,5,minnow
118,11.76,10,minnow
119,21.76,8,minnow
120,2.79,9,minnow
121,16.53,6,minnow
122,0.67,9,minnow
123,8.36,12,minnow
124,4.3,11,minnow
125,0.94,3,minnow
126,88.67,29,dolphin
127,4.82,7,minnow
128,1.29,9,minnow
129,3.43,8,minnow
130,0.83,8,minnow
131,0.52,9,minnow
132,1.62,9,minnow
133,1.8,12,minnow
134,0.92,7,minnow
135,24.58,5,minnow
136,0.98,4,minnow
137,0.75,7,minnow
138,0.5,7,minnow
139,0.43,7,minnow
140,17.18,5,minnow
141,5.02,10,minnow
142,10.02,11,minnow
143,16.94,7,minnow
144,1.95,14,minnow
145,35.01,28,dolphin
146,1.22,8,minnow
147,0.58,6,minnow
148,6.04,3,minnow
149,4.18,9,minnow
150,4.17,8,minnow
151,16.85,8,minnow
152,3.94,6,minnow
153,5.48,8,minnow
154,29.23,26,dolphin
155,5.09,5,minnow
156,7.32,6,minnow
157,0.34,9,minnow
158,1274.92,55,whale
159,0.26,6,minnow
160,1.4,9,minnow
161,1.33,11,minnow
162,96.82,22,dolphin
163,1.27,14,minnow
164,6.73,6,minnow
165,1.35,8,minnow
166,0.63,8,minnow
167,8.27,11,minnow
168,1.05,9,minnow
169,4.63,6,minnow
170,9.05,7,minnow
171,70.16,33,dolphin
172,0.44,12,minnow
173,2.6,6,minnow
174,2.78,4,minnow
175,3.33,6,minnow
176,202.37,61,whale
177,2.52,7,minnow
178,0.06,4,minnow
179,2.42,6,minnow
180,2.75,7,minnow
181,2.26,3,minnow
182,1.05,8,minnow
183,0.4,11,minnow
184,105.13,21,dolphin
185,5.52,11,minnow
186,2.44,6,minnow
187,99.9,26,dolphin
188,0.83,12,minnow
189,8.7,5,minnow
190,0.45,11,minnow
191,11.04,9,minnow
192,0.54,10,minnow
193,7.05,7,minnow
194,75.58,24,dolphin
195,3.86,10,minnow
196,0.1,10,minnow
197,3.52,13,minnow
198,7.16,10,minnow
199,14.04,10,minnow
200,35.08,27,dolphin
201,38.07,29,dolphin
202,2.69,6,minnow
203,1.16,8,minnow
204,0.55,13,minnow
205,1.4,12,minnow
206,7.12,9,minnow
207,0.38,9,minnow
208,0.75,7,minnow
209,8.16,5,minnow
210,1.18,17,minnow
211,6.0,6,minnow
212,0.9,6,minnow
213,5.26,9,minnow
214,0.97,4,minnow
215,0.16,8,minnow
216,15.33,11,minnow
217,1.09,3,minnow
218,2.23,9,minnow
219,1.1,10,minnow
220,7.93,12,minnow
221,5.66,9,minnow
222,7.9,16,minnow
223,1.38,7,minnow
224,3.07,9,minnow
225,6.47,6,minnow
226,39.34,21,dolphin
227,5.42,5,minnow
228,0.67,14,minnow
229,5.1,7,minnow
230,2.55,8,minnow
231,0.14,10,minnow
232,0.17,9,minnow
233,2.99,18,minnow
234,3.42,5,minnow
235,2.07,7,minnow
236,13.66,9,minnow
237,0.74,7,minnow
238,0.36,8,minnow
239,0.89,14,minnow
240,1.25,9,minnow
241,3.03,12,minnow
242,0.93,5,minnow
243,0.11,8,minnow
244,0.05,2,minnow
245,4.04,9,minnow
246,0.55,9,minnow
247,0.13,7,minnow
248,9.02,6,minnow
249,39.34,17,dolphin
250,2.85,8,minnow
251,5.1,9,minnow
252,5.17,9,minnow
253,0.08,9,minnow
254,13.76,5,minnow
255,24.14,14,minnow
256,62.73,21,dolphin
257,1.65,11,minnow
258,0.54,13,minnow
259,29.19,22,dolphin
260,7.38,6,minnow
261,13.46,8,minnow
262,1.18,8,minnow
263,5.13,8,minnow
264,0.62,6,minnow
265,3.29,8,minnow
266,1.9,9,minnow
267,141.13,40,whale
268,7.99,10,minnow
269,0.11,3,minnow
270,3.31,12,minnow
271,5.98,6,minnow
272,1.56,3,minnow
273,0.57,4,minnow
274,9.55,5,minnow
275,0.71,13,minnow
276,8.34,8,minnow
277,0.62,11,minnow
278,1.41,6,minnow
279,15.33,7,minnow
280,7.26,5,minnow
281,3.49,9,minnow
282,3.17,14,minnow
283,3.84,4,minnow
284,0.94,12,minnow
285,0.29,8,minnow
286,8.25,5,minnow
287,38.4,30,dolphin
288,8.73,8,minnow
289,4.99,5,minnow
290,0.48,8,minnow
291,13.51,7,minnow
292,7.17,4,minnow
293,11.2,6,minnow
294,17.36,17,minnow
295,42.0,22,dolphin
296,0.56,5,minnow
297,0.42,15,minnow
298,4.21,12,minnow
299,0.76,5,minnow
300,0.58,9,minnow
301,23.39,11,minnow
302,0.66,6,minnow
303,3.26,6,minnow
304,0.24,10,minnow
305,3.67,8,minnow
306,22.03,9,minnow
307,23.13,4,minnow
308,17.67,13,minnow
309,2.93,11,minnow
310,19.66,9,minnow
311,6.61,6,minnow
312,1.64,4,minnow
313,6.11,4,minnow
314,13.7,11,minnow
315,0.4,10,minnow
316,0.61,7,minnow
317,2.64,5,minnow
318,0.47,6,minnow
319,0.46,5,minnow
320,1.69,11,minnow
321,16.24,9,minnow
322,15.75,11,minnow
323,5.55,4,minnow
324,4.43,11,minnow
325,93.69,23,dolphin
326,1.4,3,minnow
327,4.88,12,minnow
328,1.29,5,minnow
329,0.42,7,minnow
330,22.11,4,minnow
331,2.04,8,minnow
332,10.09,9,minnow
333,2.24,5,minnow
334,24.4,8,minnow
335,0.67,9,minnow
336,21.38,11,minnow
337,13.88,8,minnow
338,0.19,6,minnow
339,1.45,6,minnow
340,17.0,7,minnow
341,45.59,22,dolphin
342,10.43,16,minnow
343,1.76,9,minnow
344,0.71,6,minnow
345,8.22,9,minnow
346,1.68,6,minnow
347,1.8,5,minnow
348,2.32,4,minnow
349,13.61,6,minnow
350,59.76,23,dolphin
351,17.17,14,minnow
352,3.37,7,minnow
353,0.79,9,minnow
354,9.66,9,minnow
355,47.69,24,dolphin
356,16.54,4,minnow
357,4.63,12,minnow
358,1.52,9,minnow
359,5.77,9,minnow
360,21.06,11,minnow
361,4.81,8,minnow
362,2.81,7,minnow
363,1.11,5,minnow
364,209.16,47,whale
365,0.8,9,minnow
366,0.69,6,minnow
367,4.32,8,minnow
368,2.4,10,minnow
369,17.07,7,minnow
370,18.02,5,minnow
371,0.48,12,minnow
372,0.99,7,minnow
373,0.82,3,minnow
374,11.65,8,minnow
375,6.59,6,minnow
376,1.83,5,minnow
377,4.69,6,minnow
378,0.55,8,minnow
379,1.01,7,minnow
380,0.41,8,minnow
381,4.19,6,minnow
382,4.16,7,minnow
383,0.69,6,minnow
384,6.51,14,minnow
385,18.02,8,minnow
386,0.64,7,minnow
387,1.97,6,minnow
388,7.55,13,minnow
389,3.29,8,minnow
390,0.37,4,minnow
391,1.64,11,minnow
392,1.56,11,minnow
393,2.53,5,minnow
394,2.71,8,minnow
395,40.67,29,dolphin
396,2.38,7,minnow
397,0.21,7,minnow
398,3.84,6,minnow
399,54.4,29,dolphin
400,2.54,6,minnow
401,1.65,9,minnow
402,2.04,10,minnow
403,8.45,9,minnow
404,2.02,5,minnow
405,0.29,6,minnow
406,1.13,4,minnow
407,2.99,7,minnow
408,7.82,12,minnow
409,1.31,8,minnow
410,2.07,5,minnow
411,3.57,8,minnow
412,0.96,1,minnow
413,2.87,11,minnow
414,7.01,6,minnow
415,0.5,6,minnow
416,5.42,5,minnow
417,0.58,4,minnow
418,0.6,6,minnow
419,1.15,8,minnow
420,29.51,26,dolphin
421,0.21,7,minnow
422,1.58,3,minnow
423,3.18,10,minnow
424,21.49,7,minnow
425,74.94,20,dolphin
426,1.69,8,minnow
427,7.87,6,minnow
428,2.85,5,minnow
429,2.82,10,minnow
430,5.14,1,minnow
431,0.26,9,minnow
432,3.08,7,minnow
433,6.83,8,minnow
434,0.84,13,minnow
435,6.9,11,minnow
436,0.21,9,minnow
437,3.86,7,minnow
438,28.43,22,dolphin
439,2.34,8,minnow
440,0.69,9,minnow
441,0.34,8,minnow
442,6.2,10,minnow
443,14.66,6,minnow
444,3.04,9,minnow
445,1.58,10,minnow
446,0.15,9,minnow
447,4.05,4,minnow
448,1.1,2,minnow
449,1.21,9,minnow
450,44.09,21,dolphin
451,0.19,10,minnow
452,0.23,9,minnow
453,4.81,5,minnow
454,1.79,8,minnow
455,1.45,14,minnow
456,5.14,11,minnow
457,5.0,7,minnow
458,0.7,10,minnow
459,1.29,11,minnow
460,3.59,9,minnow
461,4.34,8,minnow
462,7.19,7,minnow
463,1.31,6,minnow
464,5.79,3,minnow
465,15.19,6,minnow
466,3.58,8,minnow
467,2.82,9,minnow
468,2.28,8,minnow
469,1.24,12,minnow
470,0.74,14,minnow
471,2.06,9,minnow
472,6.83,11,minnow
473,0.8,4,minnow
474,2.94,10,minnow
475,2.44,8,minnow
476,57.08,27,dolphin
477,10.55,8,minnow
478,10.28,12,minnow
479,14.47,11,minnow
480,1.39,9,minnow
481,30.05,29,dolphin
482,4.28,13,minnow
483,3.09,4,minnow
484,0.48,8,minnow
485,1.75,7,minnow
486,0.2,4,minnow
487,2.23,9,minnow
488,1.32,9,minnow
489,1.76,11,minnow
490,0.36,13,minnow
491,10.23,4,minnow
492,8.57,9,minnow
493,49.58,23,dolphin
494,47.39,23,dolphin
495,4.26,13,minnow
496,17.07,6,minnow
497,5.04,15,minnow
498,1.68,10,minnow
499,2.13,6,minnow
500,9.23,7,minnow
501,2300.03,55,whale
502,21.48,15,minnow
503,4.92,11,minnow
504,7.2,6,minnow
505,7.1,7,minnow
506,2.87,8,minnow
507,11.14,9,minnow
508,2.59,8,minnow
509,0.66,11,minnow
510,7.18,10,minnow
511,8.89,4,minnow
512,2.63,4,minnow
513,5.45,12,minnow
514,15.45,12,minnow
515,3.06,9,minnow
516,1.62,6,minnow
517,1.07,12,minnow
518,2.21,11,minnow
519,38.7,19,dolphin
520,2.42,13,minnow
521,5.9,4,minnow
522,1.98,5,minnow
523,1.72,4,minnow
524,0.81,11,minnow
525,3.9,10,minnow
526,1.45,8,minnow
527,25.48,20,dolphin
528,2.8,7,minnow
529,3.09,9,minnow
530,2.49,6,minnow
531,6.01,5,minnow
532,36.07,27,dolphin
533,0.63,8,minnow
534,5.18,2,minnow
535,0.27,9,minnow
536,23.5,9,minnow
537,2.79,8,minnow
538,0.3,12,minnow
539,0.43,6,minnow
540,12.21,8,minnow
541,0.23,12,minnow
542,5.18,8,minnow
543,1.67,9,minnow
544,2.43,9,minnow
545,1.13,4,minnow
546,0.72,4,minnow
547,1.52,7,minnow
548,8.29,12,minnow
549,2.08,11,minnow
550,6.51,7,minnow
551,2.25,9,minnow
552,8.83,5,minnow
553,6.45,10,minnow
554,1.4,6,minnow
555,0.72,11,minnow
556,15.32,3,minnow
557,0.9,5,minnow
558,7.4,5,minnow
559,3.49,7,minnow
560,1.58,11,minnow
561,6.6,4,minnow
562,29.62,23,dolphin
563,9.03,7,minnow
564,4.08,2,minnow
565,44.45,22,dolphin
566,0.23,8,minnow
567,0.56,5,minnow
568,1.58,9,minnow
569,32.17,19,dolphin
570,15.01,5,minnow
571,0.21,5,minnow
572,1.65,12,minnow
573,0.4,3,minnow
574,3.11,5,minnow
575,14.05,10,minnow
576,15.82,7,minnow
577,5.1,9,minnow
578,1.68,12,minnow
579,2.85,9,minnow
580,9.91,9,minnow
581,141.98,51,whale
582,0.5,14,minnow
583,42.19,21,dolphin
584,4.91,9,minnow
585,12.33,10,minnow
586,4.46,5,minnow
587,31.4,23,dolphin
588,5.63,8,minnow
589,1.18,6,minnow
590,6.82,4,minnow
591,20.14,9,minnow
592,3.32,4,minnow
593,0.12,7,minnow
594,2.76,6,minnow
595,3.88,6,minnow
596,3.09,8,minnow
597,1.5,5,minnow
598,27.57,16,dolphin
599,0.07,8,minnow
600,3.86,8,minnow
601,3.95,10,minnow
602,94.8,26,dolphin
603,3.24,6,minnow
604,6.77,8,minnow
605,4.06,8,minnow
606,3.86,5,minnow
607,55.74,28,dolphin
608,0.56,7,minnow
609,1.14,13,minnow
610,11.1,12,minnow
611,5.01,16,minnow
612,2.11,9,minnow
613,2.97,7,minnow
614,14.33,3,minnow
615,7.21,7,minnow
616,1.06,10,minnow
617,4.86,11,minnow
618,3.07,12,minnow
619,7.05,8,minnow
620,1.99,3,minnow
621,0.48,11,minnow
622,9.74,8,minnow
623,7.99,7,minnow
624,31.96,22,dolphin
625,0.4,8,minnow
626,2.97,8,minnow
627,2.3,9,minnow
628,1.76,8,minnow
629,0.28,13,minnow
630,0.6,12,minnow
631,5.12,8,minnow
632,1.49,10,minnow
633,0.88,8,minnow
634,32.74,23,dolphin
635,148.11,47,whale
636,3.03,14,minnow
637,0.3,8,minnow
638,6.26,10,minnow
639,0.12,13,minnow
640,0.38,7,minnow
641,6.44,10,minnow
642,0.36,9,minnow
643,2.07,7,minnow
644,0.31,5,minnow
645,3.63,10,minnow
646,20.03,16,minnow
647,1.25,7,minnow
648,3.22,12,minnow
649,0.9,4,minnow
650,1.01,6,minnow
651,0.88,8,minnow
652,11.68,7,minnow
653,0.35,10,minnow
654,1.95,9,minnow
655,6.4,6,minnow
656,14.23,5,minnow
657,6.72,9,minnow
658,2.96,6,minnow
659,1.34,13,minnow
660,14.59,8,minnow
661,0.83,6,minnow
662,0.85,8,minnow
663,28.9,19,dolphin
664,5.91,7,minnow
665,6.25,10,minnow
666,8.65,11,minnow
667,2.85,8,minnow
668,0.33,5,minnow
669,4.96,8,minnow
670,3.22,9,minnow
671,0.84,4,minnow
672,0.58,8,minnow
673,3.08,2,minnow
674,0.38,6,minnow
675,2.64,7,minnow
676,2.18,8,minnow
677,2.74,12,minnow
678,6.32,7,minnow
679,8.98,12,minnow
680,1.06,3,minnow
681,13.35,9,minnow
682,2.34,9,minnow
683,54.89,26,dolphin
684,1.3,11,minnow
685,0.25,2,minnow
686,12.6,5,minnow
687,6.56,4,minnow
688,22.71,7,minnow
689,5.45,11,minnow
690,140.33,37,whale
691,2.45,10,minnow
692,17.71,9,minnow
693,1.43,12,minnow
694,7.29,12,minnow
695,9.82,12,minnow
696,12.58,8,minnow
697,11.5,3,minnow
698,0.02,6,minnow
699,2.97,5,minnow
700,1.32,4,minnow
701,1.81,8,minnow
702,2.11,10,minnow
703,15.86,9,minnow
704,4.59,7,minnow
705,1.47,8,minnow
706,0.32,11,minnow
707,38.59,32,dolphin
708,1.18,13,minnow
709,2.69,12,minnow
710,101.72,25,dolphin
711,1.23,3,minnow
712,2.14,6,minnow
713,4.81,9,minnow
714,0.25,6,minnow
715,0.21,8,minnow
716,1.54,9,minnow
717,1.62,8,minnow
718,4.12,10,minnow
719,0.69,7,minnow
720,6.65,4,minnow
721,0.11,5,minnow
722,2.97,10,minnow
723,5.91,12,minnow
724,5.62,9,minnow
725,2.56,13,minnow
726,1.15,7,minnow
727,2.44,6,minnow
728,23.91,5,minnow
729,1.27,11,minnow
730,15.88,9,minnow
731,20.48,7,minnow
732,0.21,11,minnow
733,2.7,8,minnow
734,0.69,10,minnow
735,0.3,10,minnow
736,11.79,11,minnow
737,7.08,1,minnow
738,5.06,5,minnow
739,0.58,7,minnow
740,4.65,10,minnow
741,0.41,9,minnow
742,3.76,11,minnow
743,1.15,0,minnow
744,17.84,3,minnow
745,1.86,10,minnow
746,4.81,7,minnow
747,4.82,2,minnow
748,2.94,7,minnow
749,3.93,8,minnow
750,5.4,4,minnow
751,0.79,5,minnow
752,6.33,5,minnow
753,13.23,7,minnow
754,6.27,3,minnow
755,1.88,5,minnow
756,4.39,9,minnow
757,1.86,7,minnow
758,2.75,13,minnow
759,0.5,7,minnow
760,30.21,24,dolphin
761,73.46,25,dolphin
762,1.08,9,minnow
763,11.68,14,minnow
764,34.21,35,dolphin
765,0.72,7,minnow
766,0.11,8,minnow
767,37.6,28,dolphin
768,3.27,13,minnow
769,1.45,4,minnow
770,3.58,10,minnow
771,1.84,10,minnow
772,378.09,47,whale
773,1.42,8,minnow
774,5.61,8,minnow
775,26.25,25,dolphin
776,26.05,19,dolphin
777,19.17,5,minnow
778,1.68,7,minnow
779,2.6,12,minnow
780,0.1,5,minnow
781,2.95,7,minnow
782,3.5,6,minnow
783,10.88,6,minnow
784,58.72,30,dolphin
785,10.36,5,minnow
786,18.41,14,minnow
787,3.23,10,minnow
788,25.92,24,dolphin
789,3.38,10,minnow
790,20.59,5,minnow
791,12.03,9,minnow
792,6.22,6,minnow
793,0.28,10,minnow
794,19.09,6,minnow
795,6.08,6,minnow
796,10.22,8,minnow
797,5.48,7,minnow
798,7.22,2,minnow
799,26.6,29,dolphin
800,1.56,9,minnow
801,7.02,7,minnow
802,0.96,11,minnow
803,8.35,7,minnow
804,4.96,6,minnow
805,1.21,6,minnow
806,3.86,9,minnow
807,1.34,11,minnow
808,1.81,9,minnow
809,5.86,6,minnow
810,5.1,5,minnow
811,0.15,10,minnow
812,6.01,4,minnow
813,2.04,13,minnow
814,1.71,5,minnow
815,0.55,8,minnow
816,3.09,9,minnow
817,1.44,11,minnow
818,25.47,30,dolphin
819,0.2,10,minnow
820,0.71,7,minnow
821,0.64,13,minnow
822,5.02,11,minnow
823,21.69,8,minnow
824,7.43,4,minnow
825,0.58,7,minnow
826,1.67,11,minnow
827,0.91,4,minnow
828,7.48,8,minnow
829,1.62,11,minnow
830,0.35,8,minnow
831,8.46,14,minnow
832,25.06,10,minnow
833,2.49,6,minnow
834,4.03,11,minnow
835,0.3,10,minnow
836,0.12,6,minnow
837,0.17,8,minnow
838,3.09,9,minnow
839,2.03,6,minnow
840,7.96,9,minnow
841,2.42,9,minnow
842,16.13,4,minnow
843,13.4,6,minnow
844,1.98,7,minnow
845,0.67,5,minnow
846,0.15,8,minnow
847,32.91,21,dolphin
848,0.73,11,minnow
849,0.3,4,minnow
850,4.09,12,minnow
851,0.31,12,minnow
852,4.08,8,minnow
853,1.94,9,minnow
854,14.55,10,minnow
855,12.66,4,minnow
856,19.4,5,minnow
857,4.62,4,minnow
858,0.84,6,minnow
859,0.63,11,minnow
860,1.42,6,minnow
861,80.71,24,dolphin
862,2.23,8,minnow
863,4.3,9,minnow
864,37.7,30,dolphin
865,4.99,5,minnow
866,1.0,9,minnow
867,10.68,9,minnow
868,1.67,5,minnow
869,5.27,6,minnow
870,7.53,4,minnow
871,1.51,7,minnow
872,4.47,5,minnow
873,42.95,22,dolphin
874,1.22,10,minnow
875,27.3,18,dolphin
876,1.29,5,minnow
877,59.34,28,dolphin
878,0.84,10,minnow
879,1.77,6,minnow
880,37.08,24,dolphin
881,39.79,29,dolphin
882,12.3,8,minnow
883,0.59,10,minnow
884,3.79,7,minnow
885,3.33,9,minnow
886,0.84,9,minnow
887,10.12,6,minnow
888,0.96,4,minnow
889,0.42,3,minnow
890,0.25,7,minnow
891,51.4,30,dolphin
892,1.47,8,minnow
893,1.52,10,minnow
894,0.64,7,minnow
895,29.63,26,dolphin
896,0.36,6,minnow
897,0.48,3,minnow
898,1.98,10,minnow
899,3.21,10,minnow
900,9.52,17,minnow
901,1.13,13,minnow
902,39.29,25,dolphin
903,1.14,9,minnow
904,0.66,10,minnow
905,0.57,8,minnow
906,0.96,7,minnow
907,0.51,9,minnow
908,11.04,13,minnow
909,0.67,6,minnow
910,2.68,9,minnow
911,0.64,9,minnow
912,0.51,12,minnow
913,19.5,14,minnow
914,43.14,25,dolphin
915,25.29,20,dolphin
916,0.32,5,minnow
917,0.39,11,minnow
918,78.68,25,dolphin
919,2.21,8,minnow
920,0.37,16,minnow
921,18.76,13,minnow
922,3.7,11,minnow
923,8.26,14,minnow
924,0.09,8,minnow
925,1.97,7,minnow
926,15.15,8,minnow
927,1.19,6,minnow
928,23.95,11,minnow
929,0.4,13,minnow
930,2.77,9,minnow
931,46.15,25,dolphin
932,0.53,10,minnow
933,5.13,6,minnow
934,8.47,4,minnow
935,3.84,6,minnow
936,2.23,7,minnow
937,0.82,3,minnow
938,4.55,6,minnow
939,2.82,17,minnow
940,0.33,7,minnow
941,19.29,4,minnow
942,0.77,9,minnow
943,0.35,11,minnow
944,1.28,12,minnow
945,0.8,9,minnow
946,2.2,7,minnow
947,0.45,10,minnow
948,6.8,11,minnow
949,30.26,24,dolphin
950,3.93,6,minnow
951,0.33,5,minnow
952,0.77,10,minnow
953,4.73,7,minnow
954,0.14,6,minnow
955,0.46,4,minnow
956,0.24,2,minnow
957,3.99,5,minnow
958,105.58,26,dolphin
959,0.44,4,minnow
960,12.26,8,minnow
961,1.35,9,minnow
962,0.4,17,minnow
963,40.55,23,dolphin
964,105.19,22,dolphin
965,6.42,9,minnow
966,5.93,5,minnow
967,3.67,9,minnow
968,2.62,9,minnow
969,5.72,6,minnow
970,9.79,10,minnow
971,47.53,21,dolphin
972,1.44,4,minnow
973,4.07,6,minnow
974,2.88,9,minnow
975,17.09,11,minnow
976,154.49,45,whale
977,18.06,11,minnow
978,11.91,8,minnow
979,14.19,9,minnow
980,25.23,18,dolphin
981,158.08,46,whale
982,0.22,5,minnow
983,8.67,9,minnow
984,0.05,8,minnow
985,15.21,11,minnow
986,8.02,8,minnow
987,1.38,10,minnow
988,0.05,7,minnow
989,3.24,8,minnow
990,4.74,13,minnow
991,3.0,8,minnow
992,1.23,8,minnow
993,0.79,7,minnow
994,3.06,5,minnow
995,0.92,4,minnow
996,12.12,12,minnow
997,2.93,7,minnow
998,0.21,11,minnow
999,4.4,7,minnow
1000,6.44,15,minnow
1001,44.2,35,dolphin
1002,14.66,9,minnow
1003,0.79,6,minnow
1004,32.5,25,dolphin
1005,0.36,8,minnow
1006,3.47,8,minnow
1007,11.1,8,minnow
1008,34.26,33,dolphin
1009,68.19,21,dolphin
1010,25.52,21,dolphin
1011,2.67,10,minnow
1012,8.39,5,minnow
1013,4.75,6,minnow
1014,1.07,12,minnow
1015,2.76,9,minnow
1016,58.94,29,dolphin
1017,9.34,7,minnow
1018,89.57,25,dolphin
1019,0.59,9,minnow
1020,1.8,11,minnow
1021,6.45,7,minnow
1022,10.89,13,minnow
1023,2.75,11,minnow
1024,11.95,7,minnow
1025,11.81,6,minnow
1026,0.36,5,minnow
1027,11.08,3,minnow
1028,18.49,12,minnow
1029,5.33,5,minnow
1030,0.17,9,minnow
1031,2.13,8,minnow
1032,6.69,8,minnow
1033,0.83,6,minnow
1034,14.43,9,minnow
1035,10.67,11,minnow
1036,4.12,4,minnow
1037,3.41,8,minnow
1038,4.52,6,minnow
1039,3.3,3,minnow
1040,0.42,3,minnow
1041,1.67,3,minnow
1042,3.73,9,minnow
1043,32.13,23,dolphin
1044,10.05,3,minnow
1045,35.01,28,dolphin
1046,0.35,8,minnow
1047,1.88,13,minnow
1048,91.67,19,dolphin
1049,1.01,5,minnow
1050,0.98,9,minnow
1051,2.15,10,minnow
1052,83.85,15,dolphin
1053,1.13,4,minnow
1054,8.1,6,minnow
1055,6.22,8,minnow
1056,0.15,8,minnow
1057,3.24,7,minnow
1058,1.37,9,minnow
1059,9.82,5,minnow
1060,53.65,19,dolphin
1061,1.91,11,minnow
1062,1.91,12,minnow
1063,186.52,50,whale
1064,1.06,9,minnow
1065,0.39,11,minnow
1066,30.09,26,dolphin
1067,3.06,14,minnow
1068,5.22,8,minnow
1069,117.97,31,dolphin
1070,0.35,9,minnow
1071,2.43,7,minnow
1072,0.46,4,minnow
1073,5.68,9,minnow
1074,1.37,8,minnow
1075,0.51,5,minnow
1076,10.71,14,minnow
1077,3.38,10,minnow
1078,0.45,4,minnow
1079,0.49,11,minnow
1080,4.63,9,minnow
1081,0.23,6,minnow
1082,4.78,6,minnow
1083,28.31,26,dolphin
1084,9.65,5,minnow
1085,1.22,8,minnow
1086,5.15,2,minnow
1087,0.45,8,minnow
1088,4.13,10,minnow
1089,1.97,12,minnow
1090,0.63,3,minnow
1091,9.01,6,minnow
1092,0.14,10,minnow
1093,0.5,7,minnow
1094,0.6,8,minnow
1095,1.48,4,minnow
1096,26.55,27,dolphin
1097,11.1,3,minnow
1098,3.93,6,minnow
1099,3.64,5,minnow
1100,3.26,5,minnow
1101,29.81,24,dolphin
1102,0.18,17,minnow
1103,11.41,3,minnow
1104,1.47,8,minnow
1105,7.42,10,minnow
1106,7.48,7,minnow
1107,10.73,1,minnow
1108,41.84,27,dolphin
1109,0.37,5,minnow
1110,16.59,4,minnow
1111,3.0,8,minnow
1112,1.59,11,minnow
1113,85.97,32,dolphin
1114,10.21,7,minnow
1115,1.7,6,minnow
1116,15.36,13,minnow
1117,3.08,5,minnow
1118,1.66,6,minnow
1119,1.26,11,minnow
1120,5.4,8,minnow
1121,1.24,10,minnow
1122,4.26,12,minnow
1123,13.73,9,minnow
1124,3.96,14,minnow
1125,78.45,22,dolphin
1126,3.39,4,minnow
1127,28.74,27,dolphin
1128,15.83,15,minnow
1129,38.11,25,dolphin
1130,77.9,23,dolphin
1131,0.2,9,minnow
1132,5.07,5,minnow
1133,2.78,8,minnow
1134,3.97,4,minnow
1135,1.76,12,minnow
1136,1.39,8,minnow
1137,0.57,6,minnow
1138,3.88,5,minnow
1139,14.8,8,minnow
1140,1.51,6,minnow
1141,1.96,10,minnow
1142,1.09,9,minnow
1143,0.68,3,minnow
1144,2.28,9,minnow
1145,5.75,11,minnow
1146,24.82,9,minnow
1147,0.49,5,minnow
1148,3.16,5,minnow
1149,21.87,7,minnow
1150,0.5,3,minnow
1151,25.21,27,dolphin
1152,1.64,7,minnow
1153,10.36,12,minnow
1154,2.34,8,minnow
1155,6.92,13,minnow
1156,43.57,20,dolphin
1157,2.73,7,minnow
1158,16.35,11,minnow
1159,5.15,4,minnow
1160,0.94,16,minnow
1161,2.63,9,minnow
1162,2.38,7,minnow
1163,0.35,6,minnow
1164,6.92,5,minnow
1165,9.51,7,minnow
1166,12.18,8,minnow
1167,32.71,20,dolphin
1168,15.28,9,minnow
1169,1.27,8,minnow
1170,1.78,6,minnow
1171,12.71,8,minnow
1172,6.19,9,minnow
1173,3.23,8,minnow
1174,0.82,5,minnow
1175,1.42,12,minnow
1176,8.44,8,minnow
1177,0.15,9,minnow
1178,0.08,9,minnow
1179,10.07,9,minnow
1180,1.41,4,minnow
1181,7.03,4,minnow
1182,41.37,22,dolphin
1183,0.66,8,minnow
1184,0.23,9,minnow
1185,2.13,8,minnow
1186,1.11,8,minnow
1187,3.19,6,minnow
1188,7.85,9,minnow
1189,5.6,4,minnow
1190,3.58,6,minnow
1191,18.05,6,minnow
1192,9.71,9,minnow
1193,2.48,4,minnow
1194,9.17,9,minnow
1195,0.28,8,minnow
1196,18.21,5,minnow
1197,3.44,3,minnow
1198,0.49,6,minnow
1199,1.7,4,minnow
1200,17.46,13,minnow
1201,0.97,6,minnow
1202,6.4,8,minnow
1203,13.55,6,minnow
1204,3.45,3,minnow
1205,0.83,8,minnow
1206,3.0,6,minnow
1207,0.35,1,minnow
1208,1.52,9,minnow
1209,0.56,9,minnow
1210,3.08,9,minnow
1211,0.44,7,minnow
1212,3.79,9,minnow
1213,20.34,5,minnow
1214,22.49,12,minnow
1215,0.45,9,minnow
1216,1.14,9,minnow
1217,12.99,7,minnow
1218,10.24,2,minnow
1219,1.24,8,minnow
1220,1.52,9,minnow
1221,3.79,6,minnow
1222,0.18,7,minnow
1223,7.69,10,minnow
1224,18.78,9,minnow
1225,1.78,12,minnow
1226,0.34,6,minnow
1227,31.82,30,dolphin
1228,4.72,4,minnow
1229,10.32,6,minnow
1230,0.4,12,minnow
1231,0.4,9,minnow
1232,6.44,7,minnow
1233,17.19,3,minnow
1234,0.55,7,minnow
1235,2.82,15,minnow
1236,0.26,12,minnow
1237,1.08,12,minnow
1238,2.2,12,minnow
1239,7.26,8,minnow
1240,0.11,7,minnow
1241,27.46,24,dolphin
1242,2.53,6,minnow
1243,26.34,16,dolphin
1244,10.15,12,minnow
1245,12.98,11,minnow
1246,84.14,20,dolphin
1247,0.95,7,minnow
1248,4.12,10,minnow
1249,0.68,15,minnow
1250,2.82,5,minnow
1251,10.51,12,minnow
1252,20.16,8,minnow
1253,1.8,10,minnow
1254,0.48,6,minnow
1255,3.73,10,minnow
1256,0.85,11,minnow
1257,1.32,9,minnow
1258,9.73,12,minnow
1259,7.22,5,minnow
1260,12.61,4,minnow
1261,1.94,8,minnow
1262,16.68,9,minnow
1263,3.4,4,minnow
1264,2.11,6,minnow
1265,0.57,10,minnow
1266,0.12,8,minnow
1267,0.27,7,minnow
1268,4.69,11,minnow
1269,0.78,6,minnow
1270,0.24,7,minnow
1271,1.7,12,minnow
1272,5.19,8,minnow
1273,6.45,5,minnow
1274,3.17,6,minnow
1275,3.01,8,minnow
1276,1.4,8,minnow
1277,9.15,9,minnow
1278,2.5,9,minnow
1279,2.94,7,minnow
1280,17.47,6,minnow
1281,11.79,11,minnow
1282,2.47,6,minnow
1283,1.97,11,minnow
1284,1.94,9,minnow
1285,0.13,13,minnow
1286,19.2,7,minnow
1287,1.11,4,minnow
1288,13.03,6,minnow
1289,3.55,10,minnow
1290,30.77,23,dolphin
1291,7.75,5,minnow
1292,14.29,3,minnow
1293,1.29,5,minnow
1294,0.42,10,minnow
1295,4.2,8,minnow
1296,0.15,8,minnow
1297,1.57,7,minnow
1298,0.5,5,minnow
1299,0.87,9,minnow
1300,8.61,7,minnow
1301,7.75,6,minnow
1302,2.56,9,minnow
1303,5.54,6,minnow
1304,1.4,4,minnow
1305,161.2,48,whale
1306,5.37,9,minnow
1307,1.29,7,minnow
1308,13.47,3,minnow
1309,24.15,6,minnow
1310,0.96,10,minnow
1311,0.34,5,minnow
1312,0.47,6,minnow
1313,1.14,9,minnow
1314,3.04,9,minnow
1315,0.24,8,minnow
1316,1.7,2,minnow
1317,2.38,7,minnow
1318,5.58,8,minnow
1319,8.84,8,minnow
1320,6.31,4,minnow
1321,58.41,23,dolphin
1322,19.12,5,minnow
1323,4.74,7,minnow
1324,0.7,13,minnow
1325,1.13,9,minnow
1326,0.34,9,minnow
1327,4.24,7,minnow
1328,5.64,7,minnow
1329,13.86,7,minnow
1330,5.09,10,minnow
1331,17.93,13,minnow
1332,18.53,9,minnow
1333,0.64,7,minnow
1334,1.45,4,minnow
1335,3.26,7,minnow
1336,1.07,7,minnow
1337,2.25,7,minnow
1338,5.38,7,minnow
1339,2.73,9,minnow
1340,3.32,9,minnow
1341,0.73,5,minnow
1342,7.47,13,minnow
1343,6.64,8,minnow
1344,0.98,7,minnow
1345,0.42,11,minnow
1346,23.77,7,minnow
1347,54.44,28,dolphin
1348,4.83,7,minnow
1349,1.86,10,minnow
1350,17.71,6,minnow
1351,7.05,13,minnow
1352,2.37,7,minnow
1353,15.63,8,minnow
1354,0.91,11,minnow
1355,1.1,8,minnow
1356,5.94,8,minnow
1357,3.99,16,minnow
1358,9.2,11,minnow
1359,22.41,10,minnow
1360,0.28,6,minnow
1361,3.53,14,minnow
1362,69.53,25,dolphin
1363,1.28,4,minnow
1364,1.06,9,minnow
1365,0.09,7,minnow
1366,3.91,9,minnow
1367,8.41,10,minnow
1368,8.38,6,minnow
1369,0.63,7,minnow
1370,3.27,11,minnow
1371,4.73,10,minnow
1372,3.61,4,minnow
1373,0.58,6,minnow
1374,3.76,10,minnow
1375,0.9,8,minnow
1376,0.17,11,minnow
1377,9.88,4,minnow
1378,4.15,9,minnow
1379,8.56,9,minnow
1380,1.41,4,minnow
1381,9.05,7,minnow
1382,17.04,5,minnow
1383,54.95,25,dolphin
1384,12.21,6,minnow
1385,6.15,2,minnow
1386,0.37,7,minnow
1387,2.8,8,minnow
1388,0.34,11,minnow
1389,0.9,4,minnow
1390,75.8,30,dolphin
1391,0.65,6,minnow
1392,0.08,7,minnow
1393,12.2,9,minnow
1394,1.13,10,minnow
1395,11.35,11,minnow
1396,0.51,10,minnow
1397,1.68,5,minnow
1398,22.5,8,minnow
1399,0.4,11,minnow
1400,2.53,4,minnow
1401,5.29,3,minnow
1402,1.05,10,minnow
1403,4.89,8,minnow
1404,3.4,10,minnow
1405,7.81,9,minnow
1406,63.28,17,dolphin
1407,239.93,53,whale
1408,6.97,9,minnow
1409,2.78,10,minnow
1410,6.72,8,minnow
1411,2.29,7,minnow
1412,0.26,4,minnow
1413,3.08,6,minnow
1414,18.75,8,minnow
1415,0.32,10,minnow
1416,0.69,9,minnow
1417,1.31,5,minnow
1418,6.02,8,minnow
1419,148.89,54,whale
1420,0.91,8,minnow
1421,3.84,5,minnow
1422,3.35,11,minnow
1423,2.05,4,minnow
1424,3.08,7,minnow
1425,1.58,15,minnow
1426,267.4,56,whale
1427,11.02,7,minnow
1428,1.6,3,minnow
1429,22.06,7,minnow
1430,5.01,10,minnow
1431,3.64,5,minnow
1432,2.48,10,minnow
1433,2.23,8,minnow
1434,0.47,6,minnow
1435,0.23,7,minnow
1436,6.01,8,minnow
1437,2.44,8,minnow
1438,13.52,15,minnow
1439,0.8,9,minnow
1440,0.57,4,minnow
1441,11.49,10,minnow
1442,2.07,8,minnow
1443,13.06,7,minnow
1444,3.5,8,minnow
1445,66.96,21,dolphin
1446,11.12,8,minnow
1447,6.4,6,minnow
1448,11.94,9,minnow
1449,2.15,8,minnow
1450,0.24,7,minnow
1451,5.91,4,minnow
1452,74.18,20,dolphin
1453,0.09,7,minnow
1454,7.03,6,minnow
1455,0.28,7,minnow
1456,3.2,11,minnow
1457,3.77,11,minnow
1458,10.97,8,minnow
1459,4.65,3,minnow
1460,29.89,28,dolphin
1461,21.46,7,minnow
1462,2.42,8,minnow
1463,19.13,8,minnow
1464,2.01,8,minnow
1465,1.53,6,minnow
1466,0.48,3,minnow
1467,27.09,27,dolphin
1468,2.05,9,minnow
1469,0.07,9,minnow
1470,7.9,10,minnow
1471,1.66,7,minnow
1472,2.06,5,minnow
1473,2.28,2,minnow
1474,1.94,10,minnow
1475,260.98,52,whale
1476,47.48,21,dolphin
1477,10.16,7,minnow
1478,4.88,7,minnow
1479,20.21,10,minnow
1480,4.9,7,minnow
1481,12.25,4,minnow
1482,8.11,7,minnow
1483,4.08,3,minnow
1484,14.95,8,minnow
1485,1.7,16,minnow
1486,3.65,10,minnow
1487,0.69,11,minnow
1488,0.83,6,minnow
1489,0.06,6,minnow
1490,6.89,9,minnow
1491,10.7,7,minnow
1492,18.85,8,minnow
1493,0.57,7,minnow
1494,6.71,9,minnow
1495,3.32,10,minnow
1496,10.81,4,minnow
1497,1.17,12,minnow
1498,1.94,8,minnow
1499,0.28,10,minnow
1500,1.05,7,minnow
1501,3.34,8,minnow
1502,4.39,6,minnow
1503,0.22,13,minnow
1504,1.46,9,minnow
1505,4.29,8,minnow
1506,31.59,31,dolphin
1507,0.86,9,minnow
1508,7.27,11,minnow
1509,1.35,7,minnow
1510,1.63,9,minnow
1511,0.82,8,minnow
1512,0.62,9,minnow
1513,1.55,7,minnow
1514,17.76,8,minnow
1515,0.99,13,minnow
1516,0.77,6,minnow
1517,4.64,3,minnow
1518,3.35,8,minnow
1519,2.98,7,minnow
1520,4.98,8,minnow
1521,0.66,3,minnow
1522,0.79,13,minnow
1523,16.09,12,minnow
1524,2.63,8,minnow
1525,8.62,13,minnow
1526,23.53,7,minnow
1527,12.85,8,minnow
1528,0.37,13,minnow
1529,2.76,5,minnow
1530,17.55,5,minnow
1531,7.66,10,minnow
1532,4.46,8,minnow
1533,0.24,10,minnow
1534,1.24,5,minnow
1535,3.71,14,minnow
1536,0.34,5,minnow
1537,11.82,7,minnow
1538,2.75,6,minnow
1539,0.14,13,minnow
1540,1.34,8,minnow
1541,2.1,7,minnow
1542,2.7,9,minnow
1543,32.18,22,dolphin
1544,8.38,3,minnow
1545,0.37,5,minnow
1546,0.31,6,minnow
1547,2.17,12,minnow
1548,4.06,6,minnow
1549,16.25,12,minnow
1550,52.87,25,dolphin
1551,57.67,29,dolphin
1552,1.64,6,minnow
1553,14.81,12,minnow
1554,6.56,13,minnow
1555,0.58,8,minnow
1556,0.16,7,minnow
1557,4.18,5,minnow
1558,0.3,8,minnow
1559,0.85,5,minnow
1560,1.11,3,minnow
1561,4.71,7,minnow
1562,25.76,24,dolphin
1563,3.39,9,minnow
1564,1.4,10,minnow
1565,0.12,7,minnow
1566,6.91,5,minnow
1567,3.48,10,minnow
1568,1.38,7,minnow
1569,21.45,9,minnow
1570,0.49,4,minnow
1571,1.11,13,minnow
1572,2.24,4,minnow
1573,1.35,10,minnow
1574,8.01,3,minnow
1575,6.97,14,minnow
1576,17.84,3,minnow
1577,7.42,7,minnow
1578,2.76,8,minnow
1579,1.93,7,minnow
1580,6.88,11,minnow
1581,2.45,9,minnow
1582,3.58,3,minnow
1583,7.5,7,minnow
1584,4.14,9,minnow
1585,5.44,8,minnow
1586,0.94,10,minnow
1587,28.78,17,dolphin
1588,0.57,9,minnow
1589,6.7,9,minnow
1590,1.53,9,minnow
1591,18.76,10,minnow
1592,13.65,5,minnow
1593,3.31,8,minnow
1594,39.95,36,dolphin
1595,2.46,10,minnow
1596,13.61,12,minnow
1597,1.04,11,minnow
1598,6.35,11,minnow
1599,0.75,9,minnow
1600,3.43,5,minnow
1601,3.06,7,minnow
1602,13.54,7,minnow
1603,1.14,6,minnow
1604,453.67,45,whale
1605,0.36,5,minnow
1606,4.82,6,minnow
1607,5.26,7,minnow
1608,7.85,8,minnow
1609,1.46,9,minnow
1610,4.89,9,minnow
1611,1.35,9,minnow
1612,66.49,20,dolphin
1613,1.2,11,minnow
1614,2.62,5,minnow
1615,1.15,4,minnow
1616,0.92,7,minnow
1617,0.35,3,minnow
1618,9.73,2,minnow
1619,1.13,13,minnow
1620,0.93,6,minnow
1621,0.71,11,minnow
1622,5.4,9,minnow
1623,3.44,7,minnow
1624,3.46,9,minnow
1625,0.98,10,minnow
1626,6.66,8,minnow
1627,1.15,8,minnow
1628,3.71,4,minnow
1629,2.65,4,minnow
1630,0.22,12,minnow
1631,85.29,33,dolphin
1632,8.33,8,minnow
1633,4.43,8,minnow
1634,5.7,5,minnow
1635,88.56,14,dolphin
1636,20.47,9,minnow
1637,5.8,7,minnow
1638,1.07,14,minnow
1639,1.38,9,minnow
1640,0.19,3,minnow
1641,1.84,7,minnow
1642,9.57,12,minnow
1643,9.15,7,minnow
1644,8.9,7,minnow
1645,1.46,8,minnow
1646,8.02,11,minnow
1647,12.41,2,minnow
1648,0.09,9,minnow
1649,5.4,5,minnow
1650,92.73,32,dolphin
1651,2.08,6,minnow
1652,0.06,7,minnow
1653,0.9,5,minnow
1654,0.18,13,minnow
1655,1.2,8,minnow
1656,0.47,11,minnow
1657,14.72,7,minnow
1658,11.54,11,minnow
1659,5.75,15,minnow
1660,23.62,9,minnow
1661,1.34,8,minnow
1662,3.73,7,minnow
1663,111.17,28,dolphin
1664,8.47,6,minnow
1665,8.44,11,minnow
1666,0.97,4,minnow
1667,1.7,6,minnow
1668,0.67,6,minnow
1669,48.88,29,dolphin
1670,0.27,2,minnow
1671,14.33,8,minnow
1672,8.41,12,minnow
1673,0.26,6,minnow
1674,20.65,15,minnow
1675,2.19,10,minnow
1676,0.4,8,minnow
1677,5.95,9,minnow
1678,0.89,8,minnow
1679,2.39,12,minnow
1680,1.48,8,minnow
1681,0.81,12,minnow
1682,0.5,8,minnow
1683,11.88,8,minnow
1684,5.58,7,minnow
1685,5.04,11,minnow
1686,1.85,9,minnow
1687,3.6,12,minnow
1688,1.02,5,minnow
1689,0.99,6,minnow
1690,51.23,26,dolphin
1691,13.67,6,minnow
1692,1.35,12,minnow
1693,0.3,7,minnow
1694,0.22,7,minnow
1695,1.2,9,minnow
1696,3.94,5,minnow
1697,4.01,4,minnow
1698,4.21,10,minnow
1699,5.67,7,minnow
1700,0.63,10,minnow
1701,37.05,26,dolphin
1702,2.42,6,minnow
1703,5.32,8,minnow
1704,1.16,8,minnow
1705,5.47,8,minnow
1706,92.13,19,dolphin
1707,0.68,10,minnow
1708,0.56,3,minnow
1709,0.83,7,minnow
1710,1.95,6,minnow
1711,1.44,7,minnow
1712,0.63,11,minnow
1713,3.07,8,minnow
1714,40.36,25,dolphin
1715,2.61,9,minnow
1716,2.85,8,minnow
1717,5.75,11,minnow
1718,9.36,10,minnow
1719,29.88,36,dolphin
1720,4.87,6,minnow
1721,3.31,14,minnow
1722,0.68,7,minnow
1723,10.85,5,minnow
1724,0.86,4,minnow
1725,0.82,10,minnow
1726,4.52,9,minnow
1727,39.11,27,dolphin
1728,10.62,8,minnow
1729,3.13,3,minnow
1730,0.69,6,minnow
1731,37.92,25,dolphin
1732,3.03,10,minnow
1733,2.09,10,minnow
1734,8.07,9,minnow
1735,1.62,5,minnow
1736,1.0,6,minnow
1737,1.16,11,minnow
1738,1.16,8,minnow
1739,0.55,9,minnow
1740,0.46,11,minnow
1741,15.72,9,minnow
1742,9.68,10,minnow
1743,0.89,7,minnow
1744,13.76,4,minnow
1745,5.45,5,minnow
1746,1.98,11,minnow
1747,0.47,10,minnow
1748,5.73,6,minnow
1749,65.67,27,dolphin
1750,3.4,11,minnow
1751,16.41,6,minnow
1752,2.37,12,minnow
1753,14.51,10,minnow
1754,2.61,14,minnow
1755,0.07,3,minnow
1756,1.05,9,minnow
1757,4.1,4,minnow
1758,18.77,5,minnow
1759,2.6,5,minnow
1760,3.48,17,minnow
1761,1.3,5,minnow
1762,40.35,21,dolphin
1763,36.64,42,dolphin
1764,1.13,9,minnow
1765,0.29,9,minnow
1766,0.18,7,minnow
1767,8.72,7,minnow
1768,4.12,9,minnow
1769,0.95,5,minnow
1770,5.13,14,minnow
1771,0.46,10,minnow
1772,11.84,9,minnow
1773,1.8,10,minnow
1774,0.59,5,minnow
1775,1.85,11,minnow
1776,1.75,6,minnow
1777,5.95,8,minnow
1778,21.45,10,minnow
1779,19.74,15,minnow
1780,4.29,12,minnow
1781,2.46,11,minnow
1782,1.34,13,minnow
1783,0.2,7,minnow
1784,3.22,12,minnow
1785,0.85,7,minnow
1786,23.32,13,minnow
1787,2.41,15,minnow
1788,10.97,7,minnow
1789,1.53,7,minnow
1790,1.13,9,minnow
1791,8.74,8,minnow
1792,5.18,7,minnow
1793,5.56,5,minnow
1794,2.86,9,minnow
1795,11.74,10,minnow
1796,9.32,4,minnow
1797,0.1,10,minnow
1798,2.2,13,minnow
1799,16.84,7,minnow
1800,0.65,2,minnow
1801,0.22,5,minnow
1802,2.66,6,minnow
1803,7.64,11,minnow
1804,1.59,6,minnow
1805,26.28,22,dolphin
1806,63.42,24,dolphin
1807,0.15,6,minnow
1808,1.8,10,minnow
1809,0.09,7,minnow
1810,9.56,8,minnow
1811,1.12,8,minnow
1812,1.55,6,minnow
1813,20.84,9,minnow
1814,0.4,11,minnow
1815,0.27,9,minnow
1816,0.09,11,minnow
1817,25.35,20,dolphin
1818,17.48,7,minnow
1819,2.07,12,minnow
1820,0.43,5,minnow
1821,12.61,19,minnow
1822,272.46,44,whale
1823,2.28,6,minnow
1824,0.48,9,minnow
1825,24.21,7,minnow
1826,0.54,6,minnow
1827,1.85,5,minnow
1828,0.05,9,minnow
1829,2.04,9,minnow
1830,0.43,6,minnow
1831,24.88,11,minnow
1832,0.7,6,minnow
1833,11.56,10,minnow
1834,2.81,7,minnow
1835,4.06,7,minnow
1836,7.66,6,minnow
1837,3.05,4,minnow
1838,1.18,9,minnow
1839,0.91,4,minnow
1840,7.5,7,minnow
1841,0.16,8,minnow
1842,48.67,24,dolphin
1843,4.1,8,minnow
1844,1.94,7,minnow
1845,5.08,7,minnow
1846,1.28,6,minnow
1847,2.5,11,minnow
1848,0.54,7,minnow
1849,6.05,6,minnow
1850,2.93,6,minnow
1851,4.48,5,minnow
1852,35.62,36,dolphin
1853,0.92,7,minnow
1854,2.7,7,minnow
1855,0.24,7,minnow
1856,8.0,15,minnow
1857,3.23,9,minnow
1858,3.41,7,minnow
1859,2.58,4,minnow
1860,1.32,5,minnow
1861,180.12,45,whale
1862,3.53,4,minnow
1863,5.34,9,minnow
1864,0.54,11,minnow
1865,13.68,10,minnow
1866,2.72,9,minnow
1867,6.78,8,minnow
1868,14.07,6,minnow
1869,2.81,10,minnow
1870,1.12,7,minnow
1871,0.08,8,minnow
1872,1.79,7,minnow
1873,1.11,6,minnow
1874,0.53,8,minnow
1875,33.95,30,dolphin
1876,16.0,11,minnow
1877,0.18,5,minnow
1878,4.25,4,minnow
1879,0.9,4,minnow
1880,5.97,6,minnow
1881,0.92,5,minnow
1882,1.4,9,minnow
1883,15.5,6,minnow
1884,12.32,12,minnow
1885,37.16,28,dolphin
1886,2.35,10,minnow
1887,0.32,5,minnow
1888,14.5,9,minnow
1889,14.63,6,minnow
1890,9.07,10,minnow
1891,1.01,10,minnow
1892,0.6,11,minnow
1893,7.83,11,minnow
1894,0.8,9,minnow
1895,2.03,7,minnow
1896,347.38,50,whale
1897,100.11,22,dolphin
1898,11.8,3,minnow
1899,1.15,9,minnow
1900,1.05,7,minnow
1901,10.44,5,minnow
1902,36.42,29,dolphin
1903,1.46,6,minnow
1904,1.6,6,minnow
1905,3.82,13,minnow
1906,0.36,5,minnow
1907,0.38,8,minnow
1908,0.51,10,minnow
1909,7.95,10,minnow
1910,5.13,6,minnow
1911,20.47,8,minnow
1912,0.21,7,minnow
1913,0.29,10,minnow
1914,6.88,10,minnow
1915,0.82,5,minnow
1916,0.92,10,minnow
1917,16.78,8,minnow
1918,1.37,9,minnow
1919,1.65,6,minnow
1920,2.23,6,minnow
1921,2.45,9,minnow
1922,9.93,5,minnow
1923,0.48,12,minnow
1924,2.46,12,minnow
1925,21.32,12,minnow
1926,100.73,19,dolphin
1927,0.38,9,minnow
1928,5.64,5,minnow
1929,2.45,9,minnow
1930,2.83,8,minnow
1931,0.94,8,minnow
1932,11.13,8,minnow
1933,10.25,11,minnow
1934,188.03,55,whale
1935,0.4,11,minnow
1936,0.2,9,minnow
1937,88.91,18,dolphin
1938,3.06,5,minnow
1939,1.6,9,minnow
1940,4.49,7,minnow
1941,0.36,4,minnow
1942,6.06,8,minnow
1943,2.92,6,minnow
1944,18.51,14,minnow
1945,13.08,9,minnow
1946,14.95,7,minnow
1947,4.51,10,minnow
1948,43.25,24,dolphin
1949,8.35,9,minnow
1950,1.41,5,minnow
1951,0.91,7,minnow
1952,1.09,12,minnow
1953,8.52,7,minnow
1954,0.39,9,minnow
1955,4.26,7,minnow
1956,0.88,11,minnow
1957,0.45,9,minnow
1958,0.58,10,minnow
1959,3.2,10,minnow
1960,11.27,8,minnow
1961,1.13,8,minnow
1962,0.12,7,minnow
1963,516.43,51,whale
1964,19.86,10,minnow
1965,14.76,11,minnow
1966,44.91,20,dolphin
1967,3.85,4,minnow
1968,2.68,8,minnow
1969,29.06,23,dolphin
1970,28.75,20,dolphin
1971,8.88,5,minnow
1972,13.63,7,minnow
1973,0.46,9,minnow
1974,2.2,15,minnow
1975,50.71,23,dolphin
1976,12.02,8,minnow
1977,0.32,9,minnow
1978,1.42,9,minnow
1979,39.08,26,dolphin
1980,6.88,6,minnow
1981,4.44,10,minnow
1982,4.66,7,minnow
1983,2.9,6,minnow
1984,1.44,10,minnow
1985,0.87,11,minnow
1986,16.72,4,minnow
1987,4.86,5,minnow
1988,10.29,5,minnow
1989,7.96,10,minnow
1990,31.62,18,dolphin
1991,6.87,6,minnow
1992,12.4,10,minnow
1993,4.34,6,minnow
1994,0.73,7,minnow
1995,2.31,6,minnow
1996,8.53,9,minnow
1997,9.82,7,minnow
1998,33.84,33,dolphin
1999,1.59,8,minnow
2000,4.77,4,minnow
2001,2.7,11,minnow
2002,44.65,23,dolphin
2003,6.06,8,minnow
2004,6.25,10,minnow
2005,3.14,9,minnow
2006,2.32,9,minnow
2007,0.33,7,minnow
2008,0.44,12,minnow
2009,4.42,7,minnow
2010,3.62,13,minnow
2011,4.46,7,minnow
2012,14.97,11,minnow
2013,3.85,8,minnow
2014,1.9,8,minnow
2015,2.37,7,minnow
2016,4.9,7,minnow
2017,1.81,8,minnow
2018,18.23,4,minnow
2019,3.26,12,minnow
2020,4.97,16,minnow
2021,0.9,11,minnow
2022,18.24,9,minnow
2023,33.19,21,dolphin
2024,0.37,10,minnow
2025,6.31,7,minnow
2026,2.79,10,minnow
2027,5.23,7,minnow
2028,6.84,7,minnow
2029,0.09,8,minnow
2030,11.19,13,minnow
2031,19.68,11,minnow
2032,23.56,6,minnow
2033,0.73,11,minnow
2034,3.16,10,minnow
2035,1.4,9,minnow
2036,0.15,13,minnow
2037,1.23,11,minnow
2038,0.59,9,minnow
2039,5.67,4,minnow
2040,0.24,10,minnow
2041,0.69,3,minnow
2042,1.45,7,minnow
2043,11.38,12,minnow
2044,282.72,34,whale
2045,5.39,3,minnow
2046,0.64,12,minnow
2047,1.12,4,minnow
2048,9.52,11,minnow
2049,0.39,3,minnow
2050,19.2,6,minnow
2051,5.14,6,minnow
2052,2.72,10,minnow
2053,0.22,6,minnow
2054,14.48,12,minnow
2055,0.98,10,minnow
2056,4.25,8,minnow
2057,2.58,7,minnow
2058,0.26,13,minnow
2059,2.3,12,minnow
2060,0.48,15,minnow
2061,1.17,4,minnow
2062,6.64,6,minnow
2063,10.22,7,minnow
2064,3.22,7,minnow
2065,0.81,11,minnow
2066,1.18,8,minnow
2067,1.15,6,minnow
2068,0.11,7,minnow
2069,3.73,10,minnow
2070,0.23,8,minnow
2071,3.75,6,minnow
2072,0.32,8,minnow
2073,0.48,9,minnow
2074,9.68,6,minnow
2075,3.45,8,minnow
2076,0.16,8,minnow
2077,1.36,8,minnow
2078,5.05,9,minnow
2079,1.23,3,minnow
2080,1.92,10,minnow
2081,4.91,5,minnow
2082,3.57,4,minnow
2083,0.68,6,minnow
2084,3.44,7,minnow
2085,2.1,8,minnow
2086,52.38,31,dolphin
2087,2.82,8,minnow
2088,4.12,6,minnow
2089,5.03,10,minnow
2090,1.98,12,minnow
2091,1.05,4,minnow
2092,6.93,11,minnow
2093,7.02,9,minnow
2094,92.96,23,dolphin
2095,10.89,5,minnow
2096,11.19,6,minnow
2097,10.47,8,minnow
2098,1.1,7,minnow
2099,0.44,5,minnow
2100,0.67,6,minnow
2101,9.98,6,minnow
2102,32.28,27,dolphin
2103,10.74,9,minnow
2104,2.54,8,minnow
2105,48.55,19,dolphin
2106,1.63,6,minnow
2107,0.53,10,minnow
2108,4.98,7,minnow
2109,26.23,26,dolphin
2110,0.86,10,minnow
2111,0.22,5,minnow
2112,3.53,9,minnow
2113,11.41,8,minnow
2114,0.03,6,minnow
2115,15.86,8,minnow
2116,0.37,8,minnow
2117,10.59,6,minnow
2118,0.14,13,minnow
2119,0.31,4,minnow
2120,8.93,14,minnow
2121,23.23,14,minnow
2122,3.27,8,minnow
2123,153.32,49,whale
2124,0.65,13,minnow
2125,0.63,12,minnow
2126,2.05,3,minnow
2127,1.9,14,minnow
2128,5.23,5,minnow
2129,1.01,7,minnow
2130,8.23,12,minnow
2131,7.92,9,minnow
2132,43.88,18,dolphin
2133,1.51,6,minnow
2134,5.69,5,minnow
2135,8.75,2,minnow
2136,3.28,7,minnow
2137,2.37,8,minnow
2138,0.12,11,minnow
2139,3.79,1,minnow
2140,8.61,9,minnow
2141,3.03,7,minnow
2142,0.95,10,minnow
2143,0.23,10,minnow
2144,6.85,13,minnow
2145,3.5,5,minnow
2146,30.69,32,dolphin
2147,0.33,11,minnow
2148,1.56,3,minnow
2149,0.4,10,minnow
2150,17.12,7,minnow
2151,24.11,9,minnow
2152,71.96,22,dolphin
2153,7.65,9,minnow
2154,11.74,7,minnow
2155,6.67,10,minnow
2156,8.31,10,minnow
2157,3.59,5,minnow
2158,8.94,10,minnow
2159,101.9,27,dolphin
2160,4.71,7,minnow
2161,3.45,9,minnow
2162,4.56,3,minnow
2163,2.62,8,minnow
2164,4.92,10,minnow
2165,2.48,10,minnow
2166,20.7,4,minnow
2167,17.65,7,minnow
2168,106.22,27,dolphin
2169,3.2,8,minnow
2170,5.27,5,minnow
2171,4.93,12,minnow
2172,4.57,8,minnow
2173,20.25,8,minnow
2174,0.25,10,minnow
2175,6.94,9,minnow
2176,80.9,35,dolphin
2177,29.39,34,dolphin
2178,24.48,10,minnow
2179,12.77,9,minnow
2180,1.28,3,minnow
2181,1.0,8,minnow
2182,1.01,12,minnow
2183,0.54,9,minnow
2184,15.1,8,minnow
2185,34.79,30,dolphin
2186,6.65,9,minnow
2187,12.03,6,minnow
2188,5.31,6,minnow
2189,8.25,12,minnow
2190,0.11,7,minnow
2191,5.49,5,minnow
2192,1.68,4,minnow
2193,3.11,11,minnow
2194,4.76,3,minnow
2195,1.06,10,minnow
2196,0.59,5,minnow
2197,1.01,6,minnow
2198,0.33,5,minnow
2199,0.52,8,minnow
2200,0.65,5,minnow
2201,0.33,10,minnow
2202,7.74,5,minnow
2203,0.79,7,minnow
2204,0.17,12,minnow
2205,1.75,1,minnow
2206,0.56,8,minnow
2207,34.28,18,dolphin
2208,4.11,14,minnow
2209,0.32,6,minnow
2210,8.25,5,minnow
2211,3.8,11,minnow
2212,2.27,8,minnow
2213,41.24,34,dolphin
2214,0.7,8,minnow
2215,17.4,4,minnow
2216,1.72,9,minnow
2217,3.22,11,minnow
2218,1.0,8,minnow
2219,1.11,6,minnow
2220,1.65,8,minnow
2221,0.16,9,minnow
2222,5.78,9,minnow
2223,3.99,15,minnow
2224,0.3,11,minnow
2225,9.54,9,minnow
2226,34.17,28,dolphin
2227,1.15,7,minnow
2228,0.95,8,minnow
2229,19.72,6,minnow
2230,6.33,5,minnow
2231,2.67,9,minnow
2232,12.22,8,minnow
2233,5.15,10,minnow
2234,32.64,28,dolphin
2235,3.23,5,minnow
2236,6.57,9,minnow
2237,19.24,7,minnow
2238,0.07,4,minnow
2239,20.38,6,minnow
2240,1.48,11,minnow
2241,7.39,8,minnow
2242,47.59,28,dolphin
2243,2.04,9,minnow
2244,1.6,9,minnow
2245,3.04,9,minnow
2246,0.33,5,minnow
2247,112.01,32,dolphin
2248,3.1,8,minnow
2249,46.2,29,dolphin
2250,1.95,8,minnow
2251,3.51,9,minnow
2252,15.04,7,minnow
2253,0.57,5,minnow
2254,2.82,15,minnow
2255,14.17,8,minnow
2256,2.36,6,minnow
2257,1.53,13,minnow
2258,19.77,9,minnow
2259,31.24,17,dolphin
2260,40.29,26,dolphin
2261,1.13,6,minnow
2262,1.31,3,minnow
2263,1.56,7,minnow
2264,10.48,8,minnow
2265,0.49,12,minnow
2266,0.54,9,minnow
2267,1.06,6,minnow
2268,0.74,4,minnow
2269,13.67,8,minnow
2270,12.27,9,minnow
2271,1.54,10,minnow
2272,2.43,13,minnow
2273,0.06,9,minnow
2274,1.6,8,minnow
2275,24.3,9,minnow
2276,1.46,4,minnow
2277,0.58,9,minnow
2278,30.02,17,dolphin
2279,0.56,10,minnow
2280,39.4,34,dolphin
2281,337.19,52,whale
2282,2.79,8,minnow
2283,24.29,6,minnow
2284,0.23,3,minnow
2285,0.21,10,minnow
2286,0.93,5,minnow
2287,12.38,9,minnow
2288,3.33,6,minnow
2289,2.46,5,minnow
2290,0.42,15,minnow
2291,2.71,4,minnow
2292,1.19,14,minnow
2293,0.76,8,minnow
2294,0.66,5,minnow
2295,4.51,8,minnow
2296,1.05,11,minnow
2297,3.29,14,minnow
2298,0.2,16,minnow
2299,7.43,6,minnow
2300,4.88,10,minnow
2301,2.29,4,minnow
2302,4.3,5,minnow
2303,14.8,8,minnow
2304,0.33,6,minnow
2305,3.69,10,minnow
2306,0.41,6,minnow
2307,3.82,8,minnow
2308,2.19,4,minnow
2309,3.19,5,minnow
2310,12.9,2,minnow
2311,12.3,9,minnow
2312,18.89,6,minnow
2313,1.76,6,minnow
2314,10.23,11,minnow
2315,7.47,5,minnow
2316,1.83,7,minnow
2317,4.0,14,minnow
2318,2.69,7,minnow
2319,30.93,29,dolphin
2320,12.14,10,minnow
2321,1.94,4,minnow
2322,1.74,11,minnow
2323,15.37,6,minnow
2324,28.33,21,dolphin
2325,5.5,5,minnow
2326,9.52,7,minnow
2327,26.71,26,dolphin
2328,2.51,4,minnow
2329,3.79,9,minnow
2330,7.23,8,minnow
2331,1.67,3,minnow
2332,50.32,20,dolphin
2333,1.65,8,minnow
2334,3.66,6,minnow
2335,71.25,26,dolphin
2336,0.17,8,minnow
2337,4.69,5,minnow
2338,1.15,10,minnow
2339,3.32,12,minnow
2340,0.48,11,minnow
2341,1.83,8,minnow
2342,3.45,11,minnow
2343,4.86,6,minnow
2344,13.92,10,minnow
2345,0.08,13,minnow
2346,2.71,8,minnow
2347,2.51,4,minnow
2348,3.0,7,minnow
2349,3.5,8,minnow
2350,0.88,8,minnow
2351,0.28,16,minnow
2352,4.7,10,minnow
2353,0.68,10,minnow
2354,6.32,6,minnow
2355,0.74,6,minnow
2356,10.06,7,minnow
2357,3.04,7,minnow
2358,3.4,14,minnow
2359,2.24,4,minnow
2360,1.73,3,minnow
2361,2.29,5,minnow
2362,21.99,14,minnow
2363,0.29,7,minnow
2364,1.18,5,minnow
2365,18.01,4,minnow
2366,12.33,5,minnow
2367,28.49,15,dolphin
2368,3.02,11,minnow
2369,0.4,8,minnow
2370,0.56,8,minnow
2371,2.06,9,minnow
2372,11.21,14,minnow
2373,2.21,5,minnow
2374,1.95,10,minnow
2375,6.27,10,minnow
2376,3.47,8,minnow
2377,1.64,8,minnow
2378,0.67,12,minnow
2379,15.11,7,minnow
2380,17.75,10,minnow
2381,0.61,8,minnow
2382,1.74,13,minnow
2383,9.65,9,minnow
2384,0.54,3,minnow
2385,5.96,5,minnow
2386,1.97,8,minnow
2387,0.47,13,minnow
2388,57.04,27,dolphin
2389,1.92,5,minnow
2390,7.68,7,minnow
2391,0.55,7,minnow
2392,39.8,28,dolphin
2393,74.87,29,dolphin
2394,0.3,8,minnow
2395,2.55,8,minnow
2396,27.79,14,dolphin
2397,1.57,10,minnow
2398,6.39,9,minnow
2399,0.23,4,minnow
2400,0.94,9,minnow
2401,5.41,5,minnow
2402,1.29,13,minnow
2403,1.86,8,minnow
2404,0.29,11,minnow
2405,9.45,4,minnow
2406,0.39,7,minnow
2407,39.06,27,dolphin
2408,1.11,6,minnow
2409,11.95,11,minnow
2410,10.21,11,minnow
2411,0.69,15,minnow
2412,1.32,9,minnow
2413,1.6,10,minnow
2414,1.78,5,minnow
2415,0.42,6,minnow
2416,7.8,9,minnow
2417,1.1,2,minnow
2418,2.77,7,minnow
2419,16.61,8,minnow
2420,8.29,6,minnow
2421,1.23,14,minnow
2422,17.56,12,minnow
2423,9.63,3,minnow
2424,1.07,11,minnow
2425,1.46,9,minnow
2426,16.46,11,minnow
2427,11.54,8,minnow
2428,0.3,12,minnow
2429,0.66,6,minnow
2430,10.1,10,minnow
2431,0.51,7,minnow
2432,12.04,5,minnow
2433,73.5,20,dolphin
2434,6.03,8,minnow
2435,0.76,10,minnow
2436,4.4,8,minnow
2437,17.38,11,minnow
2438,3.89,8,minnow
2439,7.2,13,minnow
2440,0.92,12,minnow
2441,1.04,7,minnow
2442,14.15,9,minnow
2443,1.06,11,minnow
2444,0.05,4,minnow
2445,2.03,10,minnow
2446,5.49,10,minnow
2447,18.06,9,minnow
2448,46.21,24,dolphin
2449,3.8,6,minnow
2450,9.52,8,minnow
2451,4.03,5,minnow
2452,5.85,6,minnow
2453,2.46,7,minnow
2454,6.16,7,minnow
2455,1.03,11,minnow
2456,78.9,35,dolphin
2457,0.07,17,minnow
2458,8.28,8,minnow
2459,5.54,12,minnow
2460,6.01,10,minnow
2461,0.5,9,minnow
2462,0.23,5,minnow
2463,8.75,9,minnow
2464,28.38,28,dolphin
2465,4.72,5,minnow
2466,12.04,10,minnow
2467,1.6,10,minnow
2468,5.64,9,minnow
2469,23.6,8,minnow
2470,2.01,12,minnow
2471,22.13,12,minnow
2472,0.24,4,minnow
2473,1.25,6,minnow
2474,7.95,8,minnow
2475,69.72,19,dolphin
2476,3.4,10,minnow
2477,0.63,9,minnow
2478,67.23,25,dolphin
2479,2.71,1,minnow
2480,9.62,7,minnow
2481,1.94,6,minnow
2482,4.17,10,minnow
2483,1.35,5,minnow
2484,123.01,28,dolphin
2485,22.33,5,minnow
2486,56.2,27,dolphin
2487,0.94,6,minnow
2488,0.18,11,minnow
2489,2.08,8,minnow
2490,186.11,51,whale
2491,1.98,15,minnow
2492,17.87,10,minnow
2493,0.64,16,minnow
2494,0.88,11,minnow
2495,2.92,6,minnow
2496,97.08,23,dolphin
2497,19.31,10,minnow
2498,0.12,6,minnow
2499,9.65,13,minnow
2500,0.53,8,minnow
2501,1.12,12,minnow
2502,7.51,9,minnow
2503,31.11,22,dolphin
2504,28.76,26,dolphin
2505,5.64,8,minnow
2506,5.77,7,minnow
2507,28.62,25,dolphin
2508,0.27,4,minnow
2509,61.79,25,dolphin
2510,1.02,10,minnow
2511,5.04,7,minnow
2512,1.5,9,minnow
2513,0.52,11,minnow
2514,6.95,10,minnow
2515,4.85,9,minnow
2516,2.8,8,minnow
2517,2.6,7,minnow
2518,38.15,36,dolphin
2519,110.88,22,dolphin
2520,24.65,7,minnow
2521,5.18,11,minnow
2522,0.24,10,minnow
2523,9.06,8,minnow
2524,9.72,9,minnow
2525,11.41,8,minnow
2526,0.53,7,minnow
2527,12.94,7,minnow
2528,40.39,37,dolphin
2529,0.69,7,minnow
2530,9.93,9,minnow
2531,0.91,6,minnow
2532,2.81,10,minnow
2533,0.73,8,minnow
2534,1.89,3,minnow
2535,1.92,10,minnow
2536,6.42,15,minnow
2537,13.8,4,minnow
2538,23.24,6,minnow
2539,1.17,13,minnow
2540,5.9,9,minnow
2541,0.57,13,minnow
2542,2.78,8,minnow
2543,3.56,5,minnow
2544,0.76,7,minnow
2545,8.12,6,minnow
2546,2.59,0,minnow
2547,4.25,10,minnow
2548,23.55,12,minnow
2549,1.67,12,minnow
2550,12.94,9,minnow
2551,33.4,20,dolphin
2552,30.28,26,dolphin
2553,2.46,8,minnow
2554,0.7,15,minnow
2555,1.07,4,minnow
2556,0.26,7,minnow
2557,9.95,8,minnow
2558,10.99,14,minnow
2559,4.01,10,minnow
2560,0.37,9,minnow
2561,1.85,8,minnow
2562,30.22,27,dolphin
2563,8.81,14,minnow
2564,11.62,9,minnow
2565,660.43,49,whale
2566,5.61,10,minnow
2567,0.1,8,minnow
2568,0.57,9,minnow
2569,5.41,9,minnow
2570,3.42,5,minnow
2571,2.52,3,minnow
2572,2.59,8,minnow
2573,0.95,7,minnow
2574,6.04,4,minnow
2575,30.91,34,dolphin
2576,53.08,26,dolphin
2577,50.72,24,dolphin
2578,0.72,12,minnow
2579,3.21,12,minnow
2580,2.01,7,minnow
2581,8.56,8,minnow
2582,2.91,5,minnow
2583,2.31,10,minnow
2584,34.03,23,dolphin
2585,3.89,8,minnow
2586,4.05,8,minnow
2587,6.43,11,minnow
2588,9.8,10,minnow
2589,9.89,8,minnow
2590,39.78,14,dolphin
2591,0.42,8,minnow
2592,5.58,5,minnow
2593,2.82,7,minnow
2594,2.05,7,minnow
2595,11.16,2,minnow
2596,26.43,26,dolphin
2597,1.29,8,minnow
2598,49.36,26,dolphin
2599,0.34,6,minnow
2600,8.54,12,minnow
2601,0.8,12,minnow
2602,1.19,10,minnow
2603,3.66,9,minnow
2604,1.75,8,minnow
2605,0.03,11,minnow
2606,8.83,8,minnow
2607,11.56,6,minnow
2608,2.57,4,minnow
2609,2.26,2,minnow
2610,1.83,10,minnow
2611,0.21,6,minnow
2612,0.18,7,minnow
2613,12.01,6,minnow
2614,18.24,11,minnow
2615,8.63,8,minnow
2616,6.09,8,minnow
2617,11.62,7,minnow
2618,10.44,8,minnow
2619,0.95,2,minnow
2620,4.74,4,minnow
2621,2.07,10,minnow
2622,2.11,15,minnow
2623,20.58,9,minnow
2624,41.24,22,dolphin
2625,0.08,7,minnow
2626,2.21,6,minnow
2627,2.03,7,minnow
2628,21.29,7,minnow
2629,0.33,6,minnow
2630,0.03,7,minnow
2631,12.35,7,minnow
2632,15.5,7,minnow
2633,0.19,6,minnow
2634,2.72,9,minnow
2635,38.41,25,dolphin
2636,0.59,9,minnow
2637,3.9,6,minnow
2638,7.48,8,minnow
2639,0.34,4,minnow
2640,1.35,8,minnow
2641,0.22,9,minnow
2642,2.55,6,minnow
2643,0.94,5,minnow
2644,4.63,7,minnow
2645,9.17,8,minnow
2646,30.62,37,dolphin
2647,138.61,43,whale
2648,4.63,13,minnow
2649,2.0,3,minnow
2650,1.82,8,minnow
2651,0.71,7,minnow
2652,6.8,4,minnow
2653,1.5,4,minnow
2654,7.61,8,minnow
2655,0.75,10,minnow
2656,1.58,10,minnow
2657,6.63,10,minnow
2658,2.72,9,minnow
2659,0.15,12,minnow
2660,3.24,14,minnow
2661,0.92,9,minnow
2662,21.98,7,minnow
2663,15.7,11,minnow
2664,0.09,7,minnow
2665,11.97,10,minnow
2666,6.19,7,minnow
2667,0.31,5,minnow
2668,13.54,7,minnow
2669,0.43,9,minnow
2670,20.75,8,minnow
2671,1.18,7,minnow
2672,0.29,12,minnow
2673,98.81,24,dolphin
2674,0.28,6,minnow
2675,0.91,9,minnow
2676,1.25,3,minnow
2677,1.6,3,minnow
2678,10.16,5,minnow
2679,3.64,11,minnow
2680,16.56,12,minnow
2681,6.02,10,minnow
2682,0.23,2,minnow
2683,8.0,4,minnow
2684,4.83,15,minnow
2685,1.22,7,minnow
2686,91.65,25,dolphin
2687,8.79,7,minnow
2688,14.98,7,minnow
2689,15.84,8,minnow
2690,1.7,11,minnow
2691,9.15,11,minnow
2692,5.5,10,minnow
2693,1.36,10,minnow
2694,0.47,7,minnow
2695,3.45,14,minnow
2696,8.49,14,minnow
2697,3.41,8,minnow
2698,2.48,7,minnow
2699,3.47,11,minnow
2700,2.1,6,minnow
2701,39.6,27,dolphin
2702,5.12,7,minnow
2703,1.52,10,minnow
2704,0.18,6,minnow
2705,2.42,11,minnow
2706,1.32,14,minnow
2707,1.24,5,minnow
2708,15.0,9,minnow
2709,3.77,10,minnow
2710,0.22,5,minnow
2711,8.94,7,minnow
2712,0.26,6,minnow
2713,10.07,10,minnow
2714,1.55,9,minnow
2715,3.82,6,minnow
2716,3.19,8,minnow
2717,2.62,6,minnow
2718,4.64,10,minnow
2719,3.78,5,minnow
2720,66.13,25,dolphin
2721,4.75,5,minnow
2722,4.93,7,minnow
2723,1.07,9,minnow
2724,6.11,11,minnow
2725,0.65,9,minnow
2726,20.91,9,minnow
2727,0.31,6,minnow
2728,0.86,4,minnow
2729,0.24,10,minnow
2730,6.5,14,minnow
2731,1.69,8,minnow
2732,9.95,14,minnow
2733,0.7,4,minnow
2734,7.77,9,minnow
2735,8.4,4,minnow
2736,4.66,8,minnow
2737,3.49,10,minnow
2738,4.14,7,minnow
2739,0.77,9,minnow
2740,0.59,5,minnow
2741,7.93,3,minnow
2742,1.84,6,minnow
2743,6.86,8,minnow
2744,39.71,26,dolphin
2745,1.6,11,minnow
2746,1.27,7,minnow
2747,1.98,8,minnow
2748,3.53,14,minnow
2749,8.87,11,minnow
2750,3.17,5,minnow
2751,92.36,31,dolphin
2752,6.51,7,minnow
2753,11.58,7,minnow
2754,3.13,10,minnow
2755,16.76,11,minnow
2756,2.39,6,minnow
2757,1.18,7,minnow
2758,14.13,7,minnow
2759,3.03,11,minnow
2760,4.92,8,minnow
2761,15.97,7,minnow
2762,4.15,14,minnow
2763,2.61,10,minnow
2764,1.41,11,minnow
2765,18.15,12,minnow
2766,1.92,8,minnow
2767,3.06,10,minnow
2768,5.25,6,minnow
2769,5.22,8,minnow
2770,16.81,4,minnow
2771,2.97,5,minnow
2772,30.03,27,dolphin
2773,2.23,7,minnow
2774,6.01,10,minnow
2775,2.47,6,minnow
2776,94.54,25,dolphin
2777,1.89,5,minnow
2778,2.19,7,minnow
2779,3.99,10,minnow
2780,2.17,6,minnow
2781,5.49,8,minnow
2782,23.73,7,minnow
2783,4.2,7,minnow
2784,4.46,10,minnow
2785,2.3,4,minnow
2786,1.48,4,minnow
2787,3.87,7,minnow
2788,3.36,7,minnow
2789,21.7,10,minnow
2790,0.72,10,minnow
2791,34.03,27,dolphin
2792,2.63,9,minnow
2793,4.21,3,minnow
2794,0.6,9,minnow
2795,8.16,9,minnow
2796,0.71,6,minnow
2797,6.03,6,minnow
2798,5.16,7,minnow
2799,1.97,6,minnow
2800,0.12,7,minnow
2801,105.32,25,dolphin
2802,0.61,9,minnow
2803,5.14,7,minnow
2804,1.03,3,minnow
2805,17.76,14,minnow
2806,1.81,5,minnow
2807,1.0,9,minnow
2808,8.6,12,minnow
2809,0.43,5,minnow
2810,1.71,3,minnow
2811,10.02,3,minnow
2812,37.0,25,dolphin
2813,0.71,9,minnow
2814,1.25,6,minnow
2815,5.83,5,minnow
2816,0.14,7,minnow
2817,29.14,34,dolphin
2818,0.67,3,minnow
2819,1.65,5,minnow
2820,5.04,6,minnow
2821,3.6,11,minnow
2822,0.71,8,minnow
2823,52.16,23,dolphin
2824,0.05,11,minnow
2825,0.55,5,minnow
2826,1.2,2,minnow
2827,0.73,4,minnow
2828,23.37,3,minnow
2829,0.23,5,minnow
2830,40.12,21,dolphin
2831,2.13,8,minnow
2832,0.38,7,minnow
2833,0.12,3,minnow
2834,2.35,10,minnow
2835,1.08,5,minnow
2836,4.85,4,minnow
2837,1.61,7,minnow
2838,15.32,4,minnow
2839,2.64,7,minnow
2840,1.68,9,minnow
2841,15.76,7,minnow
2842,4.78,6,minnow
2843,11.47,8,minnow
2844,20.86,7,minnow
2845,2.07,2,minnow
2846,3.53,8,minnow
2847,12.81,10,minnow
2848,0.07,6,minnow
2849,2.82,9,minnow
2850,2.32,13,minnow
2851,6.04,13,minnow
2852,0.92,4,minnow
2853,19.16,11,minnow
2854,1.02,8,minnow
2855,1.59,2,minnow
2856,1.15,7,minnow
2857,23.76,3,minnow
2858,0.12,7,minnow
2859,57.92,25,dolphin
2860,35.07,37,dolphin
2861,1.34,8,minnow
2862,17.17,7,minnow
2863,4.09,8,minnow
2864,46.74,25,dolphin
2865,15.2,10,minnow
2866,110.94,30,dolphin
2867,0.27,11,minnow
2868,4.51,8,minnow
2869,0.21,7,minnow
2870,1.45,9,minnow
2871,121.44,37,dolphin
2872,7.02,8,minnow
2873,16.04,7,minnow
2874,7.56,4,minnow
2875,6.83,7,minnow
2876,1.44,8,minnow
2877,1.07,7,minnow
2878,1.38,4,minnow
2879,0.04,11,minnow
2880,2.91,13,minnow
2881,4.87,9,minnow
2882,1.23,7,minnow
2883,2.69,8,minnow
2884,7.69,7,minnow
2885,13.68,13,minnow
2886,0.49,12,minnow
2887,0.93,8,minnow
2888,11.08,10,minnow
2889,8.52,6,minnow
2890,28.53,24,dolphin
2891,26.7,27,dolphin
2892,158.19,59,whale
2893,2.08,4,minnow
2894,41.5,27,dolphin
2895,0.76,12,minnow
2896,153.01,53,whale
2897,6.87,5,minnow
2898,7.9,11,minnow
2899,16.18,7,minnow
2900,0.38,10,minnow
2901,0.59,11,minnow
2902,4.0,4,minnow
2903,5.77,4,minnow
2904,92.95,23,dolphin
2905,0.73,10,minnow
2906,39.03,16,dolphin
2907,2.17,0,minnow
2908,2.12,5,minnow
2909,2.55,8,minnow
2910,2.04,11,minnow
2911,7.23,7,minnow
2912,1.76,5,minnow
2913,0.35,7,minnow
2914,2.16,9,minnow
2915,6.89,6,minnow
2916,0.35,11,minnow
2917,8.42,6,minnow
2918,21.95,8,minnow
2919,35.44,19,dolphin
2920,5.7,8,minnow
2921,0.18,7,minnow
2922,9.36,5,minnow
2923,15.6,5,minnow
2924,1.09,8,minnow
2925,2.96,5,minnow
2926,7.2,3,minnow
2927,57.95,26,dolphin
2928,2.2,10,minnow
2929,13.82,7,minnow
2930,5.51,6,minnow
2931,4.57,10,minnow
2932,27.9,21,dolphin
2933,0.88,6,minnow
2934,4.8,8,minnow
2935,3.47,9,minnow
2936,0.3,8,minnow
2937,23.86,5,minnow
2938,12.51,8,minnow
2939,3.51,8,minnow
2940,2.19,12,minnow
2941,3.32,6,minnow
2942,10.3,12,minnow
2943,3.61,7,minnow
2944,1.14,7,minnow
2945,1.45,9,minnow
2946,3.26,4,minnow
2947,0.75,9,minnow
2948,5.66,7,minnow
2949,0.93,5,minnow
2950,0.72,9,minnow
2951,549.5,51,whale
2952,73.98,21,dolphin
2953,4.18,6,minnow
2954,12.96,6,minnow
2955,17.01,8,minnow
2956,2.94,6,minnow
2957,5.22,6,minnow
2958,2.18,6,minnow
2959,24.76,6,minnow
2960,25.31,28,dolphin
2961,40.41,29,dolphin
2962,5.08,8,minnow
2963,106.54,30,dolphin
2964,2.94,9,minnow
2965,87.8,26,dolphin
2966,1.58,10,minnow
2967,0.42,4,minnow
2968,85.16,23,dolphin
2969,9.55,7,minnow
2970,7.62,6,minnow
2971,1.86,14,minnow
2972,0.86,9,minnow
2973,1.0,14,minnow
2974,4.14,9,minnow
2975,2.61,15,minnow
2976,0.15,9,minnow
2977,49.9,28,dolphin
2978,1.7,5,minnow
2979,24.08,14,minnow
2980,1.07,9,minnow
2981,4.25,3,minnow
2982,15.73,11,minnow
2983,12.62,5,minnow
2984,2.16,8,minnow
2985,7.5,9,minnow
2986,9.79,8,minnow
2987,2.62,9,minnow
2988,0.56,9,minnow
2989,1.22,7,minnow
2990,1.81,15,minnow
2991,3.46,5,minnow
2992,42.43,22,dolphin
2993,14.18,5,minnow
2994,0.9,7,minnow
2995,62.7,26,dolphin
2996,2.93,13,minnow
2997,9.73,8,minnow
2998,0.74,6,minnow
2999,1.61,12,minnow
3000,17.47,9,minnow
3001,0.81,11,minnow
3002,3.63,11,minnow
3003,7.05,6,minnow
3004,0.65,12,minnow
3005,0.19,5,minnow
3006,14.18,10,minnow
3007,324.22,57,whale
3008,6.92,5,minnow
3009,9.4,13,minnow
3010,0.81,11,minnow
3011,34.86,27,dolphin
3012,1.82,15,minnow
3013,21.37,7,minnow
3014,8.77,7,minnow
3015,9.12,6,minnow
3016,8.58,9,minnow
3017,8.15,14,minnow
3018,5.22,10,minnow
3019,15.66,4,minnow
3020,1.04,9,minnow
3021,2.27,10,minnow
3022,34.78,33,dolphin
3023,4.38,7,minnow
3024,1.97,9,minnow
3025,17.39,8,minnow
3026,12.68,13,minnow
3027,0.41,11,minnow
3028,10.67,14,minnow
3029,4.14,7,minnow
3030,10.37,5,minnow
3031,3.38,5,minnow
3032,6.98,10,minnow
3033,0.18,9,minnow
3034,0.79,7,minnow
3035,10.85,9,minnow
3036,220.15,51,whale
3037,5.98,9,minnow
3038,1.1,8,minnow
3039,4.12,7,minnow
3040,0.79,7,minnow
3041,24.53,4,minnow
3042,3.59,12,minnow
3043,17.91,10,minnow
3044,2.6,6,minnow
3045,20.64,9,minnow
3046,0.25,8,minnow
3047,3.45,9,minnow
3048,7.87,4,minnow
3049,2.16,8,minnow
3050,5.9,7,minnow
3051,5.74,11,minnow
3052,17.78,9,minnow
3053,8.97,9,minnow
3054,6.23,9,minnow
3055,13.56,8,minnow
3056,0.38,2,minnow
3057,1.0,5,minnow
3058,0.36,5,minnow
3059,7.99,4,minnow
3060,6.44,5,minnow
3061,30.46,39,dolphin
3062,5.83,4,minnow
3063,1.21,5,minnow
3064,4.11,5,minnow
3065,0.17,8,minnow
3066,1.73,15,minnow
3067,0.08,13,minnow
3068,5.62,10,minnow
3069,2.12,2,minnow
3070,2.69,9,minnow
3071,0.75,17,minnow
3072,1.14,13,minnow
3073,10.06,7,minnow
3074,0.33,11,minnow
3075,7.46,7,minnow
3076,0.91,9,minnow
3077,0.23,7,minnow
3078,23.62,6,minnow
3079,27.85,28,dolphin
3080,1.4,15,minnow
3081,1.38,7,minnow
3082,2.22,5,minnow
3083,0.91,11,minnow
3084,1.2,9,minnow
3085,6.82,6,minnow
3086,91.67,24,dolphin
3087,1.88,8,minnow
3088,17.06,9,minnow
3089,5.84,9,minnow
3090,0.23,10,minnow
3091,3.19,10,minnow
3092,2.61,9,minnow
3093,34.58,27,dolphin
3094,36.9,39,dolphin
3095,6.07,13,minnow
3096,23.17,5,minnow
3097,2.63,13,minnow
3098,19.9,12,minnow
3099,3.9,5,minnow
3100,19.23,8,minnow
3101,22.63,11,minnow
3102,10.45,5,minnow
3103,1.01,6,minnow
3104,1.69,5,minnow
3105,11.06,4,minnow
3106,13.87,9,minnow
3107,4.28,6,minnow
3108,2.01,3,minnow
3109,4.51,8,minnow
3110,2.13,9,minnow
3111,2.15,9,minnow
3112,76.41,31,dolphin
3113,1.55,11,minnow
3114,7.48,10,minnow
3115,4.24,14,minnow
3116,0.47,10,minnow
3117,0.44,14,minnow
3118,2.92,7,minnow
3119,0.15,6,minnow
3120,62.09,21,dolphin
3121,1.86,9,minnow
3122,1.63,5,minnow
3123,23.5,8,minnow
3124,2.65,4,minnow
3125,9.41,6,minnow
3126,1.33,9,minnow
3127,3.57,11,minnow
3128,15.64,3,minnow
3129,0.84,7,minnow
3130,7.72,10,minnow
3131,0.07,13,minnow
3132,25.15,25,dolphin
3133,1.36,6,minnow
3134,2.89,2,minnow
3135,2.84,8,minnow
3136,0.7,8,minnow
3137,0.62,10,minnow
3138,7.65,8,minnow
3139,8.24,13,minnow
3140,0.81,7,minnow
3141,7.89,8,minnow
3142,8.11,10,minnow
3143,1.81,6,minnow
3144,0.42,7,minnow
3145,3.13,8,minnow
3146,5.95,9,minnow
3147,3.02,6,minnow
3148,1.29,7,minnow
3149,7.01,7,minnow
3150,25.14,25,dolphin
3151,0.97,9,minnow
3152,2.06,15,minnow
3153,267.48,56,whale
3154,5.29,3,minnow
3155,0.44,6,minnow
3156,1.55,6,minnow
3157,0.99,7,minnow
3158,6.1,11,minnow
3159,5.43,8,minnow
3160,1.2,7,minnow
3161,64.72,25,dolphin
3162,3.8,12,minnow
3163,1.6,8,minnow
3164,0.47,6,minnow
3165,0.79,4,minnow
3166,0.45,7,minnow
3167,2.45,10,minnow
3168,0.81,2,minnow
3169,11.64,11,minnow
3170,1.3,9,minnow
3171,12.73,12,minnow
3172,7.29,4,minnow
3173,9.33,12,minnow
3174,13.94,9,minnow
3175,80.59,26,dolphin
3176,0.85,8,minnow
3177,12.85,11,minnow
3178,6.28,11,minnow
3179,18.2,9,minnow
3180,3.96,7,minnow
3181,21.79,5,minnow
3182,0.42,10,minnow
3183,0.67,9,minnow
3184,1.34,12,minnow
3185,2.95,6,minnow
3186,3.58,6,minnow
3187,1.02,5,minnow
3188,0.68,10,minnow
3189,1.16,4,minnow
3190,0.22,10,minnow
3191,2.09,10,minnow
3192,3.02,5,minnow
3193,6.72,8,minnow
3194,4.34,6,minnow
3195,58.52,29,dolphin
3196,12.18,15,minnow
3197,10.8,13,minnow
3198,5.95,13,minnow
3199,7.82,11,minnow
3200,2.33,3,minnow
3201,3.89,9,minnow
3202,71.84,28,dolphin
3203,2.97,11,minnow
3204,0.39,6,minnow
3205,10.12,2,minnow
3206,13.47,7,minnow
3207,4.25,8,minnow
3208,0.16,9,minnow
3209,26.01,28,dolphin
3210,4.8,8,minnow
3211,2.02,8,minnow
3212,22.22,8,minnow
3213,0.13,7,minnow
3214,3.97,5,minnow
3215,1.4,8,minnow
3216,36.14,28,dolphin
3217,4.9,6,minnow
3218,0.83,6,minnow
3219,20.52,10,minnow
3220,0.06,9,minnow
3221,7.48,10,minnow
3222,0.44,11,minnow
3223,1.58,11,minnow
3224,2.26,8,minnow
3225,14.24,11,minnow
3226,112.78,27,dolphin
3227,0.19,8,minnow
3228,6.78,7,minnow
3229,112.61,26,dolphin
3230,1.33,6,minnow
3231,1.2,9,minnow
3232,4.84,9,minnow
3233,12.51,8,minnow
3234,9.51,8,minnow
3235,1.87,12,minnow
3236,0.92,8,minnow
3237,27.27,34,dolphin
3238,0.96,7,minnow
3239,0.15,11,minnow
3240,0.32,8,minnow
3241,1.32,14,minnow
3242,36.16,30,dolphin
3243,0.5,10,minnow
3244,37.9,27,dolphin
3245,26.87,32,dolphin
3246,4.76,13,minnow
3247,0.06,7,minnow
3248,0.5,8,minnow
3249,1.2,11,minnow
3250,52.94,29,dolphin
3251,1.34,11,minnow
3252,0.96,8,minnow
3253,4.49,11,minnow
3254,0.35,6,minnow
3255,3.19,5,minnow
3256,0.93,6,minnow
3257,244.79,50,whale
3258,0.76,15,minnow
3259,72.81,22,dolphin
3260,0.54,6,minnow
3261,5.06,7,minnow
3262,7.39,10,minnow
3263,4.17,5,minnow
3264,3.78,9,minnow
3265,13.18,7,minnow
3266,6.47,11,minnow
3267,2.52,9,minnow
3268,1.13,11,minnow
3269,2.55,10,minnow
3270,2.5,12,minnow
3271,2.42,9,minnow
3272,3.75,9,minnow
3273,0.35,13,minnow
3274,0.64,7,minnow
3275,12.56,7,minnow
3276,0.09,11,minnow
3277,22.54,5,minnow
3278,1.36,10,minnow
3279,48.0,28,dolphin
3280,23.62,7,minnow
3281,1.97,5,minnow
3282,2.32,8,minnow
3283,42.49,21,dolphin
3284,25.46,25,dolphin
3285,15.74,6,minnow
3286,20.71,6,minnow
3287,0.58,3,minnow
3288,4.61,7,minnow
3289,0.97,9,minnow
3290,0.56,2,minnow
3291,4.32,6,minnow
3292,1.71,6,minnow
3293,2.54,6,minnow
3294,1.49,7,minnow
3295,0.45,13,minnow
3296,50.14,22,dolphin
3297,4.26,6,minnow
3298,0.33,6,minnow
3299,4.44,6,minnow
3300,37.87,26,dolphin
3301,15.39,8,minnow
3302,1.45,8,minnow
3303,1.5,8,minnow
3304,0.72,4,minnow
3305,1.01,6,minnow
3306,1.15,11,minnow
3307,0.32,10,minnow
3308,1.63,4,minnow
3309,5.76,7,minnow
3310,1.71,9,minnow
3311,4.7,6,minnow
3312,44.48,29,dolphin
3313,62.62,34,dolphin
3314,2.98,8,minnow
3315,13.58,7,minnow
3316,2.54,9,minnow
3317,1.52,12,minnow
3318,0.56,9,minnow
3319,3.81,10,minnow
3320,18.82,8,minnow
3321,0.43,8,minnow
3322,2.1,15,minnow
3323,1.94,5,minnow
3324,4.93,8,minnow
3325,5.06,8,minnow
3326,7.84,4,minnow
3327,69.07,32,dolphin
3328,0.82,7,minnow
3329,0.76,7,minnow
3330,4.93,5,minnow
3331,33.93,29,dolphin
3332,0.32,9,minnow
3333,5.64,8,minnow
3334,2.41,5,minnow
3335,13.02,9,minnow
3336,9.07,6,minnow
3337,3.59,6,minnow
3338,7.24,5,minnow
3339,1.16,5,minnow
3340,11.95,10,minnow
3341,30.52,19,dolphin
3342,3.9,8,minnow
3343,1.73,8,minnow
3344,2.63,4,minnow
3345,11.75,5,minnow
3346,3.11,9,minnow
3347,0.49,20,minnow
3348,15.23,16,minnow
3349,0.69,7,minnow
3350,6.55,5,minnow
3351,0.17,12,minnow
3352,3.95,14,minnow
3353,2.98,13,minnow
3354,0.14,5,minnow
3355,5.65,7,minnow
3356,0.57,10,minnow
3357,3.8,12,minnow
3358,1.72,10,minnow
3359,0.31,9,minnow
3360,0.62,10,minnow
3361,0.71,3,minnow
3362,15.99,5,minnow
3363,12.65,13,minnow
3364,111.19,32,dolphin
3365,1.46,6,minnow
3366,1.39,7,minnow
3367,4.12,5,minnow
3368,1.88,8,minnow
3369,1.31,8,minnow
3370,3.62,15,minnow
3371,10.23,7,minnow
3372,0.11,7,minnow
3373,1.33,11,minnow
3374,0.35,9,minnow
3375,2.6,5,minnow
3376,6.63,6,minnow
3377,19.83,7,minnow
3378,1.66,12,minnow
3379,3.94,11,minnow
3380,0.23,9,minnow
3381,0.84,4,minnow
3382,4.62,9,minnow
3383,0.38,6,minnow
3384,24.03,5,minnow
3385,7.67,8,minnow
3386,0.78,6,minnow
3387,0.31,17,minnow
3388,1.05,4,minnow
3389,0.79,6,minnow
3390,0.47,6,minnow
3391,0.35,4,minnow
3392,2.3,6,minnow
3393,10.71,9,minnow
3394,1.06,13,minnow
3395,6.77,5,minnow
3396,1.97,7,minnow
3397,8.84,7,minnow
3398,0.94,5,minnow
3399,5.2,6,minnow
3400,4.02,8,minnow
3401,29.36,40,dolphin
3402,8.12,13,minnow
3403,5.0,7,minnow
3404,0.32,6,minnow
3405,1.43,11,minnow
3406,0.92,5,minnow
3407,0.89,10,minnow
3408,3.4,8,minnow
3409,4.88,7,minnow
3410,5.2,7,minnow
3411,24.99,10,minnow
3412,7.2,2,minnow
3413,0.47,8,minnow
3414,4.59,7,minnow
3415,8.46,7,minnow
3416,25.02,6,minnow
3417,2.59,8,minnow
3418,2.63,7,minnow
3419,18.66,5,minnow
3420,4.42,12,minnow
3421,0.26,9,minnow
3422,0.18,9,minnow
3423,63.13,14,dolphin
3424,0.21,10,minnow
3425,2.54,16,minnow
3426,13.64,9,minnow
3427,0.2,10,minnow
3428,0.59,7,minnow
3429,0.45,7,minnow
3430,59.25,21,dolphin
3431,83.85,26,dolphin
3432,1.03,5,minnow
3433,8.39,5,minnow
3434,5.44,6,minnow
3435,2.12,10,minnow
3436,0.25,9,minnow
3437,133.21,51,whale
3438,0.18,6,minnow
3439,4.66,9,minnow
3440,1.18,9,minnow
3441,16.66,9,minnow
3442,12.85,8,minnow
3443,0.69,14,minnow
3444,0.94,7,minnow
3445,0.28,9,minnow
3446,4.53,11,minnow
3447,10.35,7,minnow
3448,1.64,6,minnow
3449,2.24,5,minnow
3450,70.28,15,dolphin
3451,14.85,5,minnow
3452,28.69,27,dolphin
3453,0.09,12,minnow
3454,7.97,6,minnow
3455,4.96,5,minnow
3456,0.45,9,minnow
3457,0.62,9,minnow
3458,2.34,4,minnow
3459,0.39,13,minnow
3460,0.93,9,minnow
3461,1.59,13,minnow
3462,8.31,10,minnow
3463,1.07,9,minnow
3464,1.62,15,minnow
3465,17.1,13,minnow
3466,0.2,13,minnow
3467,4.78,13,minnow
3468,6.19,13,minnow
3469,6.47,3,minnow
3470,1.49,9,minnow
3471,0.6,10,minnow
3472,37.76,24,dolphin
3473,0.84,3,minnow
3474,0.56,5,minnow
3475,3.43,3,minnow
3476,1.02,8,minnow
3477,17.84,6,minnow
3478,2.17,11,minnow
3479,21.95,7,minnow
3480,6.81,7,minnow
3481,1.78,7,minnow
3482,19.74,12,minnow
3483,1.17,6,minnow
3484,1.99,5,minnow
3485,7.74,10,minnow
3486,4.77,6,minnow
3487,1.13,6,minnow
3488,0.28,7,minnow
3489,3.22,5,minnow
3490,1.04,6,minnow
3491,3.48,11,minnow
3492,1.69,7,minnow
3493,1.05,7,minnow
3494,2.16,8,minnow
3495,2.95,9,minnow
3496,10.09,14,minnow
3497,6.53,10,minnow
3498,94.73,24,dolphin
3499,4.16,7,minnow
3500,1.13,12,minnow
3501,2.54,3,minnow
3502,8.24,10,minnow
3503,16.54,6,minnow
3504,28.4,29,dolphin
3505,0.65,12,minnow
3506,25.77,17,dolphin
3507,3.08,7,minnow
3508,0.75,6,minnow
3509,2.4,8,minnow
3510,23.04,9,minnow
3511,6.9,9,minnow
3512,0.48,14,minnow
3513,0.48,11,minnow
3514,0.46,7,minnow
3515,1.03,10,minnow
3516,3.76,3,minnow
3517,0.55,6,minnow
3518,1.67,6,minnow
3519,31.29,24,dolphin
3520,44.19,21,dolphin
3521,39.68,19,dolphin
3522,0.19,7,minnow
3523,48.33,23,dolphin
3524,3.84,7,minnow
3525,3.76,8,minnow
3526,17.22,9,minnow
3527,10.23,8,minnow
3528,0.17,8,minnow
3529,1.25,13,minnow
3530,1.85,9,minnow
3531,0.4,7,minnow
3532,16.37,12,minnow
3533,33.19,21,dolphin
3534,3.26,9,minnow
3535,5.35,5,minnow
3536,3.26,8,minnow
3537,3.89,8,minnow
3538,19.85,10,minnow
3539,0.2,12,minnow
3540,7.23,7,minnow
3541,3.38,11,minnow
3542,1.06,8,minnow
3543,1.48,4,minnow
3544,62.29,28,dolphin
3545,0.4,9,minnow
3546,2.54,11,minnow
3547,45.02,33,dolphin
3548,0.44,9,minnow
3549,1.6,4,minnow
3550,3.55,10,minnow
3551,6.43,8,minnow
3552,2.92,8,minnow
3553,0.79,7,minnow
3554,6.79,7,minnow
3555,2.83,7,minnow
3556,9.06,9,minnow
3557,14.55,8,minnow
3558,0.31,11,minnow
3559,17.34,9,minnow
3560,2.21,11,minnow
3561,12.43,9,minnow
3562,7.32,6,minnow
3563,64.49,13,dolphin
3564,3.35,9,minnow
3565,1.74,7,minnow
3566,1.46,14,minnow
3567,0.63,8,minnow
3568,12.1,7,minnow
3569,0.57,6,minnow
3570,11.93,5,minnow
3571,2.32,6,minnow
3572,0.2,6,minnow
3573,35.92,23,dolphin
3574,0.01,11,minnow
3575,2.91,5,minnow
3576,4.83,10,minnow
3577,0.08,11,minnow
3578,6.73,7,minnow
3579,1.14,9,minnow
3580,2.23,12,minnow
3581,28.47,25,dolphin
3582,4.17,11,minnow
3583,1.89,7,minnow
3584,2.53,10,minnow
3585,56.93,24,dolphin
3586,6.34,5,minnow
3587,0.81,6,minnow
3588,1.52,10,minnow
3589,0.49,12,minnow
3590,1.61,15,minnow
3591,43.49,23,dolphin
3592,2.54,8,minnow
3593,0.39,8,minnow
3594,6.62,6,minnow
3595,1.77,5,minnow
3596,8.15,9,minnow
3597,2.25,4,minnow
3598,33.53,24,dolphin
3599,0.77,10,minnow
3600,0.51,5,minnow
3601,14.88,8,minnow
3602,0.13,7,minnow
3603,2.52,5,minnow
3604,11.95,10,minnow
3605,0.1,9,minnow
3606,3.68,7,minnow
3607,0.3,6,minnow
3608,0.17,4,minnow
3609,0.6,10,minnow
3610,2.48,6,minnow
3611,1.07,8,minnow
3612,19.52,11,minnow
3613,3.79,8,minnow
3614,1.52,8,minnow
3615,0.41,11,minnow
3616,4.75,14,minnow
3617,89.5,19,dolphin
3618,1.08,13,minnow
3619,1.3,7,minnow
3620,0.61,12,minnow
3621,22.08,10,minnow
3622,14.63,8,minnow
3623,1.63,8,minnow
3624,1.27,12,minnow
3625,0.73,6,minnow
3626,2.09,15,minnow
3627,16.98,12,minnow
3628,3.55,11,minnow
3629,26.06,28,dolphin
3630,1.05,8,minnow
3631,0.08,9,minnow
3632,214.55,43,whale
3633,4.68,10,minnow
3634,11.54,7,minnow
3635,0.94,9,minnow
3636,0.38,8,minnow
3637,4.25,3,minnow
3638,0.14,6,minnow
3639,2.17,13,minnow
3640,17.04,8,minnow
3641,6.8,4,minnow
3642,4.99,2,minnow
3643,54.05,22,dolphin
3644,6.05,12,minnow
3645,0.16,5,minnow
3646,2.62,14,minnow
3647,72.28,23,dolphin
3648,2.02,7,minnow
3649,65.53,20,dolphin
3650,17.08,7,minnow
3651,1.73,6,minnow
3652,0.59,10,minnow
3653,5.72,8,minnow
3654,25.35,26,dolphin
3655,0.27,10,minnow
3656,4.03,5,minnow
3657,0.13,11,minnow
3658,1.93,8,minnow
3659,0.24,9,minnow
3660,8.16,8,minnow
3661,1.1,10,minnow
3662,21.18,5,minnow
3663,1.4,9,minnow
3664,1.21,14,minnow
3665,0.25,11,minnow
3666,6.21,4,minnow
3667,7.3,5,minnow
3668,14.93,5,minnow
3669,9.47,5,minnow
3670,6.31,9,minnow
3671,8.61,6,minnow
3672,10.12,7,minnow
3673,14.19,7,minnow
3674,0.29,6,minnow
3675,1.59,6,minnow
3676,0.25,11,minnow
3677,5.65,8,minnow
3678,45.06,26,dolphin
3679,13.93,15,minnow
3680,1.26,6,minnow
3681,7.45,7,minnow
3682,5.8,9,minnow
3683,4.82,7,minnow
3684,0.41,6,minnow
3685,27.23,28,dolphin
3686,0.5,8,minnow
3687,1.85,1,minnow
3688,15.4,8,minnow
3689,1.83,10,minnow
3690,3.77,3,minnow
3691,4.02,7,minnow
3692,3.69,4,minnow
3693,3.99,11,minnow
3694,4.68,9,minnow
3695,3.74,12,minnow
3696,0.79,4,minnow
3697,0.28,6,minnow
3698,16.4,9,minnow
3699,17.64,7,minnow
3700,5.7,7,minnow
3701,5.62,9,minnow
3702,0.77,10,minnow
3703,0.07,7,minnow
3704,2.23,9,minnow
3705,0.16,13,minnow
3706,4.46,8,minnow
3707,26.76,25,dolphin
3708,1.24,5,minnow
3709,1.36,11,minnow
3710,0.66,6,minnow
3711,3.56,8,minnow
3712,3.15,7,minnow
3713,0.65,7,minnow
3714,14.3,6,minnow
3715,250.58,37,whale
3716,22.28,6,minnow
3717,2.78,8,minnow
3718,2.73,9,minnow
3719,1.46,13,minnow
3720,1.41,6,minnow
3721,15.38,11,minnow
3722,16.49,8,minnow
3723,0.51,7,minnow
3724,5.97,8,minnow
3725,19.64,11,minnow
3726,1.9,7,minnow
3727,2.37,9,minnow
3728,10.11,6,minnow
3729,10.58,2,minnow
3730,6.6,5,minnow
3731,4.99,5,minnow
3732,6.18,7,minnow
3733,2.13,14,minnow
3734,0.56,8,minnow
3735,0.28,4,minnow
3736,8.61,5,minnow
3737,3.95,9,minnow
3738,6.88,10,minnow
3739,0.88,3,minnow
3740,3.91,6,minnow
3741,3.77,9,minnow
3742,25.7,28,dolphin
3743,12.97,5,minnow
3744,1.02,9,minnow
3745,7.44,10,minnow
3746,1.0,9,minnow
3747,0.05,16,minnow
3748,52.54,26,dolphin
3749,1.82,7,minnow
3750,17.52,14,minnow
3751,1.15,4,minnow
3752,0.91,5,minnow
3753,1.38,10,minnow
3754,4.97,6,minnow
3755,4.4,12,minnow
3756,7.36,7,minnow
3757,1.5,4,minnow
3758,3.54,11,minnow
3759,0.86,8,minnow
3760,34.84,21,dolphin
3761,0.41,8,minnow
3762,0.89,5,minnow
3763,1.69,7,minnow
3764,151.76,60,whale
3765,11.32,4,minnow
3766,0.85,8,minnow
3767,12.37,10,minnow
3768,7.58,6,minnow
3769,5.14,12,minnow
3770,10.11,6,minnow
3771,3.64,6,minnow
3772,4.36,7,minnow
3773,0.28,10,minnow
3774,33.41,31,dolphin
3775,1.62,11,minnow
3776,0.46,5,minnow
3777,1.48,7,minnow
3778,1.58,7,minnow
3779,0.92,8,minnow
3780,11.52,6,minnow
3781,15.78,4,minnow
3782,0.14,7,minnow
3783,1.46,6,minnow
3784,1.63,10,minnow
3785,2.52,12,minnow
3786,50.91,26,dolphin
3787,0.9,9,minnow
3788,40.44,26,dolphin
3789,2.63,14,minnow
3790,41.05,27,dolphin
3791,2.02,10,minnow
3792,1.67,5,minnow
3793,3.2,10,minnow
3794,26.25,23,dolphin
3795,4.28,12,minnow
3796,4.64,4,minnow
3797,9.2,9,minnow
3798,0.81,8,minnow
3799,5.69,8,minnow
3800,1.22,7,minnow
3801,34.95,22,dolphin
3802,6.49,11,minnow
3803,10.06,9,minnow
3804,0.13,1,minnow
3805,10.29,12,minnow
3806,2.5,15,minnow
3807,0.33,8,minnow
3808,3.87,13,minnow
3809,0.29,9,minnow
3810,8.83,8,minnow
3811,32.93,28,dolphin
3812,0.19,8,minnow
3813,3.16,11,minnow
3814,2.55,3,minnow
3815,0.14,6,minnow
3816,14.39,2,minnow
3817,9.04,7,minnow
3818,84.92,26,dolphin
3819,7.34,8,minnow
3820,0.81,12,minnow
3821,7.56,5,minnow
3822,25.94,27,dolphin
3823,1.58,8,minnow
3824,12.99,11,minnow
3825,0.08,7,minnow
3826,35.17,21,dolphin
3827,11.95,5,minnow
3828,0.06,8,minnow
3829,6.12,7,minnow
3830,0.14,8,minnow
3831,1.25,13,minnow
3832,9.84,9,minnow
3833,2.67,9,minnow
3834,24.79,6,minnow
3835,3.68,9,minnow
3836,3.13,9,minnow
3837,19.25,9,minnow
3838,1.93,10,minnow
3839,3.19,11,minnow
3840,3.94,11,minnow
3841,2.98,11,minnow
3842,21.25,5,minnow
3843,1.14,7,minnow
3844,0.88,11,minnow
3845,0.61,4,minnow
3846,0.11,6,minnow
3847,35.66,27,dolphin
3848,0.79,11,minnow
3849,2.27,7,minnow
3850,40.16,31,dolphin
3851,2.65,5,minnow
3852,7.56,8,minnow
3853,0.34,7,minnow
3854,31.1,30,dolphin
3855,2.73,9,minnow
3856,0.65,9,minnow
3857,0.65,15,minnow
3858,49.6,22,dolphin
3859,1.3,7,minnow
3860,0.67,10,minnow
3861,1.66,7,minnow
3862,3.57,8,minnow
3863,4.23,5,minnow
3864,6.76,2,minnow
3865,4.83,7,minnow
3866,9.35,6,minnow
3867,2.15,7,minnow
3868,91.42,21,dolphin
3869,1.52,5,minnow
3870,28.9,19,dolphin
3871,1.27,15,minnow
3872,0.34,7,minnow
3873,0.23,11,minnow
3874,5.4,9,minnow
3875,21.31,6,minnow
3876,0.53,5,minnow
3877,0.82,11,minnow
3878,6.16,10,minnow
3879,3.31,8,minnow
3880,1.3,5,minnow
3881,0.43,12,minnow
3882,5.44,9,minnow
3883,9.44,8,minnow
3884,7.29,11,minnow
3885,3.46,7,minnow
3886,0.61,8,minnow
3887,5.49,12,minnow
3888,4.87,6,minnow
3889,0.41,5,minnow
3890,2.05,3,minnow
3891,5.97,8,minnow
3892,2.93,8,minnow
3893,0.14,17,minnow
3894,1.19,11,minnow
3895,1.07,11,minnow
3896,8.12,6,minnow
3897,212.18,53,whale
3898,4.11,6,minnow
3899,0.49,5,minnow
3900,2.57,8,minnow
3901,3.38,5,minnow
3902,11.14,10,minnow
3903,24.23,6,minnow
3904,30.74,27,dolphin
3905,7.84,13,minnow
3906,3.32,8,minnow
3907,35.64,29,dolphin
3908,1.9,9,minnow
3909,3.62,10,minnow
3910,2.25,5,minnow
3911,0.11,5,minnow
3912,25.4,24,dolphin
3913,9.78,5,minnow
3914,0.07,6,minnow
3915,16.49,6,minnow
3916,2.04,6,minnow
3917,16.15,5,minnow
3918,3.75,8,minnow
3919,0.38,5,minnow
3920,3.46,4,minnow
3921,0.79,13,minnow
3922,0.47,10,minnow
3923,13.29,10,minnow
3924,6.21,10,minnow
3925,36.46,16,dolphin
3926,1.77,9,minnow
3927,0.71,11,minnow
3928,9.23,7,minnow
3929,0.87,9,minnow
3930,2.02,10,minnow
3931,7.69,12,minnow
3932,2.71,8,minnow
3933,1.52,5,minnow
3934,0.35,2,minnow
3935,14.87,10,minnow
3936,1.84,8,minnow
3937,8.93,6,minnow
3938,7.23,7,minnow
3939,19.03,12,minnow
3940,2.28,6,minnow
3941,1.9,10,minnow
3942,0.56,12,minnow
3943,1.39,9,minnow
3944,5.73,8,minnow
3945,0.9,9,minnow
3946,5.5,5,minnow
3947,34.73,39,dolphin
3948,1.63,8,minnow
3949,0.41,5,minnow
3950,1.71,9,minnow
3951,0.34,9,minnow
3952,28.07,28,dolphin
3953,3.8,8,minnow
3954,1.04,9,minnow
3955,1.36,7,minnow
3956,0.5,6,minnow
3957,16.74,13,minnow
3958,62.77,20,dolphin
3959,0.3,7,minnow
3960,17.62,8,minnow
3961,2.24,13,minnow
3962,25.23,28,dolphin
3963,0.18,5,minnow
3964,4.76,5,minnow
3965,1.73,6,minnow
3966,9.53,4,minnow
3967,3.66,6,minnow
3968,3.44,5,minnow
3969,2.8,5,minnow
3970,40.43,26,dolphin
3971,2.51,7,minnow
3972,13.23,7,minnow
3973,9.08,9,minnow
3974,13.76,10,minnow
3975,0.65,11,minnow
3976,10.29,10,minnow
3977,5.69,7,minnow
3978,0.5,12,minnow
3979,2.36,10,minnow
3980,130.43,67,whale
3981,1.77,9,minnow
3982,1.84,8,minnow
3983,6.83,12,minnow
3984,1.4,10,minnow
3985,4.16,7,minnow
3986,1.62,8,minnow
3987,6.32,10,minnow
3988,3.01,4,minnow
3989,75.43,22,dolphin
3990,3.57,3,minnow
3991,2.33,10,minnow
3992,17.24,3,minnow
3993,0.36,3,minnow
3994,49.74,33,dolphin
3995,0.68,5,minnow
3996,22.37,6,minnow
3997,34.14,21,dolphin
3998,1.43,7,minnow
3999,1.67,7,minnow
4000,2.79,10,minnow
4001,8.98,6,minnow
4002,0.67,13,minnow
4003,2.79,10,minnow
4004,2.01,4,minnow
4005,0.53,7,minnow
4006,0.62,11,minnow
4007,4.08,8,minnow
4008,3.96,12,minnow
4009,0.98,4,minnow
4010,3.77,9,minnow
4011,1.18,9,minnow
4012,26.88,25,dolphin
4013,2.82,7,minnow
4014,19.22,6,minnow
4015,0.22,16,minnow
4016,5.56,11,minnow
4017,8.62,6,minnow
4018,2.66,8,minnow
4019,1.4,4,minnow
4020,2.6,9,minnow
4021,10.89,9,minnow
4022,0.48,10,minnow
4023,10.18,14,minnow
4024,5.53,3,minnow
4025,2.19,9,minnow
4026,2.34,12,minnow
4027,3.67,5,minnow
4028,47.17,26,dolphin
4029,5.79,5,minnow
4030,0.73,3,minnow
4031,1.65,12,minnow
4032,0.53,11,minnow
4033,0.16,4,minnow
4034,0.52,8,minnow
4035,4.02,10,minnow
4036,25.49,15,dolphin
4037,16.33,12,minnow
4038,0.52,6,minnow
4039,0.93,4,minnow
4040,0.74,9,minnow
4041,0.05,9,minnow
4042,2.54,12,minnow
4043,12.0,5,minnow
4044,2.22,9,minnow
4045,0.44,11,minnow
4046,0.86,7,minnow
4047,1.96,7,minnow
4048,11.39,8,minnow
4049,2.48,6,minnow
4050,9.17,6,minnow
4051,2.91,10,minnow
4052,4.85,9,minnow
4053,0.74,8,minnow
4054,1.11,8,minnow
4055,0.45,5,minnow
4056,8.69,9,minnow
4057,2.08,2,minnow
4058,0.01,13,minnow
4059,7.17,12,minnow
4060,15.78,10,minnow
4061,0.91,6,minnow
4062,7.16,10,minnow
4063,2.37,9,minnow
4064,0.11,5,minnow
4065,75.55,24,dolphin
4066,2.4,9,minnow
4067,4.58,5,minnow
4068,1.22,8,minnow
4069,2.07,8,minnow
4070,4.3,8,minnow
4071,0.63,9,minnow
4072,49.92,28,dolphin
4073,12.69,8,minnow
4074,7.59,9,minnow
4075,2.65,13,minnow
4076,0.98,7,minnow
4077,17.26,11,minnow
4078,8.82,13,minnow
4079,1.75,4,minnow
4080,0.59,12,minnow
4081,0.27,8,minnow
4082,3.48,7,minnow
4083,2.23,4,minnow
4084,22.13,10,minnow
4085,16.24,7,minnow
4086,3.53,5,minnow
4087,2.92,16,minnow
4088,0.53,11,minnow
4089,18.13,4,minnow
4090,3.03,11,minnow
4091,8.74,6,minnow
4092,21.82,8,minnow
4093,1.34,6,minnow
4094,0.88,8,minnow
4095,172.42,51,whale
4096,8.59,11,minnow
4097,2.13,9,minnow
4098,24.14,10,minnow
4099,2.03,7,minnow
4100,5.59,10,minnow
4101,1.34,7,minnow
4102,3.23,7,minnow
4103,2.14,8,minnow
4104,1.0,9,minnow
4105,4.9,8,minnow
4106,1.2,11,minnow
4107,8.34,7,minnow
4108,2.04,11,minnow
4109,0.21,9,minnow
4110,8.97,4,minnow
4111,9.21,8,minnow
4112,122.2,19,dolphin
4113,3.42,9,minnow
4114,4.45,3,minnow
4115,7.14,9,minnow
4116,16.97,8,minnow
4117,15.36,8,minnow
4118,5.53,7,minnow
4119,3.15,9,minnow
4120,12.78,11,minnow
4121,2.95,5,minnow
4122,0.42,10,minnow
4123,0.3,8,minnow
4124,2.08,6,minnow
4125,4.02,7,minnow
4126,173.34,48,whale
4127,2.74,10,minnow
4128,3.58,7,minnow
4129,1.74,6,minnow
4130,8.94,9,minnow
4131,5.2,5,minnow
4132,1.2,9,minnow
4133,0.66,5,minnow
4134,1.74,10,minnow
4135,0.86,6,minnow
4136,2.29,12,minnow
4137,4.16,8,minnow
4138,1.49,5,minnow
4139,34.03,25,dolphin
4140,21.22,10,minnow
4141,2.3,5,minnow
4142,0.71,6,minnow
4143,3.17,2,minnow
4144,2.68,7,minnow
4145,3.0,10,minnow
4146,1.76,9,minnow
4147,0.62,5,minnow
4148,3.51,8,minnow
4149,1.89,9,minnow
4150,2.18,8,minnow
4151,3.86,5,minnow
4152,2.97,5,minnow
4153,3.73,7,minnow
4154,1.76,9,minnow
4155,5.91,6,minnow
4156,1.05,7,minnow
4157,0.58,6,minnow
4158,0.8,8,minnow
4159,1.12,10,minnow
4160,0.42,12,minnow
4161,0.22,6,minnow
4162,7.43,5,minnow
4163,25.5,26,dolphin
4164,8.1,4,minnow
4165,1.53,8,minnow
4166,0.21,5,minnow
4167,4.51,4,minnow
4168,0.25,7,minnow
4169,2.89,9,minnow
4170,0.92,13,minnow
4171,0.09,7,minnow
4172,35.48,17,dolphin
4173,0.45,10,minnow
4174,1.88,11,minnow
4175,2.7,7,minnow
4176,1.56,9,minnow
4177,6.98,8,minnow
4178,1.01,13,minnow
4179,6.12,11,minnow
4180,5.53,8,minnow
4181,0.37,6,minnow
4182,4.84,11,minnow
4183,0.61,10,minnow
4184,0.51,6,minnow
4185,5.29,11,minnow
4186,1.73,14,minnow
4187,6.03,12,minnow
4188,6.12,7,minnow
4189,0.34,8,minnow
4190,10.86,9,minnow
4191,5.24,2,minnow
4192,1.3,11,minnow
4193,2.67,8,minnow
4194,11.37,8,minnow
4195,1.99,12,minnow
4196,97.95,31,dolphin
4197,36.06,28,dolphin
4198,4.0,12,minnow
4199,2.31,11,minnow
4200,2.47,11,minnow
4201,1.27,9,minnow
4202,4.06,11,minnow
4203,9.97,7,minnow
4204,0.38,7,minnow
4205,9.29,10,minnow
4206,14.79,11,minnow
4207,8.29,4,minnow
4208,2.7,12,minnow
4209,7.76,4,minnow
4210,26.55,30,dolphin
4211,3.02,5,minnow
4212,3.45,12,minnow
4213,100.69,26,dolphin
4214,5.43,6,minnow
4215,0.66,6,minnow
4216,13.42,5,minnow
4217,6.32,6,minnow
4218,1.16,5,minnow
4219,0.57,16,minnow
4220,4.86,8,minnow
4221,3.02,8,minnow
4222,0.45,11,minnow
4223,2.88,13,minnow
4224,2.61,9,minnow
4225,3.0,7,minnow
4226,7.29,11,minnow
4227,0.2,6,minnow
4228,0.56,6,minnow
4229,1.52,9,minnow
4230,27.71,25,dolphin
4231,146.71,42,whale
4232,3.35,12,minnow
4233,3.57,6,minnow
4234,0.07,6,minnow
4235,14.11,7,minnow
4236,6.82,3,minnow
4237,5.22,14,minnow
4238,0.45,8,minnow
4239,78.87,28,dolphin
4240,37.82,30,dolphin
4241,5.32,6,minnow
4242,16.24,11,minnow
4243,3.6,8,minnow
4244,12.35,13,minnow
4245,0.41,3,minnow
4246,0.09,10,minnow
4247,0.44,11,minnow
4248,0.91,12,minnow
4249,1.19,9,minnow
4250,6.8,10,minnow
4251,2.2,9,minnow
4252,3.17,9,minnow
4253,0.5,8,minnow
4254,0.43,16,minnow
4255,3.55,4,minnow
4256,1.39,11,minnow
4257,3.34,10,minnow
4258,7.93,9,minnow
4259,45.75,21,dolphin
4260,3.21,10,minnow
4261,60.42,32,dolphin
4262,6.36,6,minnow
4263,10.01,5,minnow
4264,17.9,8,minnow
4265,10.5,8,minnow
4266,0.92,10,minnow
4267,18.78,6,minnow
4268,1.82,7,minnow
4269,5.38,9,minnow
4270,4.11,13,minnow
4271,20.71,11,minnow
4272,6.23,9,minnow
4273,0.36,2,minnow
4274,94.32,32,dolphin
4275,12.63,10,minnow
4276,1.38,10,minnow
4277,0.54,7,minnow
4278,15.16,4,minnow
4279,0.65,6,minnow
4280,11.95,10,minnow
4281,18.37,7,minnow
4282,1.17,7,minnow
4283,1.02,6,minnow
4284,1.56,10,minnow
4285,0.68,11,minnow
4286,4.79,5,minnow
4287,6.02,10,minnow
4288,10.63,5,minnow
4289,0.88,3,minnow
4290,12.73,14,minnow
4291,0.68,8,minnow
4292,12.72,13,minnow
4293,0.31,5,minnow
4294,40.79,24,dolphin
4295,1.44,6,minnow
4296,8.66,7,minnow
4297,9.83,9,minnow
4298,0.44,8,minnow
4299,12.63,4,minnow
4300,1.38,4,minnow
4301,2.03,9,minnow
4302,1.14,9,minnow
4303,43.91,20,dolphin
4304,0.51,17,minnow
4305,6.61,10,minnow
4306,1.22,8,minnow
4307,19.02,10,minnow
4308,136.21,34,whale
4309,1.21,13,minnow
4310,4.15,7,minnow
4311,1.79,14,minnow
4312,17.48,7,minnow
4313,2.23,10,minnow
4314,14.14,6,minnow
4315,1.76,13,minnow
4316,120.3,23,dolphin
4317,0.1,11,minnow
4318,6.07,11,minnow
4319,3.26,3,minnow
4320,3.08,6,minnow
4321,5.24,7,minnow
4322,3.65,3,minnow
4323,4.71,5,minnow
4324,6.38,5,minnow
4325,54.51,24,dolphin
4326,0.04,7,minnow
4327,63.77,25,dolphin
4328,199.47,52,whale
4329,0.2,12,minnow
4330,3.58,7,minnow
4331,29.79,25,dolphin
4332,14.43,11,minnow
4333,48.52,18,dolphin
4334,6.02,7,minnow
4335,0.13,6,minnow
4336,26.77,24,dolphin
4337,9.18,9,minnow
4338,34.68,20,dolphin
4339,0.29,9,minnow
4340,0.47,2,minnow
4341,3.41,6,minnow
4342,28.02,29,dolphin
4343,43.75,27,dolphin
4344,1.04,6,minnow
4345,1.73,11,minnow
4346,328.7,48,whale
4347,1.37,10,minnow
4348,9.78,14,minnow
4349,1.61,5,minnow
4350,7.1,6,minnow
4351,0.83,11,minnow
4352,0.87,8,minnow
4353,1.83,7,minnow
4354,1.39,9,minnow
4355,2.04,8,minnow
4356,7.7,3,minnow
4357,68.35,20,dolphin
4358,1.29,8,minnow
4359,0.68,5,minnow
4360,3.37,7,minnow
4361,0.85,8,minnow
4362,0.24,3,minnow
4363,18.23,12,minnow
4364,3.78,7,minnow
4365,4.42,9,minnow
4366,0.15,7,minnow
4367,1.3,5,minnow
4368,0.34,5,minnow
4369,3.21,9,minnow
4370,4.12,10,minnow
4371,4.11,10,minnow
4372,1.14,6,minnow
4373,0.85,13,minnow
4374,2.44,7,minnow
4375,5.88,6,minnow
4376,1.31,4,minnow
4377,0.74,7,minnow
4378,0.79,11,minnow
4379,1.16,10,minnow
4380,1.61,6,minnow
4381,0.57,7,minnow
4382,1.63,5,minnow
4383,23.99,9,minnow
4384,2.07,7,minnow
4385,0.46,5,minnow
4386,0.09,9,minnow
4387,62.69,29,dolphin
4388,20.55,8,minnow
4389,5.24,6,minnow
4390,21.33,11,minnow
4391,7.72,11,minnow
4392,2.94,7,minnow
4393,0.46,4,minnow
4394,70.37,25,dolphin
4395,1.65,6,minnow
4396,1.8,6,minnow
4397,3.53,9,minnow
4398,3.62,6,minnow
4399,8.33,4,minnow
4400,6.93,5,minnow
4401,1.32,13,minnow
4402,3.46,9,minnow
4403,7.92,7,minnow
4404,1.15,11,minnow
4405,33.6,21,dolphin
4406,3.21,13,minnow
4407,42.84,26,dolphin
4408,0.36,6,minnow
4409,9.46,6,minnow
4410,0.8,9,minnow
4411,1.2,7,minnow
4412,14.12,7,minnow
4413,2.3,6,minnow
4414,211.85,44,whale
4415,7.61,10,minnow
4416,1.09,8,minnow
4417,7.63,7,minnow
4418,2.27,6,minnow
4419,12.57,8,minnow
4420,2.07,4,minnow
4421,6.36,8,minnow
4422,4.56,8,minnow
4423,3.76,9,minnow
4424,17.58,5,minnow
4425,0.19,12,minnow
4426,3.88,5,minnow
4427,1.08,9,minnow
4428,0.38,7,minnow
4429,0.87,9,minnow
4430,1.23,8,minnow
4431,2.28,5,minnow
4432,5.7,7,minnow
4433,7.91,8,minnow
4434,1.73,8,minnow
4435,41.9,30,dolphin
4436,1.83,11,minnow
4437,0.15,12,minnow
4438,1.91,10,minnow
4439,3.58,2,minnow
4440,0.02,3,minnow
4441,22.91,9,minnow
4442,2.83,9,minnow
4443,0.53,6,minnow
4444,0.71,4,minnow
4445,11.23,10,minnow
4446,13.66,9,minnow
4447,1.18,9,minnow
4448,0.38,11,minnow
4449,4.09,10,minnow
4450,5.49,11,minnow
4451,8.2,5,minnow
4452,1.35,12,minnow
4453,2.73,6,minnow
4454,3.43,5,minnow
4455,15.59,5,minnow
4456,27.85,22,dolphin
4457,43.0,20,dolphin
4458,26.68,22,dolphin
4459,60.43,26,dolphin
4460,16.79,9,minnow
4461,1.29,6,minnow
4462,38.61,24,dolphin
4463,0.37,10,minnow
4464,145.93,49,whale
4465,0.7,12,minnow
4466,13.74,12,minnow
4467,33.48,19,dolphin
4468,6.92,5,minnow
4469,0.12,5,minnow
4470,0.73,6,minnow
4471,5.88,9,minnow
4472,9.18,8,minnow
4473,2.49,4,minnow
4474,3.74,6,minnow
4475,0.32,8,minnow
4476,56.77,31,dolphin
4477,1.81,4,minnow
4478,11.73,13,minnow
4479,31.37,37,dolphin
4480,0.52,13,minnow
4481,4.07,12,minnow
4482,5.18,7,minnow
4483,2.2,8,minnow
4484,14.64,8,minnow
4485,1.14,8,minnow
4486,3.63,6,minnow
4487,1.83,6,minnow
4488,137.12,53,whale
4489,1.15,10,minnow
4490,10.93,7,minnow
4491,58.83,29,dolphin
4492,0.76,7,minnow
4493,3.87,4,minnow
4494,0.69,10,minnow
4495,0.13,7,minnow
4496,0.95,2,minnow
4497,1.33,5,minnow
4498,1.47,7,minnow
4499,2.06,9,minnow
4500,3.35,8,minnow
4501,0.49,12,minnow
4502,5.83,4,minnow
4503,23.13,9,minnow
4504,27.91,21,dolphin
4505,2.19,13,minnow
4506,13.88,13,minnow
4507,1.12,5,minnow
4508,1.92,9,minnow
4509,6.28,10,minnow
4510,1.94,6,minnow
4511,0.44,8,minnow
4512,12.59,7,minnow
4513,0.88,9,minnow
4514,1.44,10,minnow
4515,18.05,6,minnow
4516,7.84,10,minnow
4517,4.4,11,minnow
4518,0.32,7,minnow
4519,0.52,5,minnow
4520,6.27,7,minnow
4521,9.1,8,minnow
4522,4.98,6,minnow
4523,1.56,12,minnow
4524,1.48,7,minnow
4525,4.69,4,minnow
4526,0.45,7,minnow
4527,3.84,7,minnow
4528,0.36,11,minnow
4529,0.62,9,minnow
4530,4.42,11,minnow
4531,8.44,6,minnow
4532,5.74,5,minnow
4533,0.56,9,minnow
4534,0.17,8,minnow
4535,3.28,7,minnow
4536,0.16,6,minnow
4537,15.05,10,minnow
4538,0.59,9,minnow
4539,118.48,26,dolphin
4540,0.71,6,minnow
4541,6.96,12,minnow
4542,1.02,14,minnow
4543,2.54,3,minnow
4544,4.46,10,minnow
4545,13.15,6,minnow
4546,16.97,7,minnow
4547,10.63,5,minnow
4548,17.47,3,minnow
4549,1.24,6,minnow
4550,9.38,11,minnow
4551,1.92,8,minnow
4552,16.09,11,minnow
4553,3.99,5,minnow
4554,8.96,10,minnow
4555,5.29,11,minnow
4556,11.21,6,minnow
4557,0.91,7,minnow
4558,0.27,7,minnow
4559,16.16,6,minnow
4560,28.56,27,dolphin
4561,2.76,4,minnow
4562,12.16,6,minnow
4563,0.24,5,minnow
4564,1.23,7,minnow
4565,3.79,6,minnow
4566,0.21,11,minnow
4567,0.29,8,minnow
4568,4.27,10,minnow
4569,1.26,15,minnow
4570,1.91,8,minnow
4571,1.73,5,minnow
4572,0.43,10,minnow
4573,2.34,9,minnow
4574,3.25,7,minnow
4575,1.31,6,minnow
4576,1.49,9,minnow
4577,2.4,5,minnow
4578,12.32,11,minnow
4579,2.85,10,minnow
4580,0.15,3,minnow
4581,0.49,2,minnow
4582,14.74,16,minnow
4583,1.11,13,minnow
4584,2.88,6,minnow
4585,72.23,29,dolphin
4586,9.12,10,minnow
4587,0.11,9,minnow
4588,33.51,31,dolphin
4589,4.22,10,minnow
4590,5.99,9,minnow
4591,5.4,11,minnow
4592,14.32,8,minnow
4593,2.92,8,minnow
4594,0.31,9,minnow
4595,5.57,5,minnow
4596,0.36,10,minnow
4597,60.74,28,dolphin
4598,1.86,10,minnow
4599,3.06,7,minnow
4600,1.13,7,minnow
4601,5.71,5,minnow
4602,6.87,13,minnow
4603,1.12,8,minnow
4604,6.85,9,minnow
4605,3.7,5,minnow
4606,2.85,4,minnow
4607,1.0,13,minnow
4608,134.7,41,whale
4609,22.03,10,minnow
4610,10.65,9,minnow
4611,20.13,9,minnow
4612,5.36,7,minnow
4613,1.9,3,minnow
4614,0.05,7,minnow
4615,0.47,13,minnow
4616,106.06,27,dolphin
4617,21.25,3,minnow
4618,4.59,12,minnow
4619,0.27,7,minnow
4620,9.17,4,minnow
4621,2.13,9,minnow
4622,10.14,9,minnow
4623,0.56,7,minnow
4624,1.52,3,minnow
4625,13.68,6,minnow
4626,72.57,24,dolphin
4627,1.16,15,minnow
4628,0.67,7,minnow
4629,17.06,3,minnow
4630,0.44,10,minnow
4631,0.5,14,minnow
4632,5.08,5,minnow
4633,93.42,22,dolphin
4634,0.85,5,minnow
4635,1.84,11,minnow
4636,3.97,7,minnow
4637,1.56,9,minnow
4638,0.2,2,minnow
4639,11.98,9,minnow
4640,4.47,7,minnow
4641,5.97,7,minnow
4642,2.65,10,minnow
4643,37.38,25,dolphin
4644,1.48,4,minnow
4645,0.59,5,minnow
4646,47.56,18,dolphin
4647,0.1,11,minnow
4648,2.6,6,minnow
4649,2.94,12,minnow
4650,2.76,3,minnow
4651,0.28,8,minnow
4652,0.5,5,minnow
4653,15.38,17,minnow
4654,30.46,35,dolphin
4655,1.7,6,minnow
4656,0.75,4,minnow
4657,0.19,7,minnow
4658,14.95,8,minnow
4659,16.44,3,minnow
4660,0.04,6,minnow
4661,0.07,13,minnow
4662,4.13,7,minnow
4663,5.08,11,minnow
4664,1.55,12,minnow
4665,3.15,7,minnow
4666,2.24,4,minnow
4667,3.46,8,minnow
4668,0.79,12,minnow
4669,3.26,15,minnow
4670,1.13,15,minnow
4671,0.99,8,minnow
4672,0.17,13,minnow
4673,2.51,6,minnow
4674,12.0,8,minnow
4675,1.97,5,minnow
4676,1.89,8,minnow
4677,24.76,9,minnow
4678,17.12,8,minnow
4679,53.27,27,dolphin
4680,122.9,18,dolphin
4681,3.65,6,minnow
4682,0.52,9,minnow
4683,1.44,10,minnow
4684,8.3,6,minnow
4685,33.25,23,dolphin
4686,0.62,12,minnow
4687,5.0,8,minnow
4688,0.93,6,minnow
4689,2.63,8,minnow
4690,2.56,7,minnow
4691,6.11,6,minnow
4692,85.77,22,dolphin
4693,7.1,5,minnow
4694,1.67,7,minnow
4695,1.28,12,minnow
4696,2.45,5,minnow
4697,0.82,8,minnow
4698,4.15,10,minnow
4699,0.07,10,minnow
4700,2.37,10,minnow
4701,2.69,12,minnow
4702,0.52,9,minnow
4703,1.8,11,minnow
4704,19.92,5,minnow
4705,22.36,7,minnow
4706,1.41,9,minnow
4707,7.67,6,minnow
4708,0.3,12,minnow
4709,2.07,12,minnow
4710,4.8,12,minnow
4711,38.21,31,dolphin
4712,22.39,8,minnow
4713,4.64,7,minnow
4714,0.77,9,minnow
4715,29.18,24,dolphin
4716,1.93,9,minnow
4717,6.8,6,minnow
4718,2.73,5,minnow
4719,80.45,33,dolphin
4720,1.25,6,minnow
4721,14.38,6,minnow
4722,2.89,7,minnow
4723,8.25,10,minnow
4724,44.35,20,dolphin
4725,0.13,11,minnow
4726,2.99,7,minnow
4727,0.79,7,minnow
4728,6.77,13,minnow
4729,10.04,8,minnow
4730,1.56,7,minnow
4731,1.44,8,minnow
4732,4.6,13,minnow
4733,0.43,5,minnow
4734,5.66,8,minnow
4735,0.9,6,minnow
4736,10.74,8,minnow
4737,0.4,7,minnow
4738,1.34,8,minnow
4739,1.0,3,minnow
4740,2.06,8,minnow
4741,30.03,32,dolphin
4742,12.85,8,minnow
4743,1.54,8,minnow
4744,1.54,10,minnow
4745,13.69,5,minnow
4746,0.52,7,minnow
4747,3.44,11,minnow
4748,1.26,9,minnow
4749,2.52,9,minnow
4750,12.12,5,minnow
4751,1.14,11,minnow
4752,15.78,6,minnow
4753,112.09,24,dolphin
4754,8.73,11,minnow
4755,2.9,6,minnow
4756,21.15,11,minnow
4757,0.56,6,minnow
4758,37.85,27,dolphin
4759,1.0,9,minnow
4760,106.59,21,dolphin
4761,1.05,7,minnow
4762,9.57,12,minnow
4763,0.27,12,minnow
4764,2.36,9,minnow
4765,0.59,18,minnow
4766,0.33,9,minnow
4767,22.85,7,minnow
4768,0.47,12,minnow
4769,1.02,10,minnow
4770,0.85,8,minnow
4771,20.56,7,minnow
4772,16.91,6,minnow
4773,25.34,27,dolphin
4774,0.94,6,minnow
4775,28.77,22,dolphin
4776,0.93,7,minnow
4777,0.99,5,minnow
4778,1.09,9,minnow
4779,1.15,7,minnow
4780,2.87,7,minnow
4781,0.87,7,minnow
4782,4.81,8,minnow
4783,0.05,6,minnow
4784,4.78,8,minnow
4785,0.58,4,minnow
4786,1.14,13,minnow
4787,1.18,8,minnow
4788,15.02,9,minnow
4789,7.44,8,minnow
4790,2.55,4,minnow
4791,1.06,5,minnow
4792,11.62,12,minnow
4793,58.65,32,dolphin
4794,3.17,7,minnow
4795,0.26,6,minnow
4796,1.08,8,minnow
4797,8.12,4,minnow
4798,1.64,8,minnow
4799,0.84,9,minnow
4800,0.78,9,minnow
4801,3.84,5,minnow
4802,0.29,5,minnow
4803,3.14,6,minnow
4804,3.82,9,minnow
4805,1.62,4,minnow
4806,0.63,11,minnow
4807,16.94,3,minnow
4808,0.39,5,minnow
4809,4.38,3,minnow
4810,10.64,7,minnow
4811,4.29,10,minnow
4812,23.8,7,minnow
4813,0.54,7,minnow
4814,0.94,13,minnow
4815,1.59,11,minnow
4816,642.34,51,whale
4817,7.48,13,minnow
4818,10.09,6,minnow
4819,9.44,7,minnow
4820,3.77,6,minnow
4821,17.8,9,minnow
4822,0.17,12,minnow
4823,5.17,16,minnow
4824,6.59,3,minnow
4825,16.94,3,minnow
4826,0.52,7,minnow
4827,0.59,7,minnow
4828,0.65,12,minnow
4829,7.66,2,minnow
4830,7.83,13,minnow
4831,0.73,10,minnow
4832,71.01,25,dolphin
4833,5.25,8,minnow
4834,4.05,6,minnow
4835,2.38,7,minnow
4836,14.71,4,minnow
4837,6.19,12,minnow
4838,68.29,23,dolphin
4839,0.48,10,minnow
4840,0.28,10,minnow
4841,1.02,8,minnow
4842,8.05,14,minnow
4843,1.67,7,minnow
4844,25.37,25,dolphin
4845,1.77,1,minnow
4846,18.75,10,minnow
4847,0.88,9,minnow
4848,22.04,6,minnow
4849,29.69,25,dolphin
4850,1.34,3,minnow
4851,7.27,16,minnow
4852,5.1,12,minnow
4853,7.59,8,minnow
4854,25.92,23,dolphin
4855,15.75,6,minnow
4856,7.56,10,minnow
4857,9.59,5,minnow
4858,0.44,7,minnow
4859,3.11,4,minnow
4860,0.57,6,minnow
4861,3.23,9,minnow
4862,19.82,3,minnow
4863,3.28,6,minnow
4864,0.06,9,minnow
4865,0.62,7,minnow
4866,8.41,6,minnow
4867,1.4,4,minnow
4868,11.64,5,minnow
4869,0.48,11,minnow
4870,6.12,4,minnow
4871,6.63,4,minnow
4872,11.75,10,minnow
4873,1.16,13,minnow
4874,11.56,12,minnow
4875,36.98,28,dolphin
4876,0.09,6,minnow
4877,3.61,7,minnow
4878,0.18,7,minnow
4879,0.84,8,minnow
4880,0.96,9,minnow
4881,2.99,7,minnow
4882,6.07,10,minnow
4883,14.13,22,minnow
4884,5.07,11,minnow
4885,9.76,13,minnow
4886,0.59,6,minnow
4887,18.01,10,minnow
4888,0.02,7,minnow
4889,38.2,20,dolphin
4890,28.66,26,dolphin
4891,11.02,9,minnow
4892,117.49,24,dolphin
4893,0.19,5,minnow
4894,11.55,2,minnow
4895,4.12,10,minnow
4896,4.91,8,minnow
4897,0.52,6,minnow
4898,6.24,4,minnow
4899,5.79,12,minnow
4900,1.1,7,minnow
4901,2.97,8,minnow
4902,0.41,5,minnow
4903,1.76,8,minnow
4904,15.45,9,minnow
4905,15.95,7,minnow
4906,11.36,8,minnow
4907,15.43,9,minnow
4908,15.76,11,minnow
4909,1.19,6,minnow
4910,5.72,8,minnow
4911,18.89,12,minnow
4912,0.37,6,minnow
4913,0.36,8,minnow
4914,0.33,12,minnow
4915,0.19,10,minnow
4916,0.62,6,minnow
4917,1.43,4,minnow
4918,37.33,32,dolphin
4919,1.65,6,minnow
4920,0.29,5,minnow
4921,4.33,6,minnow
4922,2.45,7,minnow
4923,0.95,10,minnow
4924,1.29,12,minnow
4925,18.31,10,minnow
4926,0.35,6,minnow
4927,0.23,7,minnow
4928,7.01,7,minnow
4929,1.24,10,minnow
4930,39.79,25,dolphin
4931,2.59,9,minnow
4932,2.83,11,minnow
4933,11.69,3,minnow
4934,0.23,9,minnow
4935,5.7,11,minnow
4936,1.85,9,minnow
4937,17.17,8,minnow
4938,1.18,4,minnow
4939,4.41,5,minnow
4940,1.87,8,minnow
4941,6.43,4,minnow
4942,2.22,11,minnow
4943,5.05,6,minnow
4944,54.88,14,dolphin
4945,2.1,10,minnow
4946,6.32,9,minnow
4947,128.81,31,dolphin
4948,6.2,7,minnow
4949,0.07,9,minnow
4950,1.14,12,minnow
4951,0.48,6,minnow
4952,14.51,8,minnow
4953,2.86,7,minnow
4954,18.2,3,minnow
4955,8.83,11,minnow
4956,8.77,10,minnow
4957,0.47,3,minnow
4958,7.45,3,minnow
4959,29.56,28,dolphin
4960,0.33,8,minnow
4961,2.0,7,minnow
4962,5.85,5,minnow
4963,3.88,9,minnow
4964,33.07,27,dolphin
4965,10.65,10,minnow
4966,6.36,12,minnow
4967,12.28,6,minnow
4968,11.28,9,minnow
4969,3.55,5,minnow
4970,1.88,7,minnow
4971,16.19,8,minnow
4972,1.01,9,minnow
4973,2.96,12,minnow
4974,0.52,3,minnow
4975,10.7,10,minnow
4976,23.86,6,minnow
4977,0.74,11,minnow
4978,2.6,9,minnow
4979,1.54,8,minnow
4980,18.55,9,minnow
4981,32.05,28,dolphin
4982,1.54,8,minnow
4983,0.02,6,minnow
4984,21.0,14,minnow
4985,3.57,10,minnow
4986,3.59,9,minnow
4987,15.52,8,minnow
4988,1.85,11,minnow
4989,1.21,15,minnow
4990,1.88,8,minnow
4991,7.26,10,minnow
4992,13.55,9,minnow
4993,45.29,31,dolphin
4994,6.33,7,minnow
4995,2.63,5,minnow
4996,13.71,7,minnow
4997,0.7,8,minnow
4998,32.17,37,dolphin
4999,4.66,9,minnow
5000,2.3,7,minnow
5001,0.71,8,minnow
5002,9.05,7,minnow
5003,2.12,9,minnow
5004,2.86,5,minnow
5005,0.23,12,minnow
5006,1.66,7,minnow
5007,1.34,7,minnow
5008,6.49,14,minnow
5009,2.16,8,minnow
5010,0.05,3,minnow
5011,1.71,7,minnow
5012,0.32,8,minnow
5013,0.63,7,minnow
5014,16.55,9,minnow
5015,0.22,12,minnow
5016,5.32,10,minnow
5017,1.47,10,minnow
5018,1.08,6,minnow
5019,0.69,8,minnow
5020,5.54,7,minnow
5021,6.63,7,minnow
5022,0.21,8,minnow
5023,20.92,8,minnow
5024,0.5,5,minnow
5025,6.18,11,minnow
5026,0.5,7,minnow
5027,1.59,11,minnow
5028,0.43,5,minnow
5029,1.42,7,minnow
5030,2.41,16,minnow
5031,0.53,8,minnow
5032,5.49,6,minnow
5033,6.77,6,minnow
5034,252.05,47,whale
5035,14.67,9,minnow
5036,21.81,9,minnow
5037,0.2,16,minnow
5038,0.14,5,minnow
5039,2.06,8,minnow
5040,57.91,23,dolphin
5041,173.99,55,whale
5042,1.11,8,minnow
5043,1.3,11,minnow
5044,7.93,12,minnow
5045,2.42,3,minnow
5046,2.52,6,minnow
5047,9.17,8,minnow
5048,255.91,52,whale
5049,26.77,30,dolphin
5050,66.06,35,dolphin
5051,0.17,14,minnow
5052,18.53,12,minnow
5053,0.73,4,minnow
5054,48.54,27,dolphin
5055,29.13,25,dolphin
5056,8.72,8,minnow
5057,1.01,8,minnow
5058,1.53,11,minnow
5059,1.74,9,minnow
5060,11.24,2,minnow
5061,6.34,4,minnow
5062,32.2,31,dolphin
5063,43.7,23,dolphin
5064,0.86,3,minnow
5065,7.1,15,minnow
5066,6.96,9,minnow
5067,2.85,3,minnow
5068,14.98,8,minnow
5069,7.28,10,minnow
5070,1.32,14,minnow
5071,2.64,7,minnow
5072,1.9,7,minnow
5073,1.04,13,minnow
5074,2.9,9,minnow
5075,0.42,8,minnow
5076,7.09,2,minnow
5077,31.39,26,dolphin
5078,3.6,12,minnow
5079,15.09,6,minnow
5080,4.26,10,minnow
5081,0.65,2,minnow
5082,82.38,21,dolphin
5083,0.07,7,minnow
5084,3.38,8,minnow
5085,0.97,5,minnow
5086,41.71,23,dolphin
5087,4.69,8,minnow
5088,198.1,45,whale
5089,3.52,7,minnow
5090,0.98,7,minnow
5091,0.22,5,minnow
5092,19.5,10,minnow
5093,0.87,6,minnow
5094,1.7,10,minnow
5095,23.69,3,minnow
5096,17.91,10,minnow
5097,1.25,8,minnow
5098,1.61,5,minnow
5099,0.2,7,minnow
5100,0.12,6,minnow
5101,11.27,11,minnow
5102,13.44,7,minnow
5103,5.88,15,minnow
5104,4.48,10,minnow
5105,1.07,7,minnow
5106,34.78,26,dolphin
5107,0.19,9,minnow
5108,1.57,7,minnow
5109,4.29,6,minnow
5110,3.32,5,minnow
5111,3.31,8,minnow
5112,1.45,8,minnow
5113,7.89,7,minnow
5114,0.47,7,minnow
5115,2.64,9,minnow
5116,6.63,9,minnow
5117,1.95,18,minnow
5118,3.35,8,minnow
5119,4.69,6,minnow
5120,0.2,12,minnow
5121,0.23,10,minnow
5122,4.11,3,minnow
5123,1.25,5,minnow
5124,1.38,4,minnow
5125,8.25,5,minnow
5126,0.68,13,minnow
5127,0.07,9,minnow
5128,47.05,27,dolphin
5129,23.01,10,minnow
5130,22.54,12,minnow
5131,0.55,6,minnow
5132,2.93,15,minnow
5133,0.44,9,minnow
5134,3.02,8,minnow
5135,1.9,8,minnow
5136,0.59,6,minnow
5137,7.43,11,minnow
5138,2.19,3,minnow
5139,52.26,21,dolphin
5140,3.81,5,minnow
5141,0.06,6,minnow
5142,0.18,6,minnow
5143,94.92,20,dolphin
5144,1.87,8,minnow
5145,4.87,6,minnow
5146,3.37,6,minnow
5147,32.01,31,dolphin
5148,0.16,7,minnow
5149,27.85,27,dolphin
5150,24.94,9,minnow
5151,3.35,7,minnow
5152,6.43,8,minnow
5153,1.84,10,minnow
5154,0.22,8,minnow
5155,8.4,8,minnow
5156,4.93,8,minnow
5157,5.09,4,minnow
5158,7.18,8,minnow
5159,1.26,8,minnow
5160,36.21,15,dolphin
5161,3.36,7,minnow
5162,7.9,3,minnow
5163,2.15,10,minnow
5164,17.82,5,minnow
5165,3.92,10,minnow
5166,2.9,10,minnow
5167,22.91,9,minnow
5168,0.21,9,minnow
5169,2.12,11,minnow
5170,1.25,8,minnow
5171,6.04,2,minnow
5172,5.5,12,minnow
5173,3.26,6,minnow
5174,1.06,4,minnow
5175,3.19,15,minnow
5176,5.57,9,minnow
5177,2.5,5,minnow
5178,19.53,9,minnow
5179,8.84,9,minnow
5180,3.42,9,minnow
5181,0.08,9,minnow
5182,2.34,6,minnow
5183,9.1,2,minnow
5184,2.12,9,minnow
5185,5.39,4,minnow
5186,2.32,10,minnow
5187,4.82,11,minnow
5188,31.24,10,dolphin
5189,11.69,9,minnow
5190,0.42,5,minnow
5191,0.23,13,minnow
5192,6.74,4,minnow
5193,21.51,10,minnow
5194,0.23,6,minnow
5195,2.37,12,minnow
5196,147.99,56,whale
5197,2.16,7,minnow
5198,188.93,49,whale
5199,0.89,8,minnow
5200,1.18,8,minnow
5201,1.08,7,minnow
5202,0.43,11,minnow
5203,0.22,7,minnow
5204,2.33,8,minnow
5205,4.19,8,minnow
5206,1.05,7,minnow
5207,1.55,7,minnow
5208,33.57,26,dolphin
5209,15.72,6,minnow
5210,2.19,11,minnow
5211,6.6,5,minnow
5212,0.24,2,minnow
5213,5.11,8,minnow
5214,3.0,7,minnow
5215,1.82,6,minnow
5216,3.5,8,minnow
5217,2.7,9,minnow
5218,0.41,5,minnow
5219,48.8,14,dolphin
5220,15.2,5,minnow
5221,1.79,3,minnow
5222,0.2,3,minnow
5223,0.07,8,minnow
5224,82.07,25,dolphin
5225,2.51,12,minnow
5226,11.25,10,minnow
5227,0.73,10,minnow
5228,2.03,10,minnow
5229,2.2,11,minnow
5230,4.89,3,minnow
5231,3.83,9,minnow
5232,0.76,9,minnow
5233,0.75,9,minnow
5234,2.91,5,minnow
5235,0.2,9,minnow
5236,0.89,6,minnow
5237,2.59,8,minnow
5238,6.27,7,minnow
5239,36.8,38,dolphin
5240,1.55,6,minnow
5241,3.52,8,minnow
5242,0.17,6,minnow
5243,5.67,5,minnow
5244,0.77,10,minnow
5245,2.03,8,minnow
5246,7.11,6,minnow
5247,7.6,4,minnow
5248,0.32,10,minnow
5249,11.98,3,minnow
5250,3.12,9,minnow
5251,25.22,20,dolphin
5252,34.42,19,dolphin
5253,43.37,26,dolphin
5254,0.34,7,minnow
5255,6.32,4,minnow
5256,0.27,8,minnow
5257,26.64,23,dolphin
5258,33.45,31,dolphin
5259,15.88,8,minnow
5260,1.68,5,minnow
5261,7.93,8,minnow
5262,1.37,10,minnow
5263,3.39,7,minnow
5264,2.86,9,minnow
5265,0.14,7,minnow
5266,0.91,5,minnow
5267,125.63,30,dolphin
5268,2.89,3,minnow
5269,4.29,5,minnow
5270,3.27,10,minnow
5271,1.72,11,minnow
5272,3.52,8,minnow
5273,1.73,12,minnow
5274,0.09,7,minnow
5275,11.68,6,minnow
5276,43.84,16,dolphin
5277,0.52,8,minnow
5278,1.72,6,minnow
5279,36.6,27,dolphin
5280,0.97,5,minnow
5281,6.17,5,minnow
5282,3371.37,54,whale
5283,9.13,12,minnow
5284,3.71,3,minnow
5285,13.61,10,minnow
5286,11.51,5,minnow
5287,1.15,11,minnow
5288,0.21,7,minnow
5289,8.59,10,minnow
5290,10.92,10,minnow
5291,2.06,6,minnow
5292,46.17,17,dolphin
5293,33.5,19,dolphin
5294,11.46,6,minnow
5295,2.13,5,minnow
5296,0.12,10,minnow
5297,2.51,7,minnow
5298,0.18,7,minnow
5299,0.08,7,minnow
5300,9.35,7,minnow
5301,21.66,12,minnow
5302,0.15,13,minnow
5303,2.2,5,minnow
5304,3.23,7,minnow
5305,2.08,9,minnow
5306,0.37,5,minnow
5307,27.93,33,dolphin
5308,0.38,12,minnow
5309,0.15,9,minnow
5310,0.37,3,minnow
5311,7.17,8,minnow
5312,2.17,10,minnow
5313,0.97,4,minnow
5314,7.72,9,minnow
5315,5.65,9,minnow
5316,0.08,9,minnow
5317,7.6,6,minnow
5318,21.98,8,minnow
5319,2.73,6,minnow
5320,2.28,10,minnow
5321,68.73,27,dolphin
5322,1.07,8,minnow
5323,2.55,12,minnow
5324,5.64,11,minnow
5325,3.59,7,minnow
5326,2.15,8,minnow
5327,3.83,10,minnow
5328,40.87,23,dolphin
5329,12.09,7,minnow
5330,2.95,4,minnow
5331,0.83,12,minnow
5332,1.03,12,minnow
5333,15.19,5,minnow
5334,0.26,12,minnow
5335,155.26,41,whale
5336,3.16,1,minnow
5337,0.37,9,minnow
5338,4.44,4,minnow
5339,0.92,4,minnow
5340,1.7,12,minnow
5341,0.3,9,minnow
5342,2.27,4,minnow
5343,0.11,9,minnow
5344,1.27,7,minnow
5345,0.88,12,minnow
5346,1.49,7,minnow
5347,0.98,9,minnow
5348,3.51,3,minnow
5349,13.75,9,minnow
5350,5.91,7,minnow
5351,26.54,27,dolphin
5352,1.5,6,minnow
5353,5.58,10,minnow
5354,5.95,8,minnow
5355,20.96,6,minnow
5356,1.03,4,minnow
5357,11.73,9,minnow
5358,0.84,7,minnow
5359,1.33,3,minnow
5360,1.87,12,minnow
5361,6.86,8,minnow
5362,0.58,9,minnow
5363,0.73,5,minnow
5364,1.18,9,minnow
5365,3.59,13,minnow
5366,0.74,5,minnow
5367,5.07,10,minnow
5368,1.87,5,minnow
5369,9.51,3,minnow
5370,3.67,12,minnow
5371,54.78,34,dolphin
5372,4.03,7,minnow
5373,0.47,6,minnow
5374,2.36,7,minnow
5375,3.43,11,minnow
5376,0.78,7,minnow
5377,37.61,23,dolphin
5378,2.02,11,minnow
5379,1.18,6,minnow
5380,4.44,6,minnow
5381,0.78,5,minnow
5382,15.58,8,minnow
5383,11.3,11,minnow
5384,4.09,9,minnow
5385,8.55,7,minnow
5386,1.49,4,minnow
5387,0.3,6,minnow
5388,1.97,7,minnow
5389,1.49,13,minnow
5390,0.13,7,minnow
5391,0.61,5,minnow
5392,0.46,5,minnow
5393,0.62,3,minnow
5394,28.03,13,dolphin
5395,7.53,8,minnow
5396,15.55,11,minnow
5397,7.5,3,minnow
5398,18.78,9,minnow
5399,3.47,12,minnow
5400,37.53,20,dolphin
5401,0.46,9,minnow
5402,2.98,9,minnow
5403,0.64,12,minnow
5404,24.21,8,minnow
5405,6.5,7,minnow
5406,22.17,5,minnow
5407,0.35,8,minnow
5408,1.27,9,minnow
5409,0.19,11,minnow
5410,5.92,6,minnow
5411,1.67,10,minnow
5412,11.12,10,minnow
5413,3.49,4,minnow
5414,0.11,5,minnow
5415,0.23,8,minnow
5416,3.79,12,minnow
5417,6.99,11,minnow
5418,0.1,3,minnow
5419,2.91,6,minnow
5420,0.65,13,minnow
5421,0.56,8,minnow
5422,1.16,13,minnow
5423,4.05,10,minnow
5424,1.07,6,minnow
5425,0.14,9,minnow
5426,3.99,5,minnow
5427,1.89,8,minnow
5428,0.74,16,minnow
5429,2.03,8,minnow
5430,1.9,7,minnow
5431,3.56,10,minnow
5432,2.23,8,minnow
5433,4.33,7,minnow
5434,3.07,7,minnow
5435,12.32,10,minnow
5436,41.91,24,dolphin
5437,3.24,11,minnow
5438,1.23,11,minnow
5439,0.33,8,minnow
5440,9.34,7,minnow
5441,0.78,9,minnow
5442,142.04,59,whale
5443,283.35,51,whale
5444,2.36,5,minnow
5445,0.23,11,minnow
5446,9.45,7,minnow
5447,95.4,24,dolphin
5448,0.41,5,minnow
5449,69.19,17,dolphin
5450,0.17,10,minnow
5451,0.32,8,minnow
5452,5.44,6,minnow
5453,16.89,7,minnow
5454,2.99,5,minnow
5455,6.81,5,minnow
5456,19.43,9,minnow
5457,23.39,3,minnow
5458,1.23,13,minnow
5459,0.83,6,minnow
5460,17.92,7,minnow
5461,6.87,6,minnow
5462,8.52,6,minnow
5463,1.15,13,minnow
5464,9.22,8,minnow
5465,0.58,12,minnow
5466,4.93,5,minnow
5467,3.97,9,minnow
5468,4.01,6,minnow
5469,11.59,7,minnow
5470,0.65,5,minnow
5471,9.81,7,minnow
5472,3.43,7,minnow
5473,0.94,13,minnow
5474,0.4,3,minnow
5475,68.16,19,dolphin
5476,2.97,6,minnow
5477,1.88,11,minnow
5478,0.53,6,minnow
5479,18.95,10,minnow
5480,16.74,12,minnow
5481,12.3,7,minnow
5482,3.01,2,minnow
5483,11.05,6,minnow
5484,0.89,8,minnow
5485,4.7,8,minnow
5486,3.04,5,minnow
5487,5.09,10,minnow
5488,0.18,7,minnow
5489,66.12,26,dolphin
5490,44.24,24,dolphin
5491,0.53,7,minnow
5492,8.36,2,minnow
5493,0.31,8,minnow
5494,3.8,3,minnow
5495,0.1,7,minnow
5496,2.08,6,minnow
5497,1.52,7,minnow
5498,21.13,12,minnow
5499,47.92,27,dolphin
5500,49.68,20,dolphin
5501,21.18,9,minnow
5502,3.79,6,minnow
5503,6.18,11,minnow
5504,6.13,8,minnow
5505,0.5,10,minnow
5506,20.77,6,minnow
5507,10.02,7,minnow
5508,10.79,9,minnow
5509,0.09,8,minnow
5510,6.85,13,minnow
5511,16.59,7,minnow
5512,3.24,6,minnow
5513,1.49,5,minnow
5514,0.38,5,minnow
5515,0.33,8,minnow
5516,4.25,7,minnow
5517,2.28,7,minnow
5518,2.23,12,minnow
5519,38.33,30,dolphin
5520,0.45,8,minnow
5521,1.91,8,minnow
5522,49.93,25,dolphin
5523,2.02,6,minnow
5524,3.69,9,minnow
5525,2.51,12,minnow
5526,10.27,3,minnow
5527,0.12,8,minnow
5528,2.4,1,minnow
5529,3.62,4,minnow
5530,0.67,2,minnow
5531,5.75,9,minnow
5532,11.68,10,minnow
5533,6.84,8,minnow
5534,57.22,22,dolphin
5535,1.66,13,minnow
5536,7.37,6,minnow
5537,7.11,7,minnow
5538,2.28,5,minnow
5539,20.36,11,minnow
5540,5.27,7,minnow
5541,0.49,13,minnow
5542,11.03,14,minnow
5543,1.49,6,minnow
5544,1.98,10,minnow
5545,2.23,11,minnow
5546,10.77,11,minnow
5547,18.66,10,minnow
5548,2.57,7,minnow
5549,2.35,8,minnow
5550,0.13,14,minnow
5551,1.07,9,minnow
5552,0.73,7,minnow
5553,5.46,8,minnow
5554,2.8,9,minnow
5555,0.78,8,minnow
5556,4.24,10,minnow
5557,2.98,14,minnow
5558,0.06,11,minnow
5559,19.54,10,minnow
5560,16.73,5,minnow
5561,2.27,5,minnow
5562,5.84,7,minnow
5563,1.97,8,minnow
5564,0.25,9,minnow
5565,105.84,19,dolphin
5566,11.02,8,minnow
5567,14.95,5,minnow
5568,2.11,10,minnow
5569,20.12,6,minnow
5570,0.37,9,minnow
5571,2.24,3,minnow
5572,10.84,5,minnow
5573,1.22,8,minnow
5574,14.26,5,minnow
5575,5.4,8,minnow
5576,4.64,6,minnow
5577,1.05,7,minnow
5578,6.34,5,minnow
5579,73.12,27,dolphin
5580,4.39,7,minnow
5581,8.08,4,minnow
5582,10.23,5,minnow
5583,0.53,5,minnow
5584,2.69,6,minnow
5585,2.56,4,minnow
5586,0.11,9,minnow
5587,11.73,12,minnow
5588,0.75,7,minnow
5589,9.85,13,minnow
5590,0.99,10,minnow
5591,87.13,24,dolphin
5592,2.13,5,minnow
5593,71.8,24,dolphin
5594,2.52,11,minnow
5595,3.05,12,minnow
5596,40.71,21,dolphin
5597,0.76,7,minnow
5598,3.6,7,minnow
5599,7.87,8,minnow
5600,6.33,9,minnow
5601,3.56,7,minnow
5602,2.86,5,minnow
5603,12.86,5,minnow
5604,4.41,6,minnow
5605,15.58,7,minnow
5606,6.22,8,minnow
5607,9.4,16,minnow
5608,20.36,7,minnow
5609,2.02,5,minnow
5610,19.5,8,minnow
5611,2.58,9,minnow
5612,0.35,11,minnow
5613,1.96,11,minnow
5614,1.04,9,minnow
5615,6.05,8,minnow
5616,2.1,9,minnow
5617,4.07,6,minnow
5618,16.82,8,minnow
5619,35.77,24,dolphin
5620,5.3,10,minnow
5621,18.86,6,minnow
5622,2.5,10,minnow
5623,0.27,8,minnow
5624,0.5,14,minnow
5625,2.43,9,minnow
5626,11.86,13,minnow
5627,2.44,7,minnow
5628,22.14,8,minnow
5629,62.22,21,dolphin
5630,0.8,7,minnow
5631,99.46,28,dolphin
5632,0.24,9,minnow
5633,63.95,28,dolphin
5634,3.15,5,minnow
5635,2.29,9,minnow
5636,3.28,6,minnow
5637,0.92,13,minnow
5638,36.69,32,dolphin
5639,1.1,7,minnow
5640,1.35,8,minnow
5641,0.37,6,minnow
5642,1.03,11,minnow
5643,1.08,5,minnow
5644,0.97,11,minnow
5645,2.51,7,minnow
5646,0.56,9,minnow
5647,42.57,31,dolphin
5648,2.6,7,minnow
5649,6.04,11,minnow
5650,13.18,8,minnow
5651,84.77,22,dolphin
5652,14.24,8,minnow
5653,2.23,7,minnow
5654,0.6,10,minnow
5655,5.7,12,minnow
5656,18.17,12,minnow
5657,4.17,8,minnow
5658,3.69,7,minnow
5659,4.67,9,minnow
5660,0.17,6,minnow
5661,4.2,9,minnow
5662,10.71,14,minnow
5663,3.09,6,minnow
5664,20.04,6,minnow
5665,21.14,9,minnow
5666,1.48,5,minnow
5667,6.73,8,minnow
5668,3.56,5,minnow
5669,0.13,8,minnow
5670,2.46,5,minnow
5671,0.64,9,minnow
5672,4.11,10,minnow
5673,9.9,12,minnow
5674,2.34,13,minnow
5675,0.79,9,minnow
5676,4.83,5,minnow
5677,165.66,37,whale
5678,0.1,8,minnow
5679,4.82,7,minnow
5680,1.39,5,minnow
5681,1.68,10,minnow
5682,2.81,5,minnow
5683,1.91,4,minnow
5684,8.7,8,minnow
5685,2.25,8,minnow
5686,0.1,8,minnow
5687,25.73,29,dolphin
5688,20.22,4,minnow
5689,1.26,10,minnow
5690,3.6,4,minnow
5691,23.29,13,minnow
5692,17.34,6,minnow
5693,29.13,21,dolphin
5694,6.04,9,minnow
5695,11.37,7,minnow
5696,31.63,18,dolphin
5697,1.92,4,minnow
5698,6.72,10,minnow
5699,0.11,5,minnow
5700,0.27,15,minnow
5701,7.39,14,minnow
5702,9.43,5,minnow
5703,1.79,9,minnow
5704,1.26,6,minnow
5705,1.88,7,minnow
5706,4.51,7,minnow
5707,0.08,6,minnow
5708,6.99,9,minnow
5709,3.5,3,minnow
5710,4.93,5,minnow
5711,2.72,9,minnow
5712,0.36,5,minnow
5713,0.57,6,minnow
5714,38.0,24,dolphin
5715,1.19,5,minnow
5716,12.09,5,minnow
5717,0.59,13,minnow
5718,3.24,6,minnow
5719,1.64,9,minnow
5720,2.1,6,minnow
5721,1.93,8,minnow
5722,33.46,26,dolphin
5723,72.53,23,dolphin
5724,4.86,6,minnow
5725,1.72,4,minnow
5726,0.4,6,minnow
5727,0.35,6,minnow
5728,33.75,34,dolphin
5729,0.32,8,minnow
5730,1.64,10,minnow
5731,4.26,7,minnow
5732,0.05,7,minnow
5733,0.45,12,minnow
5734,0.39,13,minnow
5735,1.14,7,minnow
5736,5.02,8,minnow
5737,17.19,11,minnow
5738,1.15,10,minnow
5739,1.59,9,minnow
5740,2.74,9,minnow
5741,0.91,9,minnow
5742,6.48,10,minnow
5743,6.81,7,minnow
5744,0.04,6,minnow
5745,9.24,7,minnow
5746,4.07,11,minnow
5747,5.02,9,minnow
5748,21.92,9,minnow
5749,0.19,10,minnow
5750,0.45,8,minnow
5751,2.97,11,minnow
5752,0.08,7,minnow
5753,2.37,11,minnow
5754,12.85,16,minnow
5755,6.26,9,minnow
5756,3.77,11,minnow
5757,2.29,9,minnow
5758,1.67,3,minnow
5759,1.53,5,minnow
5760,4.79,6,minnow
5761,0.28,6,minnow
5762,34.5,22,dolphin
5763,1.02,6,minnow
5764,8.1,11,minnow
5765,3.78,12,minnow
5766,0.52,10,minnow
5767,26.27,20,dolphin
5768,18.73,6,minnow
5769,0.27,6,minnow
5770,2.95,8,minnow
5771,4.63,6,minnow
5772,0.12,6,minnow
5773,0.11,3,minnow
5774,0.87,4,minnow
5775,0.41,5,minnow
5776,0.63,13,minnow
5777,0.41,10,minnow
5778,2.73,6,minnow
5779,0.8,8,minnow
5780,19.73,10,minnow
5781,4.43,9,minnow
5782,11.83,13,minnow
5783,0.22,3,minnow
5784,1.22,10,minnow
5785,4.13,6,minnow
5786,6.85,6,minnow
5787,1.18,3,minnow
5788,1.49,7,minnow
5789,1.77,5,minnow
5790,2.06,7,minnow
5791,105.92,20,dolphin
5792,5.48,6,minnow
5793,3.54,9,minnow
5794,0.44,4,minnow
5795,0.46,8,minnow
5796,2.36,11,minnow
5797,20.26,10,minnow
5798,2.41,9,minnow
5799,2.59,11,minnow
5800,1.01,10,minnow
5801,0.2,11,minnow
5802,6.68,3,minnow
5803,2.21,9,minnow
5804,6.78,7,minnow
5805,4.25,6,minnow
5806,0.71,10,minnow
5807,4.76,2,minnow
5808,0.42,7,minnow
5809,4.7,8,minnow
5810,3.0,12,minnow
5811,39.05,25,dolphin
5812,0.83,7,minnow
5813,0.4,8,minnow
5814,1.71,8,minnow
5815,8.8,7,minnow
5816,0.04,9,minnow
5817,13.48,10,minnow
5818,2.38,7,minnow
5819,0.53,4,minnow
5820,1.84,9,minnow
5821,1.01,6,minnow
5822,0.47,11,minnow
5823,0.15,8,minnow
5824,10.68,11,minnow
5825,1.36,12,minnow
5826,1.77,7,minnow
5827,12.83,5,minnow
5828,3.63,8,minnow
5829,0.27,9,minnow
5830,9.74,5,minnow
5831,35.66,22,dolphin
5832,7.43,9,minnow
5833,0.83,8,minnow
5834,0.31,5,minnow
5835,0.78,5,minnow
5836,3.92,12,minnow
5837,32.53,25,dolphin
5838,0.99,3,minnow
5839,1.18,5,minnow
5840,17.02,12,minnow
5841,1.66,9,minnow
5842,51.54,22,dolphin
5843,2.62,21,minnow
5844,21.51,8,minnow
5845,6.13,4,minnow
5846,10.29,13,minnow
5847,2.5,6,minnow
5848,2.78,4,minnow
5849,6.49,8,minnow
5850,11.91,7,minnow
5851,7.7,12,minnow
5852,0.2,11,minnow
5853,5.01,10,minnow
5854,1.16,6,minnow
5855,1.39,8,minnow
5856,6.9,8,minnow
5857,50.23,30,dolphin
5858,2.29,10,minnow
5859,77.99,25,dolphin
5860,0.57,13,minnow
5861,23.83,8,minnow
5862,6.61,9,minnow
5863,4.64,5,minnow
5864,30.36,34,dolphin
5865,1.2,10,minnow
5866,25.64,16,dolphin
5867,2.38,5,minnow
5868,1.19,4,minnow
5869,0.4,6,minnow
5870,41.95,27,dolphin
5871,20.61,10,minnow
5872,1.55,6,minnow
5873,7.95,8,minnow
5874,4.07,12,minnow
5875,1.89,6,minnow
5876,15.54,13,minnow
5877,1.22,9,minnow
5878,0.1,5,minnow
5879,5.03,5,minnow
5880,3.69,12,minnow
5881,1.29,8,minnow
5882,0.8,8,minnow
5883,0.27,6,minnow
5884,1.86,14,minnow
5885,0.82,10,minnow
5886,15.53,9,minnow
5887,7.59,7,minnow
5888,1.53,7,minnow
5889,7.66,9,minnow
5890,2.8,11,minnow
5891,2.16,10,minnow
5892,3.04,12,minnow
5893,56.49,23,dolphin
5894,9.3,3,minnow
5895,2.06,6,minnow
5896,13.88,8,minnow
5897,13.1,13,minnow
5898,5.03,8,minnow
5899,1.96,8,minnow
5900,1.77,11,minnow
5901,0.59,3,minnow
5902,4.43,5,minnow
5903,1.25,7,minnow
5904,1.65,8,minnow
5905,9.01,5,minnow
5906,49.38,30,dolphin
5907,6.04,5,minnow
5908,2.81,13,minnow
5909,3.22,9,minnow
5910,20.51,10,minnow
5911,6.17,13,minnow
5912,4.53,7,minnow
5913,5.07,5,minnow
5914,0.34,8,minnow
5915,6.2,7,minnow
5916,0.82,14,minnow
5917,6.24,7,minnow
5918,1.02,5,minnow
5919,8.55,10,minnow
5920,2.6,7,minnow
5921,0.53,3,minnow
5922,2.09,10,minnow
5923,113.23,25,dolphin
5924,0.09,9,minnow
5925,4.33,12,minnow
5926,0.66,10,minnow
5927,30.05,26,dolphin
5928,12.26,8,minnow
5929,4.47,11,minnow
5930,14.41,7,minnow
5931,4.91,10,minnow
5932,3.35,5,minnow
5933,1.27,11,minnow
5934,1.86,11,minnow
5935,1.58,10,minnow
5936,3.38,12,minnow
5937,0.16,5,minnow
5938,17.24,11,minnow
5939,74.81,27,dolphin
5940,1.66,14,minnow
5941,21.76,5,minnow
5942,2.68,6,minnow
5943,1.27,2,minnow
5944,1.8,12,minnow
5945,3.81,9,minnow
5946,1.05,4,minnow
5947,8.76,4,minnow
5948,1.45,13,minnow
5949,0.6,7,minnow
5950,3.22,9,minnow
5951,1.09,6,minnow
5952,1.97,6,minnow
5953,3.04,8,minnow
5954,0.39,5,minnow
5955,34.27,27,dolphin
5956,12.19,3,minnow
5957,1.21,5,minnow
5958,3.22,3,minnow
5959,9.18,6,minnow
5960,4.64,5,minnow
5961,67.21,31,dolphin
5962,2.27,8,minnow
5963,22.25,14,minnow
5964,0.39,9,minnow
5965,0.5,4,minnow
5966,49.16,21,dolphin
5967,1.66,4,minnow
5968,0.51,11,minnow
5969,3.08,9,minnow
5970,25.09,16,dolphin
5971,0.98,9,minnow
5972,3.11,10,minnow
5973,0.17,9,minnow
5974,1.57,4,minnow
5975,16.37,9,minnow
5976,0.95,7,minnow
5977,0.43,5,minnow
5978,0.96,5,minnow
5979,1.25,8,minnow
5980,11.29,11,minnow
5981,6.1,7,minnow
5982,8.3,5,minnow
5983,3.47,6,minnow
5984,1.23,6,minnow
5985,0.96,7,minnow
5986,6.63,9,minnow
5987,42.2,23,dolphin
5988,0.74,8,minnow
5989,0.65,7,minnow
5990,0.54,9,minnow
5991,12.56,10,minnow
5992,3.1,10,minnow
5993,8.07,10,minnow
5994,1.47,11,minnow
5995,8.93,3,minnow
5996,2.1,5,minnow
5997,0.28,10,minnow
5998,14.54,10,minnow
5999,3.13,9,minnow
6000,2.02,4,minnow
6001,5.21,13,minnow
6002,0.33,11,minnow
6003,6.61,4,minnow
6004,1.28,10,minnow
6005,2.59,7,minnow
6006,20.55,11,minnow
6007,9.28,15,minnow
6008,2.5,10,minnow
6009,2.82,9,minnow
6010,0.06,7,minnow
6011,0.89,10,minnow
6012,4.34,4,minnow
6013,0.98,9,minnow
6014,0.4,11,minnow
6015,7.16,8,minnow
6016,26.85,23,dolphin
6017,1.05,10,minnow
6018,13.46,8,minnow
6019,10.59,4,minnow
6020,0.7,10,minnow
6021,1.04,6,minnow
6022,59.44,40,dolphin
6023,0.56,8,minnow
6024,1.25,13,minnow
6025,77.11,30,dolphin
6026,1.34,8,minnow
6027,28.93,17,dolphin
6028,0.65,5,minnow
6029,4.14,7,minnow
6030,18.87,12,minnow
6031,1.57,9,minnow
6032,3.89,13,minnow
6033,10.93,10,minnow
6034,0.78,10,minnow
6035,119.65,31,dolphin
6036,17.47,4,minnow
6037,1.87,9,minnow
6038,2.28,11,minnow
6039,70.72,24,dolphin
6040,1.88,4,minnow
6041,1.56,9,minnow
6042,20.78,4,minnow
6043,0.35,7,minnow
6044,2.93,8,minnow
6045,3.8,4,minnow
6046,1.08,6,minnow
6047,0.27,8,minnow
6048,3.71,6,minnow
6049,9.99,6,minnow
6050,1.12,9,minnow
6051,0.5,6,minnow
6052,24.77,8,minnow
6053,7.73,8,minnow
6054,1.86,9,minnow
6055,14.49,10,minnow
6056,4.89,2,minnow
6057,58.13,27,dolphin
6058,9.61,13,minnow
6059,0.36,13,minnow
6060,1.16,5,minnow
6061,1.25,13,minnow
6062,5.45,7,minnow
6063,2.04,9,minnow
6064,0.55,6,minnow
6065,8.52,3,minnow
6066,16.45,9,minnow
6067,2.82,13,minnow
6068,4.64,9,minnow
6069,0.71,3,minnow
6070,1.44,4,minnow
6071,1.54,6,minnow
6072,8.12,9,minnow
6073,5.0,8,minnow
6074,1.96,10,minnow
6075,1.84,6,minnow
6076,0.14,6,minnow
6077,43.35,21,dolphin
6078,0.12,8,minnow
6079,6.52,11,minnow
6080,3.53,6,minnow
6081,2.17,5,minnow
6082,3.28,7,minnow
6083,1.15,7,minnow
6084,9.44,2,minnow
6085,0.41,5,minnow
6086,5.61,9,minnow
6087,1.12,3,minnow
6088,1.68,7,minnow
6089,1.75,10,minnow
6090,2.55,8,minnow
6091,7.41,6,minnow
6092,3.14,7,minnow
6093,14.77,10,minnow
6094,17.67,14,minnow
6095,5.44,8,minnow
6096,9.9,8,minnow
6097,84.77,21,dolphin
6098,0.35,11,minnow
6099,18.58,11,minnow
6100,39.32,28,dolphin
6101,6.65,4,minnow
6102,69.86,25,dolphin
6103,56.71,17,dolphin
6104,1.94,8,minnow
6105,2.19,10,minnow
6106,7.76,4,minnow
6107,1.22,7,minnow
6108,254.16,49,whale
6109,11.73,9,minnow
6110,3.58,8,minnow
6111,0.35,9,minnow
6112,4.97,10,minnow
6113,0.5,5,minnow
6114,11.2,8,minnow
6115,0.06,8,minnow
6116,30.39,34,dolphin
6117,1.68,11,minnow
6118,0.22,3,minnow
6119,3.23,6,minnow
6120,3.41,9,minnow
6121,3.0,12,minnow
6122,30.19,26,dolphin
6123,6.11,4,minnow
6124,11.87,5,minnow
6125,2.23,11,minnow
6126,6.57,8,minnow
6127,0.41,4,minnow
6128,5.02,4,minnow
6129,0.99,12,minnow
6130,27.42,22,dolphin
6131,3.75,10,minnow
6132,9.59,3,minnow
6133,5.05,13,minnow
6134,59.74,21,dolphin
6135,0.27,8,minnow
6136,2.77,9,minnow
6137,0.71,8,minnow
6138,0.13,6,minnow
6139,0.64,3,minnow
6140,21.66,7,minnow
6141,3.16,14,minnow
6142,2.34,10,minnow
6143,11.45,11,minnow
6144,3.99,6,minnow
6145,8.86,10,minnow
6146,5.57,13,minnow
6147,7.91,7,minnow
6148,1.62,8,minnow
6149,17.73,7,minnow
6150,0.48,12,minnow
6151,2.89,11,minnow
6152,19.2,3,minnow
6153,2.59,5,minnow
6154,1.67,7,minnow
6155,129.22,34,dolphin
6156,32.13,22,dolphin
6157,4.16,6,minnow
6158,0.7,7,minnow
6159,0.13,9,minnow
6160,10.32,6,minnow
6161,25.16,35,dolphin
6162,6.25,9,minnow
6163,0.21,4,minnow
6164,4.29,5,minnow
6165,1.52,3,minnow
6166,4.3,4,minnow
6167,74.4,22,dolphin
6168,11.74,5,minnow
6169,8.35,7,minnow
6170,3.09,6,minnow
6171,6.44,9,minnow
6172,1.04,9,minnow
6173,8.07,10,minnow
6174,2.44,9,minnow
6175,0.89,9,minnow
6176,12.23,14,minnow
6177,0.09,10,minnow
6178,1.39,8,minnow
6179,8.86,7,minnow
6180,23.55,9,minnow
6181,7.06,11,minnow
6182,1.13,8,minnow
6183,3.06,11,minnow
6184,5.29,2,minnow
6185,40.32,23,dolphin
6186,14.48,5,minnow
6187,14.65,8,minnow
6188,3.69,5,minnow
6189,0.6,7,minnow
6190,0.35,12,minnow
6191,2.05,8,minnow
6192,10.17,12,minnow
6193,1.49,13,minnow
6194,8.29,6,minnow
6195,0.93,11,minnow
6196,1.19,3,minnow
6197,31.59,27,dolphin
6198,11.32,8,minnow
6199,2.03,4,minnow
6200,0.88,10,minnow
6201,15.15,7,minnow
6202,13.5,4,minnow
6203,9.23,10,minnow
6204,2.5,10,minnow
6205,0.58,7,minnow
6206,3.24,12,minnow
6207,31.57,25,dolphin
6208,0.78,4,minnow
6209,3.58,6,minnow
6210,45.48,20,dolphin
6211,2.04,9,minnow
6212,2.71,7,minnow
6213,0.38,7,minnow
6214,9.0,11,minnow
6215,1.02,14,minnow
6216,0.28,5,minnow
6217,0.72,7,minnow
6218,4.63,3,minnow
6219,0.26,13,minnow
6220,0.36,11,minnow
6221,8.12,8,minnow
6222,2.96,4,minnow
6223,0.77,6,minnow
6224,1.99,6,minnow
6225,53.57,31,dolphin
6226,25.81,23,dolphin
6227,2.8,8,minnow
6228,12.25,5,minnow
6229,4.03,3,minnow
6230,0.19,11,minnow
6231,0.15,12,minnow
6232,0.77,6,minnow
6233,0.27,8,minnow
6234,5.13,6,minnow
6235,1.38,16,minnow
6236,6.56,4,minnow
6237,6.72,2,minnow
6238,10.01,11,minnow
6239,0.75,5,minnow
6240,7.58,14,minnow
6241,0.72,12,minnow
6242,10.36,9,minnow
6243,23.48,3,minnow
6244,10.56,5,minnow
6245,2.5,12,minnow
6246,8.22,5,minnow
6247,0.29,9,minnow
6248,0.2,7,minnow
6249,7.01,6,minnow
6250,26.91,18,dolphin
6251,0.46,7,minnow
6252,3.4,9,minnow
6253,6.7,10,minnow
6254,1.24,10,minnow
6255,1.93,7,minnow
6256,8.86,4,minnow
6257,3.95,12,minnow
6258,3.98,11,minnow
6259,0.69,7,minnow
6260,3.16,9,minnow
6261,1.76,4,minnow
6262,1.91,6,minnow
6263,1.4,11,minnow
6264,3.18,9,minnow
6265,0.83,6,minnow
6266,3.38,8,minnow
6267,1.85,6,minnow
6268,0.75,9,minnow
6269,0.15,5,minnow
6270,15.12,10,minnow
6271,10.96,6,minnow
6272,0.92,5,minnow
6273,9.88,9,minnow
6274,0.64,7,minnow
6275,2.03,5,minnow
6276,1.42,6,minnow
6277,2.13,11,minnow
6278,9.34,8,minnow
6279,1.75,8,minnow
6280,1.93,6,minnow
6281,10.9,11,minnow
6282,3.66,10,minnow
6283,1.29,9,minnow
6284,4.88,11,minnow
6285,16.25,7,minnow
6286,17.98,9,minnow
6287,0.4,10,minnow
6288,0.43,8,minnow
6289,16.42,4,minnow
6290,2.1,6,minnow
6291,0.1,13,minnow
6292,1.03,6,minnow
6293,1.64,14,minnow
6294,2.01,7,minnow
6295,11.29,9,minnow
6296,0.75,9,minnow
6297,14.83,11,minnow
6298,5.24,12,minnow
6299,0.42,6,minnow
6300,1.99,9,minnow
6301,7.33,12,minnow
6302,3.54,6,minnow
6303,6.09,11,minnow
6304,1.3,10,minnow
6305,8.07,7,minnow
6306,1.75,6,minnow
6307,195.17,49,whale
6308,0.4,3,minnow
6309,248.82,33,whale
6310,0.72,11,minnow
6311,25.38,20,dolphin
6312,12.48,9,minnow
6313,0.77,6,minnow
6314,8.66,9,minnow
6315,1.5,5,minnow
6316,5.15,9,minnow
6317,4.21,9,minnow
6318,1.9,6,minnow
6319,1.66,10,minnow
6320,5.73,7,minnow
6321,0.78,11,minnow
6322,0.83,12,minnow
6323,15.3,5,minnow
6324,6.59,16,minnow
6325,0.41,6,minnow
6326,0.67,5,minnow
6327,0.11,7,minnow
6328,14.23,12,minnow
6329,9.99,12,minnow
6330,0.58,11,minnow
6331,9.39,7,minnow
6332,79.58,21,dolphin
6333,0.28,13,minnow
6334,1.24,6,minnow
6335,0.27,11,minnow
6336,15.14,9,minnow
6337,2.85,9,minnow
6338,1.76,7,minnow
6339,4.78,8,minnow
6340,1.36,9,minnow
6341,1.75,9,minnow
6342,5.15,7,minnow
6343,1.25,9,minnow
6344,1.57,9,minnow
6345,2.58,9,minnow
6346,3.84,8,minnow
6347,8.69,9,minnow
6348,8.44,7,minnow
6349,0.3,3,minnow
6350,31.59,25,dolphin
6351,3.65,5,minnow
6352,1.95,11,minnow
6353,0.78,4,minnow
6354,80.05,22,dolphin
6355,144.86,53,whale
6356,65.75,21,dolphin
6357,4.03,10,minnow
6358,5.76,10,minnow
6359,36.08,29,dolphin
6360,2.26,7,minnow
6361,7.89,8,minnow
6362,4.78,10,minnow
6363,71.52,28,dolphin
6364,33.05,27,dolphin
6365,2.66,8,minnow
6366,38.09,28,dolphin
6367,3.3,2,minnow
6368,1.39,12,minnow
6369,2.1,7,minnow
6370,4.2,5,minnow
6371,0.95,12,minnow
6372,1.45,7,minnow
6373,0.33,4,minnow
6374,0.89,4,minnow
6375,4.83,10,minnow
6376,17.59,6,minnow
6377,14.33,9,minnow
6378,6.6,4,minnow
6379,0.29,11,minnow
6380,0.84,11,minnow
6381,2.42,8,minnow
6382,15.5,8,minnow
6383,1.36,11,minnow
6384,0.47,4,minnow
6385,33.69,17,dolphin
6386,1.02,6,minnow
6387,0.55,6,minnow
6388,4.78,3,minnow
6389,3.06,8,minnow
6390,1.49,6,minnow
6391,3.32,12,minnow
6392,0.75,10,minnow
6393,1.46,5,minnow
6394,3.13,11,minnow
6395,0.13,13,minnow
6396,15.3,9,minnow
6397,0.37,6,minnow
6398,0.74,6,minnow
6399,16.45,9,minnow
6400,8.26,7,minnow
6401,3.82,5,minnow
6402,0.22,10,minnow
6403,1.26,7,minnow
6404,2.35,7,minnow
6405,2.64,10,minnow
6406,20.62,9,minnow
6407,80.71,23,dolphin
6408,8.88,4,minnow
6409,1.41,7,minnow
6410,23.17,10,minnow
6411,1.29,11,minnow
6412,0.05,8,minnow
6413,0.45,6,minnow
6414,0.07,11,minnow
6415,1.8,5,minnow
6416,2.5,7,minnow
6417,0.26,7,minnow
6418,0.85,11,minnow
6419,0.34,7,minnow
6420,2.71,14,minnow
6421,0.85,7,minnow
6422,16.71,6,minnow
6423,4.36,7,minnow
6424,43.28,22,dolphin
6425,1.6,7,minnow
6426,102.62,23,dolphin
6427,3.33,10,minnow
6428,1.43,14,minnow
6429,156.64,42,whale
6430,0.18,4,minnow
6431,1.37,10,minnow
6432,0.23,11,minnow
6433,0.18,9,minnow
6434,0.12,10,minnow
6435,8.91,8,minnow
6436,0.4,10,minnow
6437,2.21,6,minnow
6438,13.83,9,minnow
6439,6.97,7,minnow
6440,6.44,4,minnow
6441,23.15,7,minnow
6442,43.6,22,dolphin
6443,0.45,8,minnow
6444,7.19,7,minnow
6445,2.15,12,minnow
6446,2.63,5,minnow
6447,0.3,9,minnow
6448,1.42,14,minnow
6449,1.69,14,minnow
6450,32.73,24,dolphin
6451,0.52,6,minnow
6452,0.07,6,minnow
6453,3.29,14,minnow
6454,0.44,5,minnow
6455,2.66,7,minnow
6456,9.56,6,minnow
6457,2.83,6,minnow
6458,1.67,4,minnow
6459,2.58,7,minnow
6460,12.88,5,minnow
6461,0.52,8,minnow
6462,10.65,13,minnow
6463,0.67,5,minnow
6464,8.7,6,minnow
6465,0.28,7,minnow
6466,7.91,10,minnow
6467,2.82,8,minnow
6468,3.87,4,minnow
6469,15.4,4,minnow
6470,0.89,7,minnow
6471,3.19,10,minnow
6472,5.39,16,minnow
6473,2.06,6,minnow
6474,10.45,8,minnow
6475,5.63,8,minnow
6476,1.31,7,minnow
6477,24.96,6,minnow
6478,8.16,11,minnow
6479,0.86,12,minnow
6480,0.85,7,minnow
6481,2.34,7,minnow
6482,6.79,7,minnow
6483,0.1,11,minnow
6484,0.92,9,minnow
6485,1.32,10,minnow
6486,0.33,4,minnow
6487,0.65,7,minnow
6488,4.14,8,minnow
6489,1.52,6,minnow
6490,1.72,7,minnow
6491,0.37,12,minnow
6492,2.36,4,minnow
6493,0.3,8,minnow
6494,34.28,28,dolphin
6495,54.02,24,dolphin
6496,1.56,6,minnow
6497,0.55,9,minnow
6498,13.03,5,minnow
6499,8.57,7,minnow
6500,66.66,29,dolphin
6501,102.08,19,dolphin
6502,0.13,2,minnow
6503,21.2,9,minnow
6504,2.33,11,minnow
6505,7.99,12,minnow
6506,11.53,5,minnow
6507,10.78,7,minnow
6508,16.45,7,minnow
6509,1.35,4,minnow
6510,0.72,6,minnow
6511,22.18,6,minnow
6512,0.82,5,minnow
6513,65.25,19,dolphin
6514,0.98,6,minnow
6515,1.81,5,minnow
6516,2.45,8,minnow
6517,0.28,8,minnow
6518,0.28,11,minnow
6519,14.29,12,minnow
6520,0.21,10,minnow
6521,187.07,59,whale
6522,2.86,8,minnow
6523,0.64,4,minnow
6524,6.5,8,minnow
6525,0.06,8,minnow
6526,1.95,8,minnow
6527,2.39,11,minnow
6528,0.44,8,minnow
6529,1.21,8,minnow
6530,38.15,12,dolphin
6531,4.45,12,minnow
6532,6.29,9,minnow
6533,0.94,6,minnow
6534,0.4,7,minnow
6535,2.26,7,minnow
6536,0.07,10,minnow
6537,0.57,7,minnow
6538,0.45,7,minnow
6539,0.13,6,minnow
6540,9.38,10,minnow
6541,2.69,7,minnow
6542,1.23,11,minnow
6543,9.71,8,minnow
6544,0.24,5,minnow
6545,0.39,10,minnow
6546,19.84,11,minnow
6547,127.77,23,dolphin
6548,9.92,5,minnow
6549,7.06,7,minnow
6550,1.31,9,minnow
6551,1.36,7,minnow
6552,4.78,8,minnow
6553,29.86,8,dolphin
6554,6.57,9,minnow
6555,15.37,12,minnow
6556,0.77,10,minnow
6557,8.91,10,minnow
6558,1.13,8,minnow
6559,4.15,13,minnow
6560,8.89,7,minnow
6561,1.42,7,minnow
6562,0.65,8,minnow
6563,5.93,9,minnow
6564,2.68,12,minnow
6565,4.13,5,minnow
6566,9.5,7,minnow
6567,26.89,27,dolphin
6568,9.59,5,minnow
6569,7.78,7,minnow
6570,1.49,7,minnow
6571,1.91,7,minnow
6572,6.87,13,minnow
6573,1.86,8,minnow
6574,6.82,6,minnow
6575,0.9,8,minnow
6576,72.74,20,dolphin
6577,4.53,7,minnow
6578,4.07,9,minnow
6579,1.53,9,minnow
6580,70.87,28,dolphin
6581,0.45,8,minnow
6582,1.08,5,minnow
6583,13.01,15,minnow
6584,4.87,5,minnow
6585,1.32,4,minnow
6586,1.38,4,minnow
6587,2.08,8,minnow
6588,3.91,5,minnow
6589,39.88,29,dolphin
6590,8.74,11,minnow
6591,17.07,4,minnow
6592,1.66,12,minnow
6593,7.58,9,minnow
6594,0.28,5,minnow
6595,4.44,7,minnow
6596,4.01,5,minnow
6597,61.21,20,dolphin
6598,40.13,28,dolphin
6599,2.2,8,minnow
6600,0.9,8,minnow
6601,0.94,13,minnow
6602,2.07,4,minnow
6603,26.65,31,dolphin
6604,6.45,4,minnow
6605,7.61,5,minnow
6606,12.16,8,minnow
6607,0.68,8,minnow
6608,1.07,9,minnow
6609,7.63,6,minnow
6610,0.95,5,minnow
6611,0.29,10,minnow
6612,0.59,8,minnow
6613,17.94,6,minnow
6614,1.82,5,minnow
6615,4.77,9,minnow
6616,0.64,3,minnow
6617,6.09,11,minnow
6618,2.16,7,minnow
6619,6.78,6,minnow
6620,1.55,9,minnow
6621,7.44,10,minnow
6622,1.43,7,minnow
6623,2.92,10,minnow
6624,2.15,9,minnow
6625,3.46,5,minnow
6626,5.19,11,minnow
6627,1.5,7,minnow
6628,2.74,12,minnow
6629,4.47,10,minnow
6630,7.48,9,minnow
6631,2.94,6,minnow
6632,0.8,4,minnow
6633,3.81,8,minnow
6634,9.7,15,minnow
6635,0.39,5,minnow
6636,0.4,18,minnow
6637,1.15,8,minnow
6638,2.44,14,minnow
6639,0.1,12,minnow
6640,8.32,3,minnow
6641,2.48,7,minnow
6642,0.08,6,minnow
6643,0.56,8,minnow
6644,2.05,18,minnow
6645,0.19,7,minnow
6646,15.69,16,minnow
6647,4.48,6,minnow
6648,9.83,10,minnow
6649,0.64,12,minnow
6650,6.41,5,minnow
6651,1.15,9,minnow
6652,2.44,7,minnow
6653,5.84,8,minnow
6654,2.97,10,minnow
6655,12.1,8,minnow
6656,4.15,7,minnow
6657,1.58,10,minnow
6658,12.79,10,minnow
6659,17.92,6,minnow
6660,3.82,15,minnow
6661,28.16,21,dolphin
6662,2.28,10,minnow
6663,2.71,6,minnow
6664,3.34,7,minnow
6665,2.7,6,minnow
6666,2.02,3,minnow
6667,1.06,7,minnow
6668,0.68,6,minnow
6669,3.96,7,minnow
6670,22.59,6,minnow
6671,12.22,9,minnow
6672,6.18,7,minnow
6673,24.5,9,minnow
6674,3.42,9,minnow
6675,0.68,8,minnow
6676,1.9,6,minnow
6677,3.01,8,minnow
6678,1.46,7,minnow
6679,8.81,2,minnow
6680,14.83,12,minnow
6681,0.21,13,minnow
6682,2.63,4,minnow
6683,0.03,8,minnow
6684,2.87,10,minnow
6685,2.82,7,minnow
6686,56.94,25,dolphin
6687,35.23,24,dolphin
6688,14.76,13,minnow
6689,0.71,11,minnow
6690,0.65,7,minnow
6691,0.57,9,minnow
6692,38.19,29,dolphin
6693,0.77,11,minnow
6694,1.79,6,minnow
6695,0.79,8,minnow
6696,0.44,6,minnow
6697,5.65,14,minnow
6698,4.24,13,minnow
6699,0.09,3,minnow
6700,0.41,7,minnow
6701,4.99,9,minnow
6702,2.96,11,minnow
6703,1.75,7,minnow
6704,8.75,13,minnow
6705,0.33,7,minnow
6706,1.28,8,minnow
6707,7.61,9,minnow
6708,1.17,11,minnow
6709,5.47,12,minnow
6710,0.53,12,minnow
6711,0.89,4,minnow
6712,0.19,3,minnow
6713,0.12,6,minnow
6714,1.55,9,minnow
6715,6.82,11,minnow
6716,2.76,9,minnow
6717,21.25,12,minnow
6718,1.77,12,minnow
6719,0.11,10,minnow
6720,5.76,9,minnow
6721,0.59,9,minnow
6722,4.06,9,minnow
6723,0.09,14,minnow
6724,2.14,11,minnow
6725,10.22,7,minnow
6726,8.4,13,minnow
6727,2.22,6,minnow
6728,3.06,8,minnow
6729,1.5,12,minnow
6730,2.06,10,minnow
6731,9.05,6,minnow
6732,1.0,16,minnow
6733,1.17,9,minnow
6734,0.27,7,minnow
6735,9.34,6,minnow
6736,1.99,10,minnow
6737,0.44,9,minnow
6738,12.38,4,minnow
6739,2.82,9,minnow
6740,0.93,7,minnow
6741,12.69,14,minnow
6742,1.76,5,minnow
6743,0.25,8,minnow
6744,14.1,5,minnow
6745,0.79,8,minnow
6746,381.89,59,whale
6747,1.49,10,minnow
6748,0.12,9,minnow
6749,50.39,30,dolphin
6750,2.78,10,minnow
6751,4.58,2,minnow
6752,5.61,13,minnow
6753,0.35,5,minnow
6754,0.1,6,minnow
6755,69.34,23,dolphin
6756,0.25,10,minnow
6757,41.84,27,dolphin
6758,7.07,7,minnow
6759,4.03,7,minnow
6760,1.44,10,minnow
6761,122.41,29,dolphin
6762,1.0,11,minnow
6763,1.05,9,minnow
6764,8.94,9,minnow
6765,1.04,7,minnow
6766,0.6,9,minnow
6767,2.78,4,minnow
6768,9.16,9,minnow
6769,61.71,25,dolphin
6770,85.52,24,dolphin
6771,0.17,11,minnow
6772,16.18,10,minnow
6773,0.63,10,minnow
6774,0.68,6,minnow
6775,1.29,7,minnow
6776,1.16,13,minnow
6777,0.55,4,minnow
6778,0.07,12,minnow
6779,30.93,23,dolphin
6780,12.87,11,minnow
6781,2.98,7,minnow
6782,0.65,6,minnow
6783,22.07,3,minnow
6784,2.76,4,minnow
6785,1.22,9,minnow
6786,0.22,10,minnow
6787,7.24,3,minnow
6788,1.79,9,minnow
6789,4.65,9,minnow
6790,4.01,9,minnow
6791,8.46,13,minnow
6792,4.33,12,minnow
6793,1.88,12,minnow
6794,7.44,7,minnow
6795,14.02,7,minnow
6796,36.36,34,dolphin
6797,0.51,6,minnow
6798,18.16,10,minnow
6799,0.24,12,minnow
6800,15.53,8,minnow
6801,1.19,11,minnow
6802,11.78,10,minnow
6803,33.39,22,dolphin
6804,4.42,6,minnow
6805,3.08,4,minnow
6806,2.84,7,minnow
6807,1.56,4,minnow
6808,20.07,6,minnow
6809,2.79,10,minnow
6810,0.1,6,minnow
6811,13.66,3,minnow
6812,12.56,11,minnow
6813,3.56,5,minnow
6814,0.94,13,minnow
6815,0.52,10,minnow
6816,0.95,8,minnow
6817,4.56,6,minnow
6818,0.17,6,minnow
6819,6.55,5,minnow
6820,3.73,9,minnow
6821,26.04,25,dolphin
6822,10.2,8,minnow
6823,1.04,11,minnow
6824,0.22,3,minnow
6825,0.89,11,minnow
6826,30.26,31,dolphin
6827,5.32,8,minnow
6828,8.63,4,minnow
6829,1.21,11,minnow
6830,7.21,6,minnow
6831,0.29,8,minnow
6832,14.83,7,minnow
6833,0.52,10,minnow
6834,0.14,3,minnow
6835,123.93,27,dolphin
6836,4.12,7,minnow
6837,3.94,13,minnow
6838,0.17,5,minnow
6839,8.99,4,minnow
6840,13.7,6,minnow
6841,2.41,13,minnow
6842,13.79,3,minnow
6843,21.6,6,minnow
6844,7.7,14,minnow
6845,0.1,9,minnow
6846,0.53,12,minnow
6847,49.35,28,dolphin
6848,3.79,12,minnow
6849,3.82,4,minnow
6850,0.88,4,minnow
6851,1.2,7,minnow
6852,22.38,6,minnow
6853,36.51,21,dolphin
6854,11.89,9,minnow
6855,8.02,8,minnow
6856,9.05,13,minnow
6857,2.97,10,minnow
6858,0.48,8,minnow
6859,0.34,6,minnow
6860,27.21,28,dolphin
6861,3.15,7,minnow
6862,7.12,7,minnow
6863,4.65,9,minnow
6864,5.04,7,minnow
6865,5.77,5,minnow
6866,10.13,8,minnow
6867,0.97,15,minnow
6868,22.02,5,minnow
6869,1.02,7,minnow
6870,4.87,8,minnow
6871,0.5,4,minnow
6872,2.54,8,minnow
6873,1.16,9,minnow
6874,3.45,6,minnow
6875,10.77,8,minnow
6876,3.75,7,minnow
6877,76.51,16,dolphin
6878,11.86,8,minnow
6879,2.3,4,minnow
6880,2.89,14,minnow
6881,6.08,3,minnow
6882,10.25,9,minnow
6883,0.46,10,minnow
6884,9.19,7,minnow
6885,0.48,8,minnow
6886,7.88,5,minnow
6887,19.3,10,minnow
6888,5.36,10,minnow
6889,0.08,13,minnow
6890,0.19,12,minnow
6891,8.17,8,minnow
6892,0.07,6,minnow
6893,8.81,10,minnow
6894,16.05,5,minnow
6895,20.42,9,minnow
6896,2.26,3,minnow
6897,6.7,7,minnow
6898,4.64,9,minnow
6899,0.31,10,minnow
6900,10.94,9,minnow
6901,30.72,29,dolphin
6902,10.0,7,minnow
6903,1.49,7,minnow
6904,10.85,15,minnow
6905,26.48,21,dolphin
6906,21.46,3,minnow
6907,17.17,2,minnow
6908,0.26,4,minnow
6909,6.28,9,minnow
6910,9.33,11,minnow
6911,17.49,10,minnow
6912,7.58,10,minnow
6913,39.77,23,dolphin
6914,0.18,9,minnow
6915,8.11,8,minnow
6916,7.14,9,minnow
6917,14.07,9,minnow
6918,39.15,18,dolphin
6919,0.8,6,minnow
6920,37.1,20,dolphin
6921,12.23,8,minnow
6922,2.46,13,minnow
6923,0.78,6,minnow
6924,4.55,9,minnow
6925,5.24,13,minnow
6926,5.73,8,minnow
6927,1.22,5,minnow
6928,8.8,10,minnow
6929,1.74,6,minnow
6930,23.26,15,minnow
6931,51.23,25,dolphin
6932,0.9,7,minnow
6933,3.65,11,minnow
6934,15.73,4,minnow
6935,5.16,14,minnow
6936,0.38,15,minnow
6937,13.25,9,minnow
6938,1.26,5,minnow
6939,4.58,7,minnow
6940,0.68,8,minnow
6941,11.84,8,minnow
6942,1.69,7,minnow
6943,14.02,7,minnow
6944,2.35,7,minnow
6945,1.54,13,minnow
6946,6.42,10,minnow
6947,0.6,7,minnow
6948,58.98,20,dolphin
6949,4.47,4,minnow
6950,1.34,3,minnow
6951,1.75,6,minnow
6952,3.41,11,minnow
6953,16.34,12,minnow
6954,0.79,8,minnow
6955,1.84,12,minnow
6956,3.07,7,minnow
6957,39.17,27,dolphin
6958,16.42,4,minnow
6959,42.28,35,dolphin
6960,3.49,14,minnow
6961,32.86,27,dolphin
6962,25.22,28,dolphin
6963,10.12,9,minnow
6964,11.51,5,minnow
6965,1.28,6,minnow
6966,61.89,27,dolphin
6967,2.24,9,minnow
6968,8.13,7,minnow
6969,9.8,6,minnow
6970,0.37,7,minnow
6971,3.06,12,minnow
6972,4.6,7,minnow
6973,2.77,10,minnow
6974,3.12,14,minnow
6975,36.17,20,dolphin
6976,0.88,6,minnow
6977,0.44,6,minnow
6978,1.3,8,minnow
6979,10.92,8,minnow
6980,12.76,11,minnow
6981,8.75,3,minnow
6982,14.28,3,minnow
6983,5.0,9,minnow
6984,1.45,9,minnow
6985,0.73,16,minnow
6986,0.44,9,minnow
6987,2.31,16,minnow
6988,11.72,7,minnow
6989,4.85,6,minnow
6990,3.44,10,minnow
6991,0.61,6,minnow
6992,205.78,48,whale
6993,0.89,11,minnow
6994,4.03,7,minnow
6995,16.52,9,minnow
6996,3.55,13,minnow
6997,0.91,6,minnow
6998,12.11,9,minnow
6999,0.39,9,minnow
7000,53.91,30,dolphin
7001,5.22,3,minnow
7002,2.21,11,minnow
7003,0.34,4,minnow
7004,0.53,12,minnow
7005,3.05,9,minnow
7006,68.61,28,dolphin
7007,4.82,13,minnow
7008,5.79,10,minnow
7009,6.16,4,minnow
7010,145.83,52,whale
7011,1.64,9,minnow
7012,40.64,40,dolphin
7013,1.75,5,minnow
7014,1.08,5,minnow
7015,2.92,8,minnow
7016,2.9,14,minnow
7017,8.16,10,minnow
7018,0.08,3,minnow
7019,4.21,13,minnow
7020,1.27,11,minnow
7021,1.04,6,minnow
7022,0.42,4,minnow
7023,1.85,10,minnow
7024,1.45,13,minnow
7025,1.68,8,minnow
7026,0.24,11,minnow
7027,3.88,7,minnow
7028,0.94,14,minnow
7029,0.24,10,minnow
7030,1.38,9,minnow
7031,0.96,10,minnow
7032,3.55,11,minnow
7033,1.35,3,minnow
7034,0.33,6,minnow
7035,0.8,9,minnow
7036,0.21,8,minnow
7037,20.48,9,minnow
7038,26.48,19,dolphin
7039,32.15,28,dolphin
7040,1.29,7,minnow
7041,26.45,34,dolphin
7042,6.37,11,minnow
7043,0.89,6,minnow
7044,1.21,6,minnow
7045,2.52,6,minnow
7046,3.91,5,minnow
7047,5.93,11,minnow
7048,3.31,7,minnow
7049,1.9,3,minnow
7050,28.89,27,dolphin
7051,2.77,12,minnow
7052,2.53,4,minnow
7053,2.35,9,minnow
7054,2.77,5,minnow
7055,0.38,12,minnow
7056,0.67,8,minnow
7057,166.26,39,whale
7058,0.24,6,minnow
7059,5.13,7,minnow
7060,5.74,10,minnow
7061,16.78,9,minnow
7062,5.97,12,minnow
7063,68.4,37,dolphin
7064,4.87,7,minnow
7065,28.69,22,dolphin
7066,17.53,9,minnow
7067,39.14,20,dolphin
7068,3.45,5,minnow
7069,6.28,10,minnow
7070,1.84,4,minnow
7071,4.29,7,minnow
7072,4.68,9,minnow
7073,0.12,8,minnow
7074,2.64,5,minnow
7075,13.79,9,minnow
7076,0.38,6,minnow
7077,0.69,8,minnow
7078,21.09,7,minnow
7079,28.47,16,dolphin
7080,1.23,7,minnow
7081,4.39,15,minnow
7082,2.93,5,minnow
7083,21.83,7,minnow
7084,1.41,8,minnow
7085,1.81,8,minnow
7086,28.37,29,dolphin
7087,0.67,5,minnow
7088,1.5,10,minnow
7089,4.11,4,minnow
7090,38.02,23,dolphin
7091,0.49,11,minnow
7092,1.07,5,minnow
7093,8.57,5,minnow
7094,10.97,13,minnow
7095,4.66,7,minnow
7096,2.75,7,minnow
7097,4.09,7,minnow
7098,0.3,9,minnow
7099,3.91,9,minnow
7100,35.57,25,dolphin
7101,0.4,4,minnow
7102,0.95,10,minnow
7103,1.76,11,minnow
7104,1.95,12,minnow
7105,63.19,30,dolphin
7106,0.75,5,minnow
7107,0.54,8,minnow
7108,11.4,5,minnow
7109,1.18,13,minnow
7110,11.71,6,minnow
7111,2.42,9,minnow
7112,6.92,14,minnow
7113,0.27,7,minnow
7114,6.88,12,minnow
7115,4.7,8,minnow
7116,2.21,2,minnow
7117,0.46,6,minnow
7118,4.7,7,minnow
7119,10.57,11,minnow
7120,1.42,16,minnow
7121,1.46,6,minnow
7122,11.83,10,minnow
7123,51.23,19,dolphin
7124,14.93,6,minnow
7125,4.79,3,minnow
7126,2.25,5,minnow
7127,3.18,7,minnow
7128,0.4,4,minnow
7129,2.59,3,minnow
7130,19.92,2,minnow
7131,3.54,11,minnow
7132,1.22,13,minnow
7133,1.05,7,minnow
7134,3.16,5,minnow
7135,0.46,9,minnow
7136,0.78,9,minnow
7137,38.57,27,dolphin
7138,0.63,11,minnow
7139,0.92,4,minnow
7140,5.29,8,minnow
7141,1.64,7,minnow
7142,3.83,4,minnow
7143,13.21,9,minnow
7144,0.28,8,minnow
7145,11.1,9,minnow
7146,1.31,11,minnow
7147,2.1,6,minnow
7148,71.91,25,dolphin
7149,0.35,12,minnow
7150,8.54,8,minnow
7151,20.18,8,minnow
7152,1.11,8,minnow
7153,1.14,7,minnow
7154,1.84,8,minnow
7155,1.1,12,minnow
7156,3.69,7,minnow
7157,13.85,9,minnow
7158,1.86,8,minnow
7159,14.67,10,minnow
7160,31.24,26,dolphin
7161,6.62,6,minnow
7162,7.7,10,minnow
7163,1.28,9,minnow
7164,0.05,9,minnow
7165,8.48,10,minnow
7166,11.87,1,minnow
7167,4.89,6,minnow
7168,14.23,9,minnow
7169,1.38,7,minnow
7170,7.61,8,minnow
7171,35.0,29,dolphin
7172,9.63,9,minnow
7173,28.46,26,dolphin
7174,28.75,20,dolphin
7175,0.47,9,minnow
7176,10.49,12,minnow
7177,1.21,5,minnow
7178,0.56,5,minnow
7179,2.1,9,minnow
7180,54.96,27,dolphin
7181,1.39,10,minnow
7182,0.2,10,minnow
7183,0.33,3,minnow
7184,7.14,5,minnow
7185,0.99,12,minnow
7186,0.13,9,minnow
7187,0.35,7,minnow
7188,4.34,9,minnow
7189,11.56,12,minnow
7190,1.63,5,minnow
7191,9.38,7,minnow
7192,14.35,3,minnow
7193,0.95,13,minnow
7194,2.73,9,minnow
7195,1.27,4,minnow
7196,7.86,7,minnow
7197,1.25,20,minnow
7198,0.48,9,minnow
7199,3.61,14,minnow
7200,19.62,7,minnow
7201,7.52,8,minnow
7202,16.63,5,minnow
7203,14.45,5,minnow
7204,3.55,10,minnow
7205,1.28,8,minnow
7206,0.83,8,minnow
7207,0.26,6,minnow
7208,22.27,8,minnow
7209,1.96,12,minnow
7210,0.22,7,minnow
7211,23.92,9,minnow
7212,3.86,7,minnow
7213,15.62,7,minnow
7214,2.18,9,minnow
7215,0.93,11,minnow
7216,6.77,5,minnow
7217,7.74,8,minnow
7218,2.12,6,minnow
7219,27.16,26,dolphin
7220,15.07,6,minnow
7221,8.2,7,minnow
7222,0.56,9,minnow
7223,0.45,10,minnow
7224,22.61,9,minnow
7225,0.1,4,minnow
7226,2.87,10,minnow
7227,4.2,12,minnow
7228,1.52,6,minnow
7229,3.14,9,minnow
7230,6.5,10,minnow
7231,1.3,13,minnow
7232,13.6,9,minnow
7233,8.43,10,minnow
7234,2.49,3,minnow
7235,0.88,5,minnow
7236,2.87,7,minnow
7237,97.23,22,dolphin
7238,0.99,13,minnow
7239,38.45,33,dolphin
7240,0.2,8,minnow
7241,0.84,5,minnow
7242,1.39,7,minnow
7243,15.16,14,minnow
7244,3.63,7,minnow
7245,27.01,28,dolphin
7246,1.95,11,minnow
7247,3.05,6,minnow
7248,1.96,5,minnow
7249,84.97,33,dolphin
7250,0.55,12,minnow
7251,1.47,9,minnow
7252,0.69,5,minnow
7253,8.31,9,minnow
7254,0.53,6,minnow
7255,61.28,27,dolphin
7256,3.78,11,minnow
7257,6.42,7,minnow
7258,6.97,11,minnow
7259,3.22,12,minnow
7260,4.03,8,minnow
7261,3.8,7,minnow
7262,7.62,7,minnow
7263,0.89,9,minnow
7264,0.68,6,minnow
7265,12.35,8,minnow
7266,3.31,13,minnow
7267,0.13,6,minnow
7268,1.55,9,minnow
7269,38.4,24,dolphin
7270,2.57,8,minnow
7271,1.42,8,minnow
7272,0.3,8,minnow
7273,1.34,13,minnow
7274,0.52,9,minnow
7275,6.6,13,minnow
7276,3.59,9,minnow
7277,1.86,4,minnow
7278,0.98,8,minnow
7279,38.18,36,dolphin
7280,1.07,6,minnow
7281,1.08,9,minnow
7282,2.25,2,minnow
7283,2.82,9,minnow
7284,7.18,8,minnow
7285,14.71,10,minnow
7286,13.05,10,minnow
7287,162.04,35,whale
7288,0.22,4,minnow
7289,4.8,5,minnow
7290,1.44,11,minnow
7291,82.73,20,dolphin
7292,4.4,6,minnow
7293,0.13,4,minnow
7294,6.65,8,minnow
7295,5.09,13,minnow
7296,11.16,6,minnow
7297,1.04,6,minnow
7298,5.61,8,minnow
7299,2.15,8,minnow
7300,1.13,5,minnow
7301,5.75,10,minnow
7302,4.24,6,minnow
7303,17.82,7,minnow
7304,3.47,8,minnow
7305,8.73,4,minnow
7306,0.48,8,minnow
7307,30.91,22,dolphin
7308,0.96,8,minnow
7309,14.08,3,minnow
7310,5.06,8,minnow
7311,4.13,7,minnow
7312,11.21,11,minnow
7313,0.11,8,minnow
7314,1.33,11,minnow
7315,10.96,0,minnow
7316,71.91,22,dolphin
7317,3.19,7,minnow
7318,0.07,12,minnow
7319,2.0,4,minnow
7320,3.02,6,minnow
7321,19.59,8,minnow
7322,3.59,4,minnow
7323,0.43,11,minnow
7324,15.51,8,minnow
7325,8.24,8,minnow
7326,1.08,11,minnow
7327,10.5,10,minnow
7328,1.38,7,minnow
7329,2.06,7,minnow
7330,1.42,7,minnow
7331,2.02,11,minnow
7332,14.17,8,minnow
7333,0.19,4,minnow
7334,19.43,9,minnow
7335,4.4,16,minnow
7336,1.78,11,minnow
7337,3.43,7,minnow
7338,0.78,5,minnow
7339,0.24,9,minnow
7340,0.81,9,minnow
7341,0.16,7,minnow
7342,0.38,12,minnow
7343,0.25,11,minnow
7344,23.53,7,minnow
7345,0.43,4,minnow
7346,3.11,10,minnow
7347,19.82,5,minnow
7348,12.94,8,minnow
7349,2.07,5,minnow
7350,2.09,7,minnow
7351,4.43,10,minnow
7352,97.47,23,dolphin
7353,6.43,12,minnow
7354,9.67,7,minnow
7355,124.74,23,dolphin
7356,5.18,9,minnow
7357,20.83,8,minnow
7358,7.13,6,minnow
7359,6.97,8,minnow
7360,0.71,6,minnow
7361,0.55,6,minnow
7362,1.46,9,minnow
7363,13.61,6,minnow
7364,12.62,8,minnow
7365,28.03,30,dolphin
7366,3.26,9,minnow
7367,7.85,8,minnow
7368,7.9,12,minnow
7369,2.8,4,minnow
7370,1.98,6,minnow
7371,0.31,4,minnow
7372,2.6,10,minnow
7373,2.81,6,minnow
7374,20.39,7,minnow
7375,23.87,3,minnow
7376,4.19,10,minnow
7377,90.14,25,dolphin
7378,4.5,7,minnow
7379,17.33,10,minnow
7380,2.83,10,minnow
7381,0.54,11,minnow
7382,1.68,10,minnow
7383,35.11,31,dolphin
7384,2.18,7,minnow
7385,1.57,10,minnow
7386,3.3,12,minnow
7387,1.78,11,minnow
7388,22.42,9,minnow
7389,67.81,27,dolphin
7390,3.35,7,minnow
7391,7.88,5,minnow
7392,15.72,6,minnow
7393,3.95,9,minnow
7394,0.81,7,minnow
7395,1.72,12,minnow
7396,6.42,12,minnow
7397,6.23,8,minnow
7398,0.19,10,minnow
7399,1.65,10,minnow
7400,1.02,12,minnow
7401,13.62,11,minnow
7402,1.09,6,minnow
7403,1.59,4,minnow
7404,1.5,5,minnow
7405,11.78,8,minnow
7406,15.64,3,minnow
7407,7.31,7,minnow
7408,19.5,5,minnow
7409,23.97,8,minnow
7410,0.18,8,minnow
7411,8.56,5,minnow
7412,1.84,5,minnow
7413,0.44,5,minnow
7414,1.99,6,minnow
7415,10.69,8,minnow
7416,34.07,24,dolphin
7417,0.39,3,minnow
7418,8.93,11,minnow
7419,77.09,30,dolphin
7420,62.13,22,dolphin
7421,0.01,4,minnow
7422,108.44,23,dolphin
7423,15.45,4,minnow
7424,0.08,4,minnow
7425,0.98,8,minnow
7426,24.84,7,minnow
7427,5.91,15,minnow
7428,1.33,9,minnow
7429,3.69,10,minnow
7430,7.95,10,minnow
7431,1.31,6,minnow
7432,2.71,12,minnow
7433,13.94,9,minnow
7434,1.08,12,minnow
7435,0.38,6,minnow
7436,1.2,3,minnow
7437,0.8,5,minnow
7438,1.26,8,minnow
7439,0.21,6,minnow
7440,4.84,6,minnow
7441,13.31,8,minnow
7442,0.91,11,minnow
7443,1.17,6,minnow
7444,2.46,11,minnow
7445,0.77,6,minnow
7446,16.02,4,minnow
7447,0.8,9,minnow
7448,1.43,6,minnow
7449,0.98,9,minnow
7450,16.64,8,minnow
7451,2.29,9,minnow
7452,80.56,22,dolphin
7453,5.85,11,minnow
7454,21.19,7,minnow
7455,1.98,13,minnow
7456,0.73,10,minnow
7457,3.15,3,minnow
7458,1.12,5,minnow
7459,0.14,9,minnow
7460,16.8,8,minnow
7461,3.5,4,minnow
7462,1.08,12,minnow
7463,6.06,10,minnow
7464,3.58,7,minnow
7465,31.68,26,dolphin
7466,6.64,7,minnow
7467,2.58,9,minnow
7468,10.07,8,minnow
7469,3.13,9,minnow
7470,4.46,6,minnow
7471,23.61,6,minnow
7472,0.51,7,minnow
7473,0.83,9,minnow
7474,1.7,11,minnow
7475,2.15,8,minnow
7476,21.13,3,minnow
7477,0.35,7,minnow
7478,3.17,7,minnow
7479,1.38,12,minnow
7480,50.44,28,dolphin
7481,13.66,7,minnow
7482,4.86,10,minnow
7483,15.64,10,minnow
7484,0.4,9,minnow
7485,85.12,25,dolphin
7486,0.86,9,minnow
7487,24.81,7,minnow
7488,8.03,8,minnow
7489,5.07,11,minnow
7490,23.2,14,minnow
7491,16.35,11,minnow
7492,3.94,11,minnow
7493,1.69,14,minnow
7494,4.04,9,minnow
7495,2.82,5,minnow
7496,5.85,6,minnow
7497,17.0,7,minnow
7498,7.03,6,minnow
7499,4.46,5,minnow
7500,1.17,10,minnow
7501,5.58,9,minnow
7502,0.22,12,minnow
7503,0.93,12,minnow
7504,8.76,5,minnow
7505,13.68,8,minnow
7506,3.21,10,minnow
7507,4.58,7,minnow
7508,6.0,3,minnow
7509,9.88,5,minnow
7510,2.41,7,minnow
7511,0.69,10,minnow
7512,6.17,7,minnow
7513,76.19,20,dolphin
7514,0.76,5,minnow
7515,2.71,8,minnow
7516,1.79,11,minnow
7517,157.77,39,whale
7518,0.71,8,minnow
7519,2.57,6,minnow
7520,1.85,12,minnow
7521,0.45,3,minnow
7522,0.41,9,minnow
7523,8.24,10,minnow
7524,10.32,10,minnow
7525,1.36,9,minnow
7526,31.64,22,dolphin
7527,0.09,10,minnow
7528,0.44,7,minnow
7529,0.89,8,minnow
7530,3.27,2,minnow
7531,1.61,9,minnow
7532,2.41,11,minnow
7533,7.21,11,minnow
7534,34.17,22,dolphin
7535,11.99,11,minnow
7536,3.63,6,minnow
7537,2.92,5,minnow
7538,19.34,10,minnow
7539,67.68,22,dolphin
7540,9.22,9,minnow
7541,1.52,4,minnow
7542,5.03,6,minnow
7543,8.4,7,minnow
7544,1.37,4,minnow
7545,13.27,7,minnow
7546,5.07,7,minnow
7547,21.4,15,minnow
7548,0.7,8,minnow
7549,0.2,4,minnow
7550,1.77,9,minnow
7551,3.45,7,minnow
7552,0.19,11,minnow
7553,1.25,6,minnow
7554,25.89,22,dolphin
7555,7.79,11,minnow
7556,4.14,10,minnow
7557,0.61,9,minnow
7558,24.54,7,minnow
7559,1.7,18,minnow
7560,3.87,14,minnow
7561,6.37,5,minnow
7562,4.37,5,minnow
7563,36.12,33,dolphin
7564,8.33,4,minnow
7565,5.71,12,minnow
7566,2.89,8,minnow
7567,6.63,5,minnow
7568,2.37,8,minnow
7569,4.5,9,minnow
7570,1.92,6,minnow
7571,1.49,3,minnow
7572,0.77,9,minnow
7573,2.15,8,minnow
7574,1.94,7,minnow
7575,61.99,29,dolphin
7576,16.24,10,minnow
7577,2.68,6,minnow
7578,1.69,9,minnow
7579,8.88,8,minnow
7580,74.27,23,dolphin
7581,11.88,8,minnow
7582,0.21,6,minnow
7583,13.21,8,minnow
7584,17.54,5,minnow
7585,112.03,25,dolphin
7586,2.23,9,minnow
7587,4.14,4,minnow
7588,6.82,8,minnow
7589,0.98,8,minnow
7590,0.85,5,minnow
7591,6.29,6,minnow
7592,0.28,8,minnow
7593,0.4,6,minnow
7594,12.24,7,minnow
7595,7.36,8,minnow
7596,24.52,16,minnow
7597,6.97,8,minnow
7598,3.38,5,minnow
7599,26.12,24,dolphin
7600,1.69,6,minnow
7601,1.95,8,minnow
7602,2.99,8,minnow
7603,6.83,6,minnow
7604,2.98,5,minnow
7605,0.31,14,minnow
7606,2.17,9,minnow
7607,3.16,13,minnow
7608,3.99,8,minnow
7609,1.62,4,minnow
7610,7.46,8,minnow
7611,0.25,5,minnow
7612,6.46,8,minnow
7613,58.47,27,dolphin
7614,1.26,7,minnow
7615,3.64,7,minnow
7616,2.24,10,minnow
7617,2.3,12,minnow
7618,0.64,11,minnow
7619,80.36,26,dolphin
7620,6.15,7,minnow
7621,1.14,7,minnow
7622,0.95,4,minnow
7623,3.66,14,minnow
7624,0.1,8,minnow
7625,17.89,11,minnow
7626,1.46,7,minnow
7627,6.18,13,minnow
7628,6.67,5,minnow
7629,15.56,7,minnow
7630,7.3,11,minnow
7631,10.9,8,minnow
7632,16.95,7,minnow
7633,1.96,10,minnow
7634,103.77,21,dolphin
7635,5.84,6,minnow
7636,3.17,5,minnow
7637,0.86,6,minnow
7638,2.38,7,minnow
7639,6.32,12,minnow
7640,3.87,8,minnow
7641,61.8,31,dolphin
7642,1.78,8,minnow
7643,9.84,7,minnow
7644,0.55,5,minnow
7645,109.19,28,dolphin
7646,0.49,9,minnow
7647,91.73,27,dolphin
7648,2.67,10,minnow
7649,0.09,7,minnow
7650,28.88,25,dolphin
7651,3.79,8,minnow
7652,1.61,10,minnow
7653,9.27,7,minnow
7654,9.61,6,minnow
7655,6.45,9,minnow
7656,20.41,5,minnow
7657,4.97,8,minnow
7658,9.39,11,minnow
7659,1.44,6,minnow
7660,11.3,6,minnow
7661,1.45,6,minnow
7662,0.55,7,minnow
7663,2.39,7,minnow
7664,2.14,5,minnow
7665,14.65,6,minnow
7666,0.32,5,minnow
7667,19.1,10,minnow
7668,1.23,4,minnow
7669,0.06,9,minnow
7670,0.48,6,minnow
7671,2.03,14,minnow
7672,6.76,10,minnow
7673,2.68,3,minnow
7674,0.48,13,minnow
7675,0.96,7,minnow
7676,0.49,7,minnow
7677,5.02,7,minnow
7678,2.87,8,minnow
7679,8.86,6,minnow
7680,0.2,6,minnow
7681,1.41,5,minnow
7682,85.29,29,dolphin
7683,9.26,9,minnow
7684,2.07,9,minnow
7685,0.68,4,minnow
7686,19.54,7,minnow
7687,38.56,23,dolphin
7688,0.53,9,minnow
7689,0.61,3,minnow
7690,5.19,5,minnow
7691,6.02,9,minnow
7692,7.19,11,minnow
7693,63.4,23,dolphin
7694,0.7,10,minnow
7695,3.54,8,minnow
7696,10.53,8,minnow
7697,10.35,6,minnow
7698,1.18,16,minnow
7699,1.25,5,minnow
7700,1.59,9,minnow
7701,50.68,20,dolphin
7702,0.69,6,minnow
7703,1.98,3,minnow
7704,11.48,12,minnow
7705,0.58,8,minnow
7706,5.02,5,minnow
7707,0.16,7,minnow
7708,4.52,9,minnow
7709,3.61,5,minnow
7710,4.31,7,minnow
7711,0.83,11,minnow
7712,4.78,7,minnow
7713,3.12,9,minnow
7714,26.54,27,dolphin
7715,9.21,9,minnow
7716,0.33,6,minnow
7717,0.88,2,minnow
7718,1.24,10,minnow
7719,4.43,8,minnow
7720,2.53,11,minnow
7721,2.52,14,minnow
7722,301.38,59,whale
7723,1.46,8,minnow
7724,30.73,24,dolphin
7725,2.62,9,minnow
7726,0.1,9,minnow
7727,4.51,5,minnow
7728,19.9,8,minnow
7729,9.15,3,minnow
7730,5.0,2,minnow
7731,3.45,7,minnow
7732,1.5,7,minnow
7733,13.93,9,minnow
7734,1.66,9,minnow
7735,1.19,12,minnow
7736,6.4,9,minnow
7737,2.05,8,minnow
7738,25.77,21,dolphin
7739,7.01,7,minnow
7740,0.96,10,minnow
7741,0.53,7,minnow
7742,1.33,9,minnow
7743,139.87,43,whale
7744,2.27,10,minnow
7745,11.17,10,minnow
7746,0.41,9,minnow
7747,0.59,9,minnow
7748,2.46,9,minnow
7749,50.49,19,dolphin
7750,0.42,9,minnow
7751,1.21,9,minnow
7752,14.05,9,minnow
7753,42.44,19,dolphin
7754,6.68,10,minnow
7755,9.79,8,minnow
7756,0.79,6,minnow
7757,0.4,3,minnow
7758,0.53,6,minnow
7759,0.82,11,minnow
7760,4.76,8,minnow
7761,0.47,8,minnow
7762,4.96,10,minnow
7763,2.01,9,minnow
7764,1.35,12,minnow
7765,13.68,10,minnow
7766,0.72,7,minnow
7767,33.02,28,dolphin
7768,12.55,8,minnow
7769,0.68,4,minnow
7770,22.73,8,minnow
7771,0.56,14,minnow
7772,26.28,25,dolphin
7773,5.66,3,minnow
7774,0.27,7,minnow
7775,0.42,10,minnow
7776,1.74,7,minnow
7777,13.31,5,minnow
7778,2.53,6,minnow
7779,2.43,8,minnow
7780,3.54,6,minnow
7781,0.14,7,minnow
7782,12.41,10,minnow
7783,28.32,30,dolphin
7784,11.74,4,minnow
7785,1.69,9,minnow
7786,0.81,7,minnow
7787,0.59,9,minnow
7788,0.54,3,minnow
7789,124.37,36,dolphin
7790,2.93,6,minnow
7791,14.12,7,minnow
7792,12.93,6,minnow
7793,4.17,8,minnow
7794,0.75,6,minnow
7795,7.61,11,minnow
7796,0.59,7,minnow
7797,8.7,10,minnow
7798,0.63,8,minnow
7799,1.65,5,minnow
7800,1.65,8,minnow
7801,31.13,18,dolphin
7802,0.07,3,minnow
7803,138.28,55,whale
7804,0.91,10,minnow
7805,2.73,8,minnow
7806,6.43,9,minnow
7807,5.61,12,minnow
7808,12.8,8,minnow
7809,8.82,9,minnow
7810,86.42,25,dolphin
7811,10.7,7,minnow
7812,2.75,8,minnow
7813,1.37,4,minnow
7814,1.31,8,minnow
7815,26.29,25,dolphin
7816,55.05,28,dolphin
7817,16.55,13,minnow
7818,0.02,5,minnow
7819,0.09,7,minnow
7820,3.28,6,minnow
7821,2.54,11,minnow
7822,3.43,16,minnow
7823,24.6,3,minnow
7824,22.71,9,minnow
7825,4.39,8,minnow
7826,0.29,8,minnow
7827,0.46,11,minnow
7828,3.7,10,minnow
7829,6.47,8,minnow
7830,0.47,10,minnow
7831,9.55,13,minnow
7832,0.2,10,minnow
7833,0.05,11,minnow
7834,0.82,5,minnow
7835,29.87,29,dolphin
7836,37.93,22,dolphin
7837,0.26,6,minnow
7838,0.29,9,minnow
7839,11.22,14,minnow
7840,1.64,6,minnow
7841,29.55,20,dolphin
7842,10.93,10,minnow
7843,14.39,6,minnow
7844,0.89,4,minnow
7845,6.75,6,minnow
7846,83.61,15,dolphin
7847,4.17,9,minnow
7848,3.09,4,minnow
7849,1.65,9,minnow
7850,0.26,10,minnow
7851,0.57,13,minnow
7852,0.8,5,minnow
7853,0.24,9,minnow
7854,0.28,5,minnow
7855,0.07,9,minnow
7856,0.95,5,minnow
7857,9.78,8,minnow
7858,2.0,8,minnow
7859,2.02,8,minnow
7860,11.32,8,minnow
7861,49.52,19,dolphin
7862,126.13,22,dolphin
7863,4.18,7,minnow
7864,2.12,10,minnow
7865,1.71,4,minnow
7866,8.55,3,minnow
7867,2.59,6,minnow
7868,2.6,10,minnow
7869,2.89,9,minnow
7870,0.74,11,minnow
7871,0.08,6,minnow
7872,1.14,6,minnow
7873,34.19,25,dolphin
7874,31.71,20,dolphin
7875,14.93,10,minnow
7876,1.51,8,minnow
7877,0.94,10,minnow
7878,44.67,17,dolphin
7879,0.59,7,minnow
7880,3.54,9,minnow
7881,49.56,27,dolphin
7882,4.05,5,minnow
7883,2.08,6,minnow
7884,21.24,5,minnow
7885,3.73,10,minnow
7886,4.54,3,minnow
7887,37.47,24,dolphin
7888,0.06,8,minnow
7889,5.9,8,minnow
7890,0.97,12,minnow
7891,2.38,8,minnow
7892,3.98,6,minnow
7893,1.13,10,minnow
7894,4.79,12,minnow
7895,6.15,10,minnow
7896,4.6,9,minnow
7897,3.97,8,minnow
7898,2.75,15,minnow
7899,2.84,4,minnow
7900,3.77,5,minnow
7901,0.74,4,minnow
7902,25.33,32,dolphin
7903,2.87,7,minnow
7904,1.74,2,minnow
7905,6.25,8,minnow
7906,2.76,8,minnow
7907,24.24,9,minnow
7908,13.89,10,minnow
7909,3.85,4,minnow
7910,14.91,7,minnow
7911,4.84,10,minnow
7912,0.52,6,minnow
7913,13.79,9,minnow
7914,0.16,11,minnow
7915,0.01,8,minnow
7916,10.14,9,minnow
7917,6.75,12,minnow
7918,6.07,8,minnow
7919,30.67,21,dolphin
7920,3.19,4,minnow
7921,1.81,8,minnow
7922,11.88,10,minnow
7923,1.06,13,minnow
7924,2.27,7,minnow
7925,4.97,9,minnow
7926,5.65,4,minnow
7927,1.95,6,minnow
7928,1.51,8,minnow
7929,0.55,6,minnow
7930,0.94,10,minnow
7931,60.98,28,dolphin
7932,2.17,8,minnow
7933,4.49,10,minnow
7934,0.31,3,minnow
7935,200.56,56,whale
7936,0.84,12,minnow
7937,0.51,8,minnow
7938,3.01,14,minnow
7939,0.8,8,minnow
7940,5.95,9,minnow
7941,0.3,3,minnow
7942,20.48,11,minnow
7943,14.94,10,minnow
7944,2.75,6,minnow
7945,0.23,8,minnow
7946,0.91,14,minnow
7947,3.67,9,minnow
7948,0.48,9,minnow
7949,0.62,3,minnow
7950,17.79,8,minnow
7951,4.25,9,minnow
7952,4.04,5,minnow
7953,7.72,5,minnow
7954,2.55,14,minnow
7955,3.02,7,minnow
7956,6.89,9,minnow
7957,12.11,6,minnow
7958,7.37,6,minnow
7959,34.35,29,dolphin
7960,3.45,6,minnow
7961,0.38,7,minnow
7962,18.94,9,minnow
7963,2.24,7,minnow
7964,0.97,10,minnow
7965,10.38,4,minnow
7966,6.01,6,minnow
7967,0.43,12,minnow
7968,9.71,9,minnow
7969,66.61,33,dolphin
7970,5.57,10,minnow
7971,2.2,9,minnow
7972,0.23,3,minnow
7973,88.41,33,dolphin
7974,1.45,6,minnow
7975,0.35,5,minnow
7976,3.96,13,minnow
7977,16.66,6,minnow
7978,23.99,8,minnow
7979,1.13,6,minnow
7980,2.84,10,minnow
7981,3.32,11,minnow
7982,15.84,9,minnow
7983,8.57,11,minnow
7984,5.12,8,minnow
7985,14.35,7,minnow
7986,0.38,8,minnow
7987,6.51,9,minnow
7988,4.73,12,minnow
7989,3.06,10,minnow
7990,2.23,6,minnow
7991,4.12,6,minnow
7992,1.33,7,minnow
7993,260.78,42,whale
7994,29.21,26,dolphin
7995,19.08,7,minnow
7996,1.42,9,minnow
7997,0.72,6,minnow
7998,2.37,6,minnow
7999,3.99,9,minnow
8000,0.33,8,minnow
8001,7.16,8,minnow
8002,18.75,8,minnow
8003,0.09,8,minnow
8004,0.79,9,minnow
8005,23.68,8,minnow
8006,6.04,8,minnow
8007,0.83,12,minnow
8008,10.77,9,minnow
8009,1.28,3,minnow
8010,2.28,11,minnow
8011,0.54,12,minnow
8012,3.41,6,minnow
8013,16.93,9,minnow
8014,1.55,8,minnow
8015,9.33,7,minnow
8016,3.07,10,minnow
8017,18.66,4,minnow
8018,1.58,7,minnow
8019,39.97,29,dolphin
8020,9.88,5,minnow
8021,4.91,8,minnow
8022,5.2,6,minnow
8023,1.58,6,minnow
8024,1.42,6,minnow
8025,5.05,10,minnow
8026,0.49,7,minnow
8027,1.27,5,minnow
8028,0.74,6,minnow
8029,8.29,7,minnow
8030,8.49,9,minnow
8031,25.24,21,dolphin
8032,1.94,6,minnow
8033,0.91,9,minnow
8034,0.32,7,minnow
8035,5.12,7,minnow
8036,31.03,30,dolphin
8037,2.95,7,minnow
8038,3.46,9,minnow
8039,3.29,3,minnow
8040,4.98,10,minnow
8041,16.37,4,minnow
8042,71.57,29,dolphin
8043,7.37,10,minnow
8044,8.19,4,minnow
8045,2.26,8,minnow
8046,2.79,9,minnow
8047,2.73,7,minnow
8048,1.85,6,minnow
8049,4.07,4,minnow
8050,9.02,7,minnow
8051,3.68,11,minnow
8052,2.12,6,minnow
8053,4.06,6,minnow
8054,0.71,10,minnow
8055,12.01,11,minnow
8056,1.71,8,minnow
8057,0.52,5,minnow
8058,6.95,8,minnow
8059,7.52,5,minnow
8060,0.84,5,minnow
8061,9.0,8,minnow
8062,9.15,5,minnow
8063,78.24,23,dolphin
8064,2.28,7,minnow
8065,3.04,7,minnow
8066,1.26,12,minnow
8067,7.31,9,minnow
8068,3.3,8,minnow
8069,16.13,5,minnow
8070,1.66,4,minnow
8071,7.06,4,minnow
8072,2.27,5,minnow
8073,0.17,6,minnow
8074,9.07,4,minnow
8075,0.2,7,minnow
8076,2.57,7,minnow
8077,2.64,12,minnow
8078,3.28,5,minnow
8079,3.58,7,minnow
8080,3.53,10,minnow
8081,5.94,9,minnow
8082,2.79,6,minnow
8083,218.14,46,whale
8084,1.92,10,minnow
8085,0.47,4,minnow
8086,0.35,7,minnow
8087,9.52,8,minnow
8088,0.26,7,minnow
8089,0.48,8,minnow
8090,0.38,11,minnow
8091,6.9,6,minnow
8092,27.91,26,dolphin
8093,0.73,5,minnow
8094,6.52,8,minnow
8095,0.05,11,minnow
8096,1.01,8,minnow
8097,8.71,11,minnow
8098,2.01,3,minnow
8099,16.29,8,minnow
8100,0.09,5,minnow
8101,1.02,6,minnow
8102,6.85,3,minnow
8103,6.71,9,minnow
8104,7.59,3,minnow
8105,4.63,7,minnow
8106,0.53,9,minnow
8107,0.95,8,minnow
8108,135.13,39,whale
8109,0.44,6,minnow
8110,0.34,4,minnow
8111,9.85,11,minnow
8112,0.61,9,minnow
8113,58.41,27,dolphin
8114,263.78,31,whale
8115,2.26,5,minnow
8116,5.45,12,minnow
8117,0.18,7,minnow
8118,17.3,6,minnow
8119,0.09,10,minnow
8120,0.39,9,minnow
8121,4.01,10,minnow
8122,7.97,6,minnow
8123,0.31,11,minnow
8124,1.39,8,minnow
8125,0.23,6,minnow
8126,2.0,13,minnow
8127,0.92,8,minnow
8128,1.2,8,minnow
8129,9.41,6,minnow
8130,5.21,7,minnow
8131,8.15,5,minnow
8132,2.7,11,minnow
8133,10.46,11,minnow
8134,3.14,11,minnow
8135,1.51,9,minnow
8136,8.27,5,minnow
8137,1.69,9,minnow
8138,1.96,11,minnow
8139,18.34,5,minnow
8140,15.78,6,minnow
8141,2.06,7,minnow
8142,13.42,7,minnow
8143,0.43,8,minnow
8144,2.08,9,minnow
8145,1.0,15,minnow
8146,3.31,13,minnow
8147,10.75,9,minnow
8148,8.08,7,minnow
8149,6.5,9,minnow
8150,4.14,5,minnow
8151,2.57,16,minnow
8152,22.69,4,minnow
8153,0.28,4,minnow
8154,1.14,5,minnow
8155,6.41,7,minnow
8156,38.27,28,dolphin
8157,1.91,7,minnow
8158,2.19,6,minnow
8159,0.42,2,minnow
8160,1.4,6,minnow
8161,10.31,5,minnow
8162,41.55,23,dolphin
8163,2.08,3,minnow
8164,0.92,5,minnow
8165,3.71,9,minnow
8166,0.25,13,minnow
8167,23.97,5,minnow
8168,0.46,13,minnow
8169,5.49,4,minnow
8170,5.36,12,minnow
8171,9.06,11,minnow
8172,5.0,7,minnow
8173,3.33,14,minnow
8174,6.59,7,minnow
8175,12.62,8,minnow
8176,58.81,21,dolphin
8177,0.57,11,minnow
8178,0.18,5,minnow
8179,0.28,14,minnow
8180,0.18,12,minnow
8181,0.49,7,minnow
8182,0.4,4,minnow
8183,1.71,9,minnow
8184,13.04,10,minnow
8185,9.05,10,minnow
8186,1.23,10,minnow
8187,1.41,4,minnow
8188,82.87,23,dolphin
8189,8.6,8,minnow
8190,4.38,5,minnow
8191,4.03,11,minnow
8192,2.09,11,minnow
8193,81.86,29,dolphin
8194,2.45,10,minnow
8195,4.22,9,minnow
8196,0.24,6,minnow
8197,1.2,8,minnow
8198,1.38,14,minnow
8199,7.23,9,minnow
8200,0.96,9,minnow
8201,3.59,6,minnow
8202,1.26,13,minnow
8203,0.57,9,minnow
8204,0.53,8,minnow
8205,2.52,8,minnow
8206,3.92,9,minnow
8207,2.44,4,minnow
8208,0.88,6,minnow
8209,2.66,7,minnow
8210,1.98,5,minnow
8211,0.63,8,minnow
8212,3.79,5,minnow
8213,60.13,27,dolphin
8214,2.61,10,minnow
8215,0.32,13,minnow
8216,34.8,29,dolphin
8217,24.81,4,minnow
8218,32.85,24,dolphin
8219,3.1,4,minnow
8220,0.95,9,minnow
8221,0.8,7,minnow
8222,20.61,10,minnow
8223,43.35,27,dolphin
8224,0.76,8,minnow
8225,0.06,9,minnow
8226,3.23,7,minnow
8227,0.78,10,minnow
8228,1.07,9,minnow
8229,2.27,7,minnow
8230,6.4,10,minnow
8231,0.95,11,minnow
8232,4.13,10,minnow
8233,2.71,11,minnow
8234,0.08,3,minnow
8235,7.94,12,minnow
8236,1.61,8,minnow
8237,0.44,9,minnow
8238,1.04,11,minnow
8239,4.59,9,minnow
8240,3.58,14,minnow
8241,9.31,9,minnow
8242,6.68,9,minnow
8243,0.51,10,minnow
8244,0.03,8,minnow
8245,4.03,7,minnow
8246,9.11,4,minnow
8247,2.4,9,minnow
8248,9.55,5,minnow
8249,0.67,8,minnow
8250,1.91,7,minnow
8251,0.76,8,minnow
8252,10.13,7,minnow
8253,0.77,6,minnow
8254,89.64,23,dolphin
8255,1.49,9,minnow
8256,11.91,12,minnow
8257,1.52,7,minnow
8258,28.22,25,dolphin
8259,26.55,23,dolphin
8260,1.98,11,minnow
8261,5.15,3,minnow
8262,25.49,25,dolphin
8263,5.4,9,minnow
8264,0.76,6,minnow
8265,3.71,3,minnow
8266,1.0,6,minnow
8267,4.23,7,minnow
8268,0.94,7,minnow
8269,6.03,11,minnow
8270,0.19,8,minnow
8271,0.55,8,minnow
8272,0.93,10,minnow
8273,2.57,3,minnow
8274,0.3,5,minnow
8275,0.81,11,minnow
8276,11.53,12,minnow
8277,13.95,12,minnow
8278,0.06,8,minnow
8279,1.3,8,minnow
8280,25.53,21,dolphin
8281,6.16,7,minnow
8282,6.37,8,minnow
8283,8.19,10,minnow
8284,0.72,9,minnow
8285,4.68,9,minnow
8286,7.06,5,minnow
8287,3.94,9,minnow
8288,1.77,10,minnow
8289,3.07,10,minnow
8290,0.54,11,minnow
8291,8.87,7,minnow
8292,0.33,10,minnow
8293,0.9,11,minnow
8294,9.88,9,minnow
8295,5.28,6,minnow
8296,1.53,4,minnow
8297,0.21,8,minnow
8298,3.08,10,minnow
8299,1.21,11,minnow
8300,7.16,12,minnow
8301,1.45,15,minnow
8302,0.2,6,minnow
8303,0.36,10,minnow
8304,1.68,9,minnow
8305,3.95,11,minnow
8306,0.52,5,minnow
8307,0.99,10,minnow
8308,11.8,7,minnow
8309,19.6,8,minnow
8310,5.17,6,minnow
8311,2.1,10,minnow
8312,1.23,9,minnow
8313,7.87,9,minnow
8314,2.0,8,minnow
8315,14.47,5,minnow
8316,15.74,11,minnow
8317,6.4,7,minnow
8318,1.5,12,minnow
8319,1.69,11,minnow
8320,0.24,7,minnow
8321,3.05,12,minnow
8322,2.9,7,minnow
8323,0.37,5,minnow
8324,145.86,55,whale
8325,8.08,12,minnow
8326,0.87,9,minnow
8327,88.83,23,dolphin
8328,1.5,10,minnow
8329,12.54,8,minnow
8330,3.82,8,minnow
8331,1.59,5,minnow
8332,1.94,17,minnow
8333,33.07,25,dolphin
8334,13.49,4,minnow
8335,2.73,6,minnow
8336,0.12,5,minnow
8337,5.4,15,minnow
8338,0.45,7,minnow
8339,7.86,8,minnow
8340,1.06,5,minnow
8341,1.25,7,minnow
8342,1.2,12,minnow
8343,16.99,14,minnow
8344,0.2,8,minnow
8345,10.81,10,minnow
8346,5.74,8,minnow
8347,2.96,8,minnow
8348,1.62,11,minnow
8349,7.23,11,minnow
8350,1.64,13,minnow
8351,1.62,8,minnow
8352,3.68,7,minnow
8353,52.02,29,dolphin
8354,0.3,8,minnow
8355,7.4,13,minnow
8356,2.64,14,minnow
8357,2.33,9,minnow
8358,0.29,7,minnow
8359,0.2,9,minnow
8360,5.72,7,minnow
8361,0.44,8,minnow
8362,16.88,7,minnow
8363,0.65,2,minnow
8364,8.02,10,minnow
8365,1.32,10,minnow
8366,1.22,10,minnow
8367,0.77,11,minnow
8368,6.68,8,minnow
8369,10.43,9,minnow
8370,2.0,7,minnow
8371,8.55,5,minnow
8372,3.39,4,minnow
8373,0.39,10,minnow
8374,6.08,13,minnow
8375,2.05,5,minnow
8376,0.05,9,minnow
8377,1.78,10,minnow
8378,0.22,7,minnow
8379,0.46,5,minnow
8380,2.23,9,minnow
8381,2.94,10,minnow
8382,0.87,7,minnow
8383,7.72,7,minnow
8384,2.76,7,minnow
8385,1.68,7,minnow
8386,3.56,4,minnow
8387,22.83,7,minnow
8388,0.11,6,minnow
8389,26.56,35,dolphin
8390,1.24,5,minnow
8391,0.95,6,minnow
8392,1.74,3,minnow
8393,0.8,7,minnow
8394,0.63,14,minnow
8395,12.87,7,minnow
8396,4.29,10,minnow
8397,0.15,7,minnow
8398,9.76,8,minnow
8399,7.73,7,minnow
8400,0.31,7,minnow
8401,4.43,10,minnow
8402,8.96,9,minnow
8403,0.25,7,minnow
8404,5.24,12,minnow
8405,1.13,11,minnow
8406,7.91,2,minnow
8407,0.75,10,minnow
8408,17.59,10,minnow
8409,2.25,8,minnow
8410,1.24,5,minnow
8411,1.04,9,minnow
8412,13.44,12,minnow
8413,1.04,8,minnow
8414,18.11,12,minnow
8415,4.67,1,minnow
8416,0.36,7,minnow
8417,3.46,4,minnow
8418,3.58,5,minnow
8419,0.34,11,minnow
8420,3.36,10,minnow
8421,7.9,5,minnow
8422,20.19,5,minnow
8423,18.82,6,minnow
8424,151.78,42,whale
8425,3.32,9,minnow
8426,8.05,5,minnow
8427,1.26,10,minnow
8428,67.68,24,dolphin
8429,0.8,10,minnow
8430,62.98,26,dolphin
8431,51.29,20,dolphin
8432,0.95,8,minnow
8433,17.43,8,minnow
8434,6.89,6,minnow
8435,1.72,6,minnow
8436,2.67,9,minnow
8437,5.08,4,minnow
8438,5.91,9,minnow
8439,36.26,24,dolphin
8440,8.28,9,minnow
8441,0.97,7,minnow
8442,10.91,10,minnow
8443,0.2,3,minnow
8444,1.79,9,minnow
8445,2.09,10,minnow
8446,9.52,5,minnow
8447,56.45,27,dolphin
8448,4.7,10,minnow
8449,1.86,6,minnow
8450,1.09,2,minnow
8451,12.63,11,minnow
8452,2.43,7,minnow
8453,1.48,6,minnow
8454,15.21,12,minnow
8455,21.56,12,minnow
8456,0.72,10,minnow
8457,0.3,7,minnow
8458,2.84,9,minnow
8459,0.54,7,minnow
8460,0.43,8,minnow
8461,0.63,6,minnow
8462,17.72,10,minnow
8463,9.4,10,minnow
8464,169.35,34,whale
8465,1.19,5,minnow
8466,27.88,21,dolphin
8467,7.31,7,minnow
8468,1.36,7,minnow
8469,2.63,12,minnow
8470,1.35,8,minnow
8471,5.02,9,minnow
8472,16.1,4,minnow
8473,1.84,13,minnow
8474,12.9,6,minnow
8475,25.38,38,dolphin
8476,36.24,19,dolphin
8477,0.51,10,minnow
8478,3.07,6,minnow
8479,10.33,15,minnow
8480,0.58,6,minnow
8481,0.41,10,minnow
8482,3.18,8,minnow
8483,1.71,13,minnow
8484,2.52,10,minnow
8485,1.56,11,minnow
8486,105.2,22,dolphin
8487,1.59,3,minnow
8488,8.47,9,minnow
8489,7.61,8,minnow
8490,0.22,6,minnow
8491,34.67,29,dolphin
8492,9.04,4,minnow
8493,4.27,7,minnow
8494,18.03,7,minnow
8495,3.08,10,minnow
8496,13.61,7,minnow
8497,0.16,8,minnow
8498,12.28,7,minnow
8499,4.45,10,minnow
8500,4.57,13,minnow
8501,0.86,10,minnow
8502,2.34,3,minnow
8503,2.23,9,minnow
8504,0.54,14,minnow
8505,5.89,7,minnow
8506,41.14,32,dolphin
8507,0.34,8,minnow
8508,7.27,10,minnow
8509,1.69,3,minnow
8510,1.41,5,minnow
8511,3.74,5,minnow
8512,3.83,7,minnow
8513,4.46,6,minnow
8514,0.54,9,minnow
8515,18.99,10,minnow
8516,3.78,11,minnow
8517,8.59,7,minnow
8518,23.18,11,minnow
8519,0.15,8,minnow
8520,9.1,6,minnow
8521,2.55,3,minnow
8522,16.95,5,minnow
8523,0.92,10,minnow
8524,14.83,3,minnow
8525,0.61,7,minnow
8526,6.32,4,minnow
8527,5.23,5,minnow
8528,2.59,7,minnow
8529,0.64,7,minnow
8530,1.84,6,minnow
8531,14.54,14,minnow
8532,35.89,17,dolphin
8533,75.69,22,dolphin
8534,7.71,7,minnow
8535,4.96,12,minnow
8536,6.81,19,minnow
8537,72.65,26,dolphin
8538,7.64,14,minnow
8539,3.82,8,minnow
8540,2.14,8,minnow
8541,2.57,5,minnow
8542,6.16,6,minnow
8543,1.0,3,minnow
8544,1.22,5,minnow
8545,3.0,5,minnow
8546,1.61,7,minnow
8547,8.62,7,minnow
8548,9.76,3,minnow
8549,5.05,8,minnow
8550,7.27,8,minnow
8551,4.01,8,minnow
8552,0.01,10,minnow
8553,0.82,2,minnow
8554,10.3,7,minnow
8555,0.87,6,minnow
8556,13.05,7,minnow
8557,14.28,8,minnow
8558,2.17,3,minnow
8559,1.29,6,minnow
8560,3.37,9,minnow
8561,3.09,11,minnow
8562,9.05,8,minnow
8563,0.08,9,minnow
8564,1.03,12,minnow
8565,0.66,11,minnow
8566,0.06,8,minnow
8567,1.5,10,minnow
8568,0.3,8,minnow
8569,1.79,5,minnow
8570,1.52,9,minnow
8571,6.86,4,minnow
8572,2.22,9,minnow
8573,0.22,6,minnow
8574,5.78,7,minnow
8575,159.46,61,whale
8576,18.54,12,minnow
8577,9.84,8,minnow
8578,2.43,11,minnow
8579,1.51,3,minnow
8580,1.35,6,minnow
8581,4.88,6,minnow
8582,0.54,4,minnow
8583,4.72,13,minnow
8584,1.15,5,minnow
8585,0.21,10,minnow
8586,1.12,11,minnow
8587,24.58,10,minnow
8588,4.14,9,minnow
8589,0.01,7,minnow
8590,1.13,10,minnow
8591,14.09,6,minnow
8592,2.06,6,minnow
8593,7.68,6,minnow
8594,1.76,6,minnow
8595,4.46,12,minnow
8596,3.51,9,minnow
8597,1.18,9,minnow
8598,8.28,7,minnow
8599,38.49,26,dolphin
8600,6.14,7,minnow
8601,3.92,7,minnow
8602,0.86,9,minnow
8603,14.9,7,minnow
8604,1.47,10,minnow
8605,8.14,10,minnow
8606,11.23,12,minnow
8607,16.12,5,minnow
8608,16.61,9,minnow
8609,15.67,6,minnow
8610,0.44,11,minnow
8611,0.84,8,minnow
8612,0.37,13,minnow
8613,0.33,6,minnow
8614,38.11,21,dolphin
8615,0.69,11,minnow
8616,0.55,13,minnow
8617,3.04,9,minnow
8618,1.01,7,minnow
8619,123.85,19,dolphin
8620,2.14,6,minnow
8621,6.77,10,minnow
8622,0.95,13,minnow
8623,0.23,1,minnow
8624,1.03,8,minnow
8625,1.05,4,minnow
8626,1.04,9,minnow
8627,0.26,6,minnow
8628,4.13,7,minnow
8629,1.94,6,minnow
8630,0.28,6,minnow
8631,3.94,8,minnow
8632,11.24,5,minnow
8633,22.56,9,minnow
8634,0.07,11,minnow
8635,1.03,9,minnow
8636,0.37,6,minnow
8637,1.17,10,minnow
8638,30.62,26,dolphin
8639,1.04,5,minnow
8640,1.55,11,minnow
8641,0.88,9,minnow
8642,44.77,27,dolphin
8643,0.08,7,minnow
8644,1.36,6,minnow
8645,0.83,5,minnow
8646,0.21,7,minnow
8647,19.37,9,minnow
8648,0.19,9,minnow
8649,1.59,4,minnow
8650,2.93,4,minnow
8651,1.0,8,minnow
8652,0.21,12,minnow
8653,2.54,5,minnow
8654,0.98,10,minnow
8655,12.11,10,minnow
8656,7.58,9,minnow
8657,74.5,23,dolphin
8658,3.96,4,minnow
8659,8.52,4,minnow
8660,1.87,16,minnow
8661,51.36,28,dolphin
8662,3.38,3,minnow
8663,2.82,4,minnow
8664,7.88,6,minnow
8665,1.18,6,minnow
8666,1.49,9,minnow
8667,7.88,7,minnow
8668,10.71,11,minnow
8669,8.63,10,minnow
8670,2.92,6,minnow
8671,5.12,9,minnow
8672,15.44,11,minnow
8673,0.58,11,minnow
8674,3.33,8,minnow
8675,0.03,5,minnow
8676,10.85,10,minnow
8677,0.95,6,minnow
8678,0.99,12,minnow
8679,2.73,15,minnow
8680,8.94,10,minnow
8681,152.47,41,whale
8682,0.28,8,minnow
8683,0.85,8,minnow
8684,4.79,5,minnow
8685,1.04,7,minnow
8686,12.65,12,minnow
8687,2.54,11,minnow
8688,13.69,5,minnow
8689,2.23,10,minnow
8690,7.94,8,minnow
8691,0.72,5,minnow
8692,73.69,25,dolphin
8693,0.22,11,minnow
8694,1.07,4,minnow
8695,0.34,16,minnow
8696,11.95,6,minnow
8697,7.87,3,minnow
8698,0.47,7,minnow
8699,16.37,9,minnow
8700,1.09,6,minnow
8701,6.17,9,minnow
8702,8.98,8,minnow
8703,2.24,9,minnow
8704,14.24,11,minnow
8705,2.64,5,minnow
8706,5.71,7,minnow
8707,2.14,7,minnow
8708,0.17,13,minnow
8709,2.72,9,minnow
8710,0.82,8,minnow
8711,30.8,21,dolphin
8712,0.37,4,minnow
8713,23.57,4,minnow
8714,2.49,13,minnow
8715,6.36,6,minnow
8716,0.36,5,minnow
8717,2.03,11,minnow
8718,1.15,12,minnow
8719,96.08,20,dolphin
8720,1.1,9,minnow
8721,21.02,8,minnow
8722,21.49,7,minnow
8723,20.55,6,minnow
8724,1.28,8,minnow
8725,59.61,21,dolphin
8726,83.05,17,dolphin
8727,5.97,6,minnow
8728,1.58,6,minnow
8729,0.84,12,minnow
8730,7.06,8,minnow
8731,3.68,5,minnow
8732,4.45,8,minnow
8733,0.38,5,minnow
8734,3.5,13,minnow
8735,20.7,11,minnow
8736,12.23,8,minnow
8737,1.71,10,minnow
8738,2.79,10,minnow
8739,0.32,8,minnow
8740,1.15,11,minnow
8741,1.93,7,minnow
8742,9.15,10,minnow
8743,1.07,11,minnow
8744,0.63,12,minnow
8745,11.16,7,minnow
8746,1.69,6,minnow
8747,0.87,7,minnow
8748,12.18,10,minnow
8749,6.92,3,minnow
8750,2.38,5,minnow
8751,1.89,10,minnow
8752,6.09,9,minnow
8753,7.86,9,minnow
8754,4.64,11,minnow
8755,4.03,5,minnow
8756,1.26,12,minnow
8757,1.38,2,minnow
8758,2.52,6,minnow
8759,0.71,9,minnow
8760,0.59,8,minnow
8761,2.88,4,minnow
8762,16.17,7,minnow
8763,0.12,9,minnow
8764,1.77,7,minnow
8765,5.13,9,minnow
8766,18.46,3,minnow
8767,59.14,35,dolphin
8768,2.2,8,minnow
8769,77.95,32,dolphin
8770,6.88,7,minnow
8771,12.22,5,minnow
8772,0.6,5,minnow
8773,6.86,7,minnow
8774,14.03,3,minnow
8775,1.1,3,minnow
8776,0.05,8,minnow
8777,4.21,7,minnow
8778,2.35,12,minnow
8779,28.53,28,dolphin
8780,1.4,7,minnow
8781,1.07,9,minnow
8782,0.51,6,minnow
8783,1.21,15,minnow
8784,236.78,38,whale
8785,0.26,4,minnow
8786,0.39,6,minnow
8787,3.04,6,minnow
8788,78.2,22,dolphin
8789,10.88,10,minnow
8790,39.79,23,dolphin
8791,1.79,5,minnow
8792,0.36,9,minnow
8793,1.62,10,minnow
8794,2.72,10,minnow
8795,3.38,8,minnow
8796,2.36,7,minnow
8797,8.54,11,minnow
8798,1.06,8,minnow
8799,0.75,4,minnow
8800,0.48,7,minnow
8801,4.61,4,minnow
8802,3.93,3,minnow
8803,19.03,11,minnow
8804,39.46,29,dolphin
8805,0.48,12,minnow
8806,3.45,10,minnow
8807,2.39,7,minnow
8808,0.28,13,minnow
8809,1.43,7,minnow
8810,40.71,21,dolphin
8811,1.21,12,minnow
8812,0.92,5,minnow
8813,3.05,7,minnow
8814,14.28,4,minnow
8815,2.04,11,minnow
8816,4.07,4,minnow
8817,0.09,6,minnow
8818,8.3,7,minnow
8819,4.73,4,minnow
8820,13.67,2,minnow
8821,0.17,9,minnow
8822,2.05,3,minnow
8823,15.53,7,minnow
8824,1.36,5,minnow
8825,3.6,6,minnow
8826,1.72,8,minnow
8827,1.79,8,minnow
8828,21.49,7,minnow
8829,0.34,11,minnow
8830,3.06,5,minnow
8831,4.97,7,minnow
8832,14.89,4,minnow
8833,2.73,6,minnow
8834,15.65,8,minnow
8835,3.04,2,minnow
8836,4.02,3,minnow
8837,3.78,6,minnow
8838,9.47,11,minnow
8839,7.9,9,minnow
8840,0.56,5,minnow
8841,4.7,13,minnow
8842,7.89,3,minnow
8843,34.42,28,dolphin
8844,0.66,12,minnow
8845,7.86,6,minnow
8846,1.9,12,minnow
8847,4.51,9,minnow
8848,0.6,9,minnow
8849,3.25,9,minnow
8850,5.53,7,minnow
8851,0.7,8,minnow
8852,33.72,29,dolphin
8853,0.28,12,minnow
8854,7.85,9,minnow
8855,0.07,5,minnow
8856,2.21,11,minnow
8857,7.15,13,minnow
8858,10.38,6,minnow
8859,2.8,9,minnow
8860,2.26,8,minnow
8861,8.23,4,minnow
8862,15.2,5,minnow
8863,30.19,18,dolphin
8864,0.42,7,minnow
8865,2.41,10,minnow
8866,0.1,11,minnow
8867,0.37,8,minnow
8868,1.08,4,minnow
8869,13.25,18,minnow
8870,1.54,8,minnow
8871,2.09,8,minnow
8872,5.37,11,minnow
8873,1.14,8,minnow
8874,0.14,8,minnow
8875,1.01,8,minnow
8876,2.74,11,minnow
8877,7.03,8,minnow
8878,2.39,7,minnow
8879,6.84,8,minnow
8880,14.58,8,minnow
8881,19.94,14,minnow
8882,4.37,10,minnow
8883,0.54,9,minnow
8884,0.45,11,minnow
8885,0.53,8,minnow
8886,0.59,7,minnow
8887,3.89,1,minnow
8888,68.03,23,dolphin
8889,4.66,7,minnow
8890,2.9,8,minnow
8891,15.47,11,minnow
8892,0.88,5,minnow
8893,17.59,9,minnow
8894,15.62,9,minnow
8895,3.65,10,minnow
8896,94.63,24,dolphin
8897,19.77,9,minnow
8898,3.57,8,minnow
8899,2.64,11,minnow
8900,1.66,2,minnow
8901,2.69,7,minnow
8902,2.82,3,minnow
8903,1.99,5,minnow
8904,2.36,6,minnow
8905,0.49,5,minnow
8906,1.34,5,minnow
8907,0.26,4,minnow
8908,6.44,8,minnow
8909,3.77,2,minnow
8910,2.73,11,minnow
8911,13.71,9,minnow
8912,0.83,14,minnow
8913,1.06,10,minnow
8914,0.31,8,minnow
8915,17.06,9,minnow
8916,8.75,9,minnow
8917,27.86,30,dolphin
8918,41.77,24,dolphin
8919,1.68,7,minnow
8920,1.06,10,minnow
8921,0.19,6,minnow
8922,0.57,5,minnow
8923,1.97,9,minnow
8924,0.12,9,minnow
8925,0.59,9,minnow
8926,2.91,2,minnow
8927,13.87,7,minnow
8928,1.05,7,minnow
8929,4.07,8,minnow
8930,65.5,21,dolphin
8931,0.18,10,minnow
8932,18.87,5,minnow
8933,6.11,10,minnow
8934,25.19,21,dolphin
8935,15.6,9,minnow
8936,1.15,8,minnow
8937,3.33,13,minnow
8938,0.32,10,minnow
8939,1.44,9,minnow
8940,3.48,7,minnow
8941,5.4,5,minnow
8942,11.74,10,minnow
8943,41.79,21,dolphin
8944,1.65,6,minnow
8945,20.73,10,minnow
8946,5.09,6,minnow
8947,0.41,18,minnow
8948,2.61,11,minnow
8949,4.0,9,minnow
8950,0.87,10,minnow
8951,0.63,6,minnow
8952,0.6,11,minnow
8953,1.39,15,minnow
8954,0.83,10,minnow
8955,23.78,11,minnow
8956,0.07,12,minnow
8957,3.97,12,minnow
8958,7.73,9,minnow
8959,0.71,9,minnow
8960,2.29,9,minnow
8961,1.92,6,minnow
8962,2.93,10,minnow
8963,9.59,10,minnow
8964,8.31,4,minnow
8965,1.27,7,minnow
8966,0.3,7,minnow
8967,4.32,12,minnow
8968,1.16,7,minnow
8969,1.43,11,minnow
8970,4.75,6,minnow
8971,1.66,7,minnow
8972,5.42,5,minnow
8973,185.04,63,whale
8974,9.95,7,minnow
8975,28.56,26,dolphin
8976,7.52,8,minnow
8977,3.76,15,minnow
8978,7.7,8,minnow
8979,7.13,6,minnow
8980,13.2,8,minnow
8981,3.65,10,minnow
8982,0.41,12,minnow
8983,0.32,5,minnow
8984,6.94,7,minnow
8985,0.55,4,minnow
8986,9.96,6,minnow
8987,28.27,32,dolphin
8988,2.33,6,minnow
8989,23.06,8,minnow
8990,5.02,9,minnow
8991,3.46,7,minnow
8992,3.73,5,minnow
8993,0.88,6,minnow
8994,0.72,9,minnow
8995,0.24,7,minnow
8996,1.03,12,minnow
8997,101.8,19,dolphin
8998,0.3,4,minnow
8999,0.51,6,minnow
9000,0.91,8,minnow
9001,0.99,9,minnow
9002,5.11,12,minnow
9003,1.25,8,minnow
9004,2.42,8,minnow
9005,0.85,7,minnow
9006,1.55,4,minnow
9007,3.02,10,minnow
9008,2.68,7,minnow
9009,78.98,23,dolphin
9010,3.17,4,minnow
9011,2.37,8,minnow
9012,0.06,5,minnow
9013,4.87,4,minnow
9014,0.14,7,minnow
9015,8.03,10,minnow
9016,4.17,16,minnow
9017,11.9,9,minnow
9018,1.2,10,minnow
9019,3.47,9,minnow
9020,9.79,8,minnow
9021,0.75,5,minnow
9022,8.81,11,minnow
9023,8.19,8,minnow
9024,2.68,12,minnow
9025,41.5,28,dolphin
9026,7.58,6,minnow
9027,0.23,7,minnow
9028,16.15,10,minnow
9029,1.16,13,minnow
9030,11.9,10,minnow
9031,5.33,11,minnow
9032,0.05,7,minnow
9033,8.74,8,minnow
9034,2.33,12,minnow
9035,1.59,6,minnow
9036,1.69,10,minnow
9037,11.73,7,minnow
9038,0.76,6,minnow
9039,19.71,11,minnow
9040,0.29,9,minnow
9041,5.33,9,minnow
9042,11.43,5,minnow
9043,10.99,7,minnow
9044,4.46,14,minnow
9045,2.38,3,minnow
9046,1.38,8,minnow
9047,0.47,11,minnow
9048,1.11,14,minnow
9049,0.71,7,minnow
9050,0.55,5,minnow
9051,59.5,29,dolphin
9052,0.21,5,minnow
9053,20.1,5,minnow
9054,0.46,10,minnow
9055,0.65,15,minnow
9056,0.63,4,minnow
9057,0.56,7,minnow
9058,14.54,5,minnow
9059,8.51,7,minnow
9060,2.29,9,minnow
9061,252.59,50,whale
9062,3.23,6,minnow
9063,3.65,7,minnow
9064,1.11,7,minnow
9065,0.92,6,minnow
9066,1.41,10,minnow
9067,12.97,8,minnow
9068,8.28,6,minnow
9069,26.18,15,dolphin
9070,1.05,9,minnow
9071,8.53,9,minnow
9072,5.41,6,minnow
9073,6.65,10,minnow
9074,0.83,2,minnow
9075,0.63,4,minnow
9076,7.87,7,minnow
9077,13.42,7,minnow
9078,1.23,11,minnow
9079,8.8,9,minnow
9080,22.62,4,minnow
9081,1.86,11,minnow
9082,0.33,8,minnow
9083,0.41,9,minnow
9084,1.12,8,minnow
9085,1.63,13,minnow
9086,3.13,14,minnow
9087,3.24,8,minnow
9088,2.15,11,minnow
9089,9.84,7,minnow
9090,0.98,11,minnow
9091,25.12,23,dolphin
9092,14.94,7,minnow
9093,13.29,10,minnow
9094,1.16,8,minnow
9095,2.76,6,minnow
9096,10.55,12,minnow
9097,2.41,11,minnow
9098,1.08,8,minnow
9099,1.02,12,minnow
9100,1.1,6,minnow
9101,0.52,4,minnow
9102,327.85,36,whale
9103,0.15,9,minnow
9104,0.69,7,minnow
9105,8.62,12,minnow
9106,1.12,7,minnow
9107,1.89,9,minnow
9108,6.25,7,minnow
9109,17.32,10,minnow
9110,2.14,7,minnow
9111,14.52,6,minnow
9112,0.22,10,minnow
9113,1.26,9,minnow
9114,7.33,16,minnow
9115,78.03,19,dolphin
9116,0.71,8,minnow
9117,0.53,13,minnow
9118,5.73,7,minnow
9119,3.61,11,minnow
9120,1.05,10,minnow
9121,0.47,4,minnow
9122,1.46,10,minnow
9123,7.64,8,minnow
9124,1.95,4,minnow
9125,21.63,5,minnow
9126,2.67,10,minnow
9127,8.69,11,minnow
9128,5.18,6,minnow
9129,1.74,6,minnow
9130,12.59,5,minnow
9131,0.47,8,minnow
9132,1.37,13,minnow
9133,1.71,9,minnow
9134,6.11,6,minnow
9135,9.11,12,minnow
9136,0.9,8,minnow
9137,0.72,8,minnow
9138,3.76,6,minnow
9139,0.28,4,minnow
9140,16.65,6,minnow
9141,2.32,11,minnow
9142,0.51,5,minnow
9143,0.5,10,minnow
9144,5.48,10,minnow
9145,5.25,9,minnow
9146,0.97,8,minnow
9147,2.77,7,minnow
9148,0.55,11,minnow
9149,2.2,12,minnow
9150,35.19,24,dolphin
9151,100.37,27,dolphin
9152,2.37,2,minnow
9153,6.63,9,minnow
9154,6.22,8,minnow
9155,0.21,6,minnow
9156,0.53,9,minnow
9157,0.08,3,minnow
9158,6.81,6,minnow
9159,74.64,30,dolphin
9160,18.27,11,minnow
9161,3.57,10,minnow
9162,2.85,7,minnow
9163,1.89,4,minnow
9164,18.09,7,minnow
9165,4.69,7,minnow
9166,3.67,8,minnow
9167,0.57,11,minnow
9168,8.69,12,minnow
9169,2.61,6,minnow
9170,6.27,7,minnow
9171,16.42,4,minnow
9172,0.24,8,minnow
9173,2.07,10,minnow
9174,1.64,8,minnow
9175,1.42,9,minnow
9176,0.56,10,minnow
9177,1.04,3,minnow
9178,0.57,5,minnow
9179,12.43,6,minnow
9180,6.07,9,minnow
9181,5.44,11,minnow
9182,0.15,8,minnow
9183,75.05,23,dolphin
9184,1.73,9,minnow
9185,54.13,23,dolphin
9186,11.01,6,minnow
9187,2.29,7,minnow
9188,87.28,22,dolphin
9189,8.23,8,minnow
9190,2.3,11,minnow
9191,1.78,7,minnow
9192,17.31,6,minnow
9193,1.41,3,minnow
9194,1.81,8,minnow
9195,1.28,9,minnow
9196,0.99,8,minnow
9197,1.09,9,minnow
9198,56.6,28,dolphin
9199,16.65,7,minnow
9200,4.84,7,minnow
9201,1.38,5,minnow
9202,1.37,7,minnow
9203,1.85,6,minnow
9204,58.11,26,dolphin
9205,5.29,9,minnow
9206,10.98,7,minnow
9207,4.57,9,minnow
9208,0.8,10,minnow
9209,3.91,8,minnow
9210,0.59,11,minnow
9211,22.48,9,minnow
9212,1.0,10,minnow
9213,1.33,9,minnow
9214,12.2,5,minnow
9215,1.09,5,minnow
9216,2.34,11,minnow
9217,0.05,8,minnow
9218,1.98,13,minnow
9219,8.59,14,minnow
9220,1.22,8,minnow
9221,8.12,8,minnow
9222,3.24,11,minnow
9223,18.93,13,minnow
9224,1.02,4,minnow
9225,2.26,8,minnow
9226,0.32,3,minnow
9227,2.87,9,minnow
9228,1.69,12,minnow
9229,15.43,10,minnow
9230,1.22,10,minnow
9231,1.69,10,minnow
9232,1.13,6,minnow
9233,3.47,8,minnow
9234,79.97,18,dolphin
9235,0.01,8,minnow
9236,3.08,5,minnow
9237,21.74,11,minnow
9238,1.46,6,minnow
9239,7.72,9,minnow
9240,21.84,13,minnow
9241,2.13,13,minnow
9242,1.17,3,minnow
9243,14.83,6,minnow
9244,7.33,7,minnow
9245,3.0,9,minnow
9246,8.83,6,minnow
9247,15.43,3,minnow
9248,3.05,7,minnow
9249,5.41,4,minnow
9250,7.66,7,minnow
9251,1.59,7,minnow
9252,22.21,8,minnow
9253,0.64,1,minnow
9254,2.69,6,minnow
9255,11.34,7,minnow
9256,0.61,13,minnow
9257,13.38,4,minnow
9258,4.5,6,minnow
9259,27.67,21,dolphin
9260,8.85,8,minnow
9261,2.56,7,minnow
9262,4.81,10,minnow
9263,5.09,7,minnow
9264,84.54,21,dolphin
9265,3.8,7,minnow
9266,2.66,5,minnow
9267,2.43,5,minnow
9268,4.49,4,minnow
9269,0.54,8,minnow
9270,1.8,9,minnow
9271,0.66,9,minnow
9272,0.81,5,minnow
9273,12.02,7,minnow
9274,3.46,10,minnow
9275,1.01,10,minnow
9276,2.61,11,minnow
9277,2.24,10,minnow
9278,3.61,9,minnow
9279,0.3,12,minnow
9280,0.58,9,minnow
9281,0.33,13,minnow
9282,0.79,10,minnow
9283,1.04,14,minnow
9284,0.63,7,minnow
9285,11.28,6,minnow
9286,63.05,18,dolphin
9287,12.44,9,minnow
9288,1.34,12,minnow
9289,4.65,7,minnow
9290,2.99,10,minnow
9291,1.25,12,minnow
9292,27.65,23,dolphin
9293,82.4,22,dolphin
9294,0.32,10,minnow
9295,33.26,29,dolphin
9296,1.29,9,minnow
9297,2.18,7,minnow
9298,5.22,5,minnow
9299,39.5,30,dolphin
9300,5.21,6,minnow
9301,6.42,5,minnow
9302,13.01,6,minnow
9303,16.74,7,minnow
9304,7.52,9,minnow
9305,16.91,8,minnow
9306,1.28,5,minnow
9307,0.21,5,minnow
9308,61.56,37,dolphin
9309,0.63,8,minnow
9310,1.41,6,minnow
9311,1.95,9,minnow
9312,1.48,5,minnow
9313,1.04,9,minnow
9314,6.97,6,minnow
9315,7.09,7,minnow
9316,8.95,10,minnow
9317,8.1,7,minnow
9318,1.7,10,minnow
9319,1.7,10,minnow
9320,19.9,9,minnow
9321,1.44,10,minnow
9322,1.4,13,minnow
9323,14.69,10,minnow
9324,3.22,5,minnow
9325,1.48,6,minnow
9326,1.5,10,minnow
9327,20.05,14,minnow
9328,8.48,7,minnow
9329,4.85,10,minnow
9330,0.51,10,minnow
9331,4.88,8,minnow
9332,2.36,6,minnow
9333,0.77,9,minnow
9334,1.27,4,minnow
9335,10.11,9,minnow
9336,24.24,9,minnow
9337,0.61,13,minnow
9338,0.75,7,minnow
9339,10.08,7,minnow
9340,1.73,10,minnow
9341,8.04,9,minnow
9342,1.69,8,minnow
9343,8.36,7,minnow
9344,0.37,12,minnow
9345,8.0,11,minnow
9346,0.12,3,minnow
9347,14.59,7,minnow
9348,3.14,8,minnow
9349,6.73,12,minnow
9350,4.85,6,minnow
9351,0.22,4,minnow
9352,29.57,23,dolphin
9353,5.67,8,minnow
9354,11.14,7,minnow
9355,0.92,12,minnow
9356,4.88,15,minnow
9357,0.41,11,minnow
9358,4.22,5,minnow
9359,0.74,8,minnow
9360,10012.37,57,whale
9361,8.74,5,minnow
9362,27.92,23,dolphin
9363,2.23,4,minnow
9364,6.29,8,minnow
9365,14.13,10,minnow
9366,0.6,4,minnow
9367,1.13,5,minnow
9368,15.74,11,minnow
9369,2.34,8,minnow
9370,1.0,5,minnow
9371,1.21,8,minnow
9372,0.47,3,minnow
9373,0.14,5,minnow
9374,0.22,7,minnow
9375,3.57,9,minnow
9376,9.72,7,minnow
9377,186.85,47,whale
9378,3.11,5,minnow
9379,0.43,6,minnow
9380,3.17,5,minnow
9381,10.22,7,minnow
9382,17.26,8,minnow
9383,14.78,10,minnow
9384,8.3,5,minnow
9385,3.87,13,minnow
9386,10.79,9,minnow
9387,0.5,11,minnow
9388,0.13,8,minnow
9389,94.56,26,dolphin
9390,3.08,6,minnow
9391,7.8,3,minnow
9392,0.04,12,minnow
9393,39.32,21,dolphin
9394,21.1,4,minnow
9395,0.27,7,minnow
9396,2.0,7,minnow
9397,5.08,8,minnow
9398,0.44,11,minnow
9399,7.26,7,minnow
9400,17.69,9,minnow
9401,5.58,5,minnow
9402,0.27,13,minnow
9403,0.63,4,minnow
9404,2.72,5,minnow
9405,2.23,10,minnow
9406,2.3,5,minnow
9407,2.17,11,minnow
9408,0.19,11,minnow
9409,12.05,4,minnow
9410,9.06,12,minnow
9411,7.66,10,minnow
9412,6.6,8,minnow
9413,2.11,9,minnow
9414,1.26,9,minnow
9415,0.65,6,minnow
9416,39.2,32,dolphin
9417,3.21,9,minnow
9418,0.23,3,minnow
9419,3.17,5,minnow
9420,0.12,5,minnow
9421,4.94,11,minnow
9422,4.17,9,minnow
9423,1.4,6,minnow
9424,0.74,7,minnow
9425,8.17,4,minnow
9426,2.91,6,minnow
9427,0.15,10,minnow
9428,22.79,5,minnow
9429,0.74,9,minnow
9430,0.4,7,minnow
9431,29.19,24,dolphin
9432,18.09,7,minnow
9433,1.69,7,minnow
9434,0.45,7,minnow
9435,0.77,7,minnow
9436,1.65,10,minnow
9437,23.24,12,minnow
9438,26.36,24,dolphin
9439,4.33,14,minnow
9440,9.4,10,minnow
9441,2.38,7,minnow
9442,0.82,7,minnow
9443,0.3,9,minnow
9444,5.57,5,minnow
9445,14.02,14,minnow
9446,1.47,12,minnow
9447,22.2,10,minnow
9448,1.79,9,minnow
9449,3.8,6,minnow
9450,2.33,5,minnow
9451,24.01,12,minnow
9452,7.3,10,minnow
9453,3.02,15,minnow
9454,3.75,3,minnow
9455,0.5,7,minnow
9456,0.09,8,minnow
9457,1.42,4,minnow
9458,2.43,9,minnow
9459,7.77,15,minnow
9460,2.56,7,minnow
9461,1.57,5,minnow
9462,0.03,7,minnow
9463,7.72,11,minnow
9464,4.65,10,minnow
9465,12.21,10,minnow
9466,3.47,10,minnow
9467,20.8,5,minnow
9468,1.38,12,minnow
9469,3.11,7,minnow
9470,4.88,8,minnow
9471,9.54,8,minnow
9472,6.46,11,minnow
9473,7.13,9,minnow
9474,5.1,6,minnow
9475,2.44,6,minnow
9476,14.04,11,minnow
9477,0.23,11,minnow
9478,1.21,4,minnow
9479,42.39,24,dolphin
9480,1.13,10,minnow
9481,2.93,6,minnow
9482,30.58,21,dolphin
9483,2.71,11,minnow
9484,0.87,14,minnow
9485,22.59,8,minnow
9486,2.09,10,minnow
9487,2.33,5,minnow
9488,0.14,4,minnow
9489,2.71,9,minnow
9490,9.9,10,minnow
9491,1.67,8,minnow
9492,0.43,7,minnow
9493,1.54,10,minnow
9494,1.24,6,minnow
9495,2.21,7,minnow
9496,1.45,9,minnow
9497,47.62,21,dolphin
9498,5.39,11,minnow
9499,0.21,11,minnow
9500,3.72,4,minnow
9501,3.11,6,minnow
9502,22.45,8,minnow
9503,2.59,4,minnow
9504,2.47,7,minnow
9505,65.42,27,dolphin
9506,0.6,8,minnow
9507,11.9,7,minnow
9508,3.68,8,minnow
9509,1.49,11,minnow
9510,1.18,11,minnow
9511,29.18,21,dolphin
9512,6.99,5,minnow
9513,8.69,11,minnow
9514,13.79,2,minnow
9515,5.74,11,minnow
9516,0.61,2,minnow
9517,0.27,10,minnow
9518,38.99,24,dolphin
9519,4.63,17,minnow
9520,3.77,3,minnow
9521,59.58,21,dolphin
9522,0.6,5,minnow
9523,0.06,6,minnow
9524,0.18,13,minnow
9525,1.42,8,minnow
9526,4.0,7,minnow
9527,30.77,17,dolphin
9528,12.8,7,minnow
9529,0.06,7,minnow
9530,293.27,51,whale
9531,1.72,2,minnow
9532,23.68,7,minnow
9533,7.95,8,minnow
9534,3.35,4,minnow
9535,2.27,5,minnow
9536,0.56,16,minnow
9537,0.42,8,minnow
9538,2.54,6,minnow
9539,0.36,9,minnow
9540,46.37,19,dolphin
9541,3.88,8,minnow
9542,94.48,24,dolphin
9543,1.65,8,minnow
9544,1.29,10,minnow
9545,8.55,5,minnow
9546,2.19,8,minnow
9547,15.75,7,minnow
9548,33.15,24,dolphin
9549,19.27,4,minnow
9550,29.46,22,dolphin
9551,12.28,8,minnow
9552,1.38,14,minnow
9553,20.57,6,minnow
9554,10.14,5,minnow
9555,1.24,9,minnow
9556,1.51,10,minnow
9557,2.87,8,minnow
9558,19.66,2,minnow
9559,4.0,7,minnow
9560,3.29,11,minnow
9561,2.57,9,minnow
9562,1.89,5,minnow
9563,0.52,11,minnow
9564,11.85,9,minnow
9565,0.65,4,minnow
9566,3.7,9,minnow
9567,1.73,13,minnow
9568,11.32,6,minnow
9569,1.92,9,minnow
9570,0.66,6,minnow
9571,16.17,13,minnow
9572,0.89,10,minnow
9573,4.25,7,minnow
9574,25.48,32,dolphin
9575,1.03,7,minnow
9576,2.81,4,minnow
9577,1.67,5,minnow
9578,4.1,5,minnow
9579,2.98,4,minnow
9580,14.48,10,minnow
9581,1.23,8,minnow
9582,25.5,20,dolphin
9583,43.27,24,dolphin
9584,5.01,5,minnow
9585,0.94,8,minnow
9586,3.11,13,minnow
9587,2.72,5,minnow
9588,56.59,26,dolphin
9589,2.81,3,minnow
9590,30.34,24,dolphin
9591,3.97,9,minnow
9592,3.57,9,minnow
9593,1.88,6,minnow
9594,2.19,4,minnow
9595,13.78,9,minnow
9596,1.03,6,minnow
9597,15.42,6,minnow
9598,33.29,29,dolphin
9599,1.29,8,minnow
9600,22.94,8,minnow
9601,17.76,8,minnow
9602,13.34,10,minnow
9603,1.2,9,minnow
9604,2.74,12,minnow
9605,2.74,6,minnow
9606,94.17,28,dolphin
9607,3.27,12,minnow
9608,2.48,7,minnow
9609,0.53,11,minnow
9610,0.7,8,minnow
9611,1.11,4,minnow
9612,5.92,10,minnow
9613,0.34,8,minnow
9614,1.14,9,minnow
9615,0.17,4,minnow
9616,31.28,20,dolphin
9617,3.94,11,minnow
9618,5.46,7,minnow
9619,0.58,7,minnow
9620,21.29,9,minnow
9621,36.78,28,dolphin
9622,3.7,8,minnow
9623,1.54,8,minnow
9624,8.03,9,minnow
9625,10.76,7,minnow
9626,13.36,8,minnow
9627,9.6,5,minnow
9628,15.52,9,minnow
9629,1.1,11,minnow
9630,14.28,11,minnow
9631,1.61,7,minnow
9632,0.06,14,minnow
9633,1.58,13,minnow
9634,1.37,7,minnow
9635,4.88,11,minnow
9636,12.69,9,minnow
9637,4.52,8,minnow
9638,82.58,15,dolphin
9639,1.43,9,minnow
9640,0.14,5,minnow
9641,5.18,4,minnow
9642,1.39,7,minnow
9643,0.58,6,minnow
9644,2.06,6,minnow
9645,0.95,4,minnow
9646,1.11,3,minnow
9647,37.94,28,dolphin
9648,4.05,12,minnow
9649,2.17,4,minnow
9650,42.78,18,dolphin
9651,2.07,9,minnow
9652,0.46,11,minnow
9653,0.4,10,minnow
9654,2.92,11,minnow
9655,0.24,5,minnow
9656,0.51,12,minnow
9657,1.8,4,minnow
9658,20.31,6,minnow
9659,26.23,19,dolphin
9660,9.54,12,minnow
9661,3.3,5,minnow
9662,1.33,10,minnow
9663,6.18,5,minnow
9664,57.46,35,dolphin
9665,4.16,8,minnow
9666,1.59,6,minnow
9667,2.58,9,minnow
9668,2.17,6,minnow
9669,7.99,3,minnow
9670,0.98,7,minnow
9671,6.36,12,minnow
9672,8.24,10,minnow
9673,5.76,9,minnow
9674,0.58,12,minnow
9675,2.61,12,minnow
9676,1.43,8,minnow
9677,2.95,8,minnow
9678,1.14,9,minnow
9679,24.27,6,minnow
9680,4.48,5,minnow
9681,0.25,13,minnow
9682,0.4,9,minnow
9683,22.82,5,minnow
9684,2.49,8,minnow
9685,1.78,9,minnow
9686,20.2,8,minnow
9687,2.61,7,minnow
9688,0.49,4,minnow
9689,0.55,11,minnow
9690,9.06,13,minnow
9691,85.38,24,dolphin
9692,12.72,7,minnow
9693,1.8,12,minnow
9694,2.31,2,minnow
9695,3.59,12,minnow
9696,0.13,8,minnow
9697,3.45,5,minnow
9698,8.45,6,minnow
9699,56.64,24,dolphin
9700,19.01,10,minnow
9701,72.81,25,dolphin
9702,48.86,22,dolphin
9703,30.92,15,dolphin
9704,3.46,8,minnow
9705,5.76,9,minnow
9706,0.23,7,minnow
9707,4.09,3,minnow
9708,8.21,10,minnow
9709,2.11,2,minnow
9710,0.28,4,minnow
9711,41.78,18,dolphin
9712,6.36,12,minnow
9713,52.09,22,dolphin
9714,10.89,7,minnow
9715,29.65,20,dolphin
9716,21.35,10,minnow
9717,1.12,5,minnow
9718,1.47,8,minnow
9719,1.67,3,minnow
9720,0.71,9,minnow
9721,55.94,22,dolphin
9722,3.55,8,minnow
9723,6.93,7,minnow
9724,0.39,15,minnow
9725,12.3,5,minnow
9726,1.72,10,minnow
9727,24.97,15,minnow
9728,1.11,5,minnow
9729,27.97,17,dolphin
9730,14.96,11,minnow
9731,1.58,6,minnow
9732,32.09,36,dolphin
9733,20.87,5,minnow
9734,7.27,6,minnow
9735,0.68,12,minnow
9736,11.94,7,minnow
9737,3.69,9,minnow
9738,3.59,12,minnow
9739,3.74,11,minnow
9740,3.16,15,minnow
9741,0.83,9,minnow
9742,0.29,10,minnow
9743,0.21,6,minnow
9744,5.36,6,minnow
9745,0.07,8,minnow
9746,10.61,8,minnow
9747,7.46,7,minnow
9748,2.05,6,minnow
9749,17.16,7,minnow
9750,2.19,9,minnow
9751,6.49,5,minnow
9752,0.14,6,minnow
9753,0.09,6,minnow
9754,2.28,4,minnow
9755,6.53,10,minnow
9756,15.19,7,minnow
9757,2.5,7,minnow
9758,4.93,5,minnow
9759,11.68,11,minnow
9760,2.71,12,minnow
9761,8.5,9,minnow
9762,0.55,6,minnow
9763,0.23,8,minnow
9764,1.41,15,minnow
9765,11.47,7,minnow
9766,1.06,11,minnow
9767,9.41,6,minnow
9768,0.64,10,minnow
9769,1.31,11,minnow
9770,4.89,5,minnow
9771,1.14,6,minnow
9772,1.5,11,minnow
9773,0.05,7,minnow
9774,12.72,9,minnow
9775,2.75,8,minnow
9776,0.73,12,minnow
9777,62.31,35,dolphin
9778,0.94,9,minnow
9779,1.46,21,minnow
9780,0.71,12,minnow
9781,19.41,5,minnow
9782,32.92,16,dolphin
9783,28.06,17,dolphin
9784,27.63,30,dolphin
9785,1.28,6,minnow
9786,48.23,21,dolphin
9787,2.43,11,minnow
9788,0.28,10,minnow
9789,1.68,6,minnow
9790,5.59,10,minnow
9791,1.18,11,minnow
9792,4.2,5,minnow
9793,7.83,10,minnow
9794,6.4,7,minnow
9795,9.47,7,minnow
9796,2.49,7,minnow
9797,1.04,7,minnow
9798,0.32,6,minnow
9799,2.88,9,minnow
9800,1.41,12,minnow
9801,2.75,8,minnow
9802,0.12,13,minnow
9803,0.29,4,minnow
9804,7.51,8,minnow
9805,0.24,4,minnow
9806,2.45,6,minnow
9807,0.88,11,minnow
9808,0.79,5,minnow
9809,3.81,12,minnow
9810,3.48,6,minnow
9811,7.96,7,minnow
9812,0.57,9,minnow
9813,0.81,16,minnow
9814,20.03,6,minnow
9815,2.32,14,minnow
9816,5.96,3,minnow
9817,1.5,8,minnow
9818,6.88,6,minnow
9819,0.06,8,minnow
9820,20.95,8,minnow
9821,1.6,5,minnow
9822,0.45,11,minnow
9823,0.61,10,minnow
9824,2.18,5,minnow
9825,2.78,8,minnow
9826,4.16,12,minnow
9827,0.49,11,minnow
9828,13.38,6,minnow
9829,1.43,8,minnow
9830,1.32,10,minnow
9831,2.31,9,minnow
9832,9.59,4,minnow
9833,3.14,15,minnow
9834,1.39,6,minnow
9835,1.98,6,minnow
9836,23.35,8,minnow
9837,17.97,4,minnow
9838,5.96,7,minnow
9839,4.21,10,minnow
9840,134.53,45,whale
9841,6.97,8,minnow
9842,4.43,8,minnow
9843,2.4,9,minnow
9844,5.88,11,minnow
9845,0.03,7,minnow
9846,17.19,7,minnow
9847,0.43,6,minnow
9848,1.05,7,minnow
9849,0.35,7,minnow
9850,1.02,13,minnow
9851,1.93,8,minnow
9852,13.78,6,minnow
9853,26.11,26,dolphin
9854,74.13,24,dolphin
9855,3.91,8,minnow
9856,2.34,10,minnow
9857,11.56,6,minnow
9858,0.85,8,minnow
9859,0.71,6,minnow
9860,1.84,5,minnow
9861,3.15,10,minnow
9862,0.12,10,minnow
9863,18.3,11,minnow
9864,4.87,11,minnow
9865,11.91,8,minnow
9866,0.27,14,minnow
9867,1.15,5,minnow
9868,1.06,10,minnow
9869,2.4,6,minnow
9870,3.15,17,minnow
9871,13.35,11,minnow
9872,3.89,8,minnow
9873,1.01,7,minnow
9874,109.98,28,dolphin
9875,2.17,7,minnow
9876,0.78,5,minnow
9877,0.16,7,minnow
9878,3.84,8,minnow
9879,10.03,6,minnow
9880,0.54,8,minnow
9881,9.02,10,minnow
9882,3.8,8,minnow
9883,0.19,13,minnow
9884,9.03,13,minnow
9885,2.17,8,minnow
9886,0.55,8,minnow
9887,15.35,9,minnow
9888,14.89,6,minnow
9889,0.53,8,minnow
9890,5.31,3,minnow
9891,4.6,9,minnow
9892,2.98,7,minnow
9893,1.45,8,minnow
9894,2.62,6,minnow
9895,14.9,11,minnow
9896,6.39,11,minnow
9897,0.15,6,minnow
9898,0.11,8,minnow
9899,0.17,4,minnow
9900,0.38,4,minnow
9901,0.99,4,minnow
9902,1.61,9,minnow
9903,2.99,9,minnow
9904,3.15,12,minnow
9905,3.07,6,minnow
9906,20.69,9,minnow
9907,0.23,7,minnow
9908,5.67,13,minnow
9909,5.62,1,minnow
9910,0.44,9,minnow
9911,7.8,7,minnow
9912,6.03,5,minnow
9913,3.1,7,minnow
9914,0.07,10,minnow
9915,15.52,6,minnow
9916,4.77,9,minnow
9917,6.33,5,minnow
9918,0.01,8,minnow
9919,1.42,10,minnow
9920,0.33,8,minnow
9921,26.3,21,dolphin
9922,0.57,8,minnow
9923,35.4,20,dolphin
9924,15.25,7,minnow
9925,4.73,9,minnow
9926,20.42,8,minnow
9927,0.73,9,minnow
9928,0.98,4,minnow
9929,14.52,10,minnow
9930,0.74,8,minnow
9931,0.4,9,minnow
9932,1.99,6,minnow
9933,0.81,5,minnow
9934,65.67,19,dolphin
9935,11.48,7,minnow
9936,1.32,3,minnow
9937,0.67,10,minnow
9938,5.71,7,minnow
9939,22.2,13,minnow
9940,5.29,6,minnow
9941,0.72,7,minnow
9942,0.33,8,minnow
9943,1.81,9,minnow
9944,5.5,6,minnow
9945,1.56,7,minnow
9946,16.65,14,minnow
9947,7.72,2,minnow
9948,4.85,8,minnow
9949,7.48,11,minnow
9950,0.36,9,minnow
9951,1.5,6,minnow
9952,0.63,10,minnow
9953,6.14,8,minnow
9954,0.64,9,minnow
9955,3.79,9,minnow
9956,2.55,8,minnow
9957,8.67,8,minnow
9958,0.49,4,minnow
9959,6.84,7,minnow
9960,0.6,8,minnow
9961,0.71,1,minnow
9962,2.64,8,minnow
9963,22.44,6,minnow
9964,0.86,7,minnow
9965,0.19,8,minnow
9966,0.73,5,minnow
9967,1.79,6,minnow
9968,66.05,22,dolphin
9969,6.18,15,minnow
9970,0.99,8,minnow
9971,2.65,8,minnow
9972,41.0,35,dolphin
9973,2.26,6,minnow
9974,2.3,8,minnow
9975,1.74,8,minnow
9976,10.11,6,minnow
9977,1.43,15,minnow
9978,13.41,4,minnow
9979,18.18,10,minnow
9980,8.86,7,minnow
9981,2.32,7,minnow
9982,0.35,4,minnow
9983,2.32,2,minnow
9984,1.14,6,minnow
9985,0.95,10,minnow
9986,2.26,13,minnow
9987,7.15,11,minnow
9988,1.23,9,minnow
9989,0.37,10,minnow
9990,0.72,9,minnow
9991,49.63,22,dolphin
9992,7.99,12,minnow
9993,0.72,6,minnow
9994,26.11,14,dolphin
9995,2.26,10,minnow
9996,127.08,22,dolphin
9997,5.05,6,minnow
9998,8.21,6,minnow
9999,12.68,6,minnow
10000,35.79,25,dolphin
