customer_id,signup_date,age,tenure_months,plan,support_tickets,last_login_days_ago,refund_after_churn,churned
C00001,2020-11-22,70.0,12.1,free,0,6,False,False
C00002,2024-02-01,41.0,8.5,basic,1,6,False,False
C00003,2021-10-07,56.0,26.3,basic,3,14,False,False
C00004,2021-07-23,46.0,2.6,pro,0,4,False,False
C00005,2022-10-05,39.0,9.7,pro,0,4,False,False
C00006,2022-02-03,68.0,24.1,basic,0,4,False,False
C00007,2023-12-08,34.0,13.1,free,2,11,False,False
C00008,2023-09-26,24.0,31.7,free,0,24,False,False
C00009,2022-05-31,72.0,14.9,pro,2,25,False,False
C00010,2022-10-22,70.0,5.4,basic,0,15,False,False
C00011,2020-09-10,35.0,52.8,free,4,3,False,False
C00012,2022-12-07,29.0,35.0,basic,1,15,False,False
C00013,2022-02-06,73.0,2.3,basic,2,116,False,True
C00014,2021-10-18,51.0,12.7,free,0,28,False,False
C00015,2023-05-31,,36.6,free,0,8,False,False
C00016,2021-06-09,45.0,0.1,free,0,6,False,False
C00017,2022-10-20,20.0,6.0,basic,1,2,False,False
C00018,2023-09-03,60.0,0.7,basic,0,18,False,False
C00019,2023-01-23,27.0,34.7,basic,0,16,False,False
C00020,2021-08-15,37.0,9.3,basic,2,0,False,False
C00021,2022-04-26,36.0,6.7,free,2,5,False,False
C00022,2020-06-22,72.0,81.9,basic,1,27,False,False
C00023,2022-03-26,28.0,10.8,basic,1,24,False,False
C00024,2020-07-04,24.0,28.3,pro,2,70,True,True
C00025,2021-07-06,33.0,45.5,pro,1,21,False,False
C00026,2024-02-02,52.0,19.3,basic,1,11,False,False
C00027,2023-08-13,58.0,41.8,basic,0,15,False,False
C00028,2023-04-03,48.0,7.1,basic,1,26,False,False
C00029,2024-02-02,52.0,24.6,free,1,57,False,True
C00030,2022-04-22,18.0,15.2,free,1,15,False,False
C00031,2022-08-19,18.0,7.3,free,0,24,False,False
C00032,2022-07-28,27.0,1.1,basic,2,27,False,False
C00033,2020-08-16,49.0,62.6,free,0,6,False,False
C00034,2020-11-25,,19.4,free,0,19,False,False
C00035,2023-11-29,28.0,39.3,free,0,6,False,False
C00036,2022-12-12,45.0,1.4,basic,2,8,False,False
C00037,2020-04-06,66.0,8.3,basic,2,21,False,False
C00038,2023-07-22,,18.1,pro,0,22,False,False
C00039,2022-03-24,71.0,1.2,free,1,167,False,True
C00040,2020-01-13,43.0,7.0,pro,2,1,False,False
C00041,2022-03-22,39.0,8.4,basic,3,20,False,True
C00042,2020-08-07,23.0,17.6,basic,0,28,False,False
C00043,2021-06-21,69.0,40.5,basic,3,55,False,True
C00044,2024-01-08,71.0,8.8,free,1,28,False,False
C00045,2022-07-30,27.0,27.2,pro,0,7,False,False
C00046,2023-12-16,38.0,18.4,basic,1,27,False,False
C00047,2020-01-11,62.0,24.5,basic,0,14,False,False
C00048,2023-02-02,59.0,14.5,basic,1,25,False,False
C00049,2022-07-05,72.0,26.8,free,0,5,False,False
C00050,2020-03-13,21.0,37.0,basic,0,14,False,False
C00051,2023-06-18,23.0,22.9,free,0,26,False,False
C00052,2023-03-05,63.0,9.1,free,4,6,False,False
C00053,2022-12-09,60.0,4.3,free,2,15,False,False
C00054,2020-07-15,39.0,10.1,basic,1,28,True,True
C00055,2022-01-19,19.0,29.1,pro,0,13,False,False
C00056,2022-10-30,49.0,21.3,free,1,6,False,False
C00057,2021-04-27,35.0,36.5,basic,0,7,False,False
C00058,2020-03-22,66.0,14.7,basic,0,25,False,False
C00059,2021-11-17,55.0,49.0,free,0,24,False,False
C00060,2020-07-14,,23.6,pro,0,8,False,False
C00061,2020-03-03,63.0,37.6,free,0,20,False,False
C00062,2023-04-20,60.0,8.2,basic,1,9,False,False
C00063,2022-08-23,18.0,3.5,free,0,14,False,False
C00064,2022-03-26,19.0,0.3,basic,1,0,False,False
C00065,2021-03-19,64.0,8.7,free,1,162,False,True
C00066,2020-11-27,48.0,12.9,free,1,5,False,False
C00067,2020-03-10,56.0,7.1,free,1,26,False,False
C00068,2021-08-05,44.0,2.1,pro,0,26,False,False
C00069,2023-12-06,50.0,2.7,pro,1,7,False,False
C00070,2022-05-25,37.0,5.4,free,1,21,False,False
C00071,2021-10-10,59.0,7.8,pro,0,6,False,False
C00072,2020-07-05,24.0,25.5,free,0,23,False,False
C00073,2023-01-17,20.0,16.0,basic,1,13,False,False
C00074,2020-10-22,19.0,5.5,free,0,16,False,False
C00075,2020-05-13,43.0,13.0,free,0,8,False,False
C00076,2022-10-11,44.0,2.7,pro,1,4,False,False
C00077,2023-02-25,45.0,1.0,basic,1,11,False,False
C00078,2023-07-16,37.0,7.9,basic,0,0,False,False
C00079,2021-01-29,25.0,2.9,free,0,9,False,False
C00080,2021-08-02,19.0,22.3,basic,0,14,False,False
C00081,2023-03-01,24.0,26.9,basic,1,27,False,False
C00082,2023-08-13,63.0,28.0,free,1,175,True,True
C00083,2023-05-19,18.0,21.3,pro,0,23,False,False
C00084,2021-05-12,71.0,20.8,free,2,130,False,True
C00085,2022-06-14,43.0,26.7,basic,0,2,False,False
C00086,2023-08-21,22.0,3.3,pro,2,19,False,False
C00087,2021-01-12,64.0,69.2,basic,0,4,False,False
C00088,2021-07-02,64.0,2.1,free,1,13,False,False
C00089,2024-01-29,72.0,33.4,basic,0,19,False,False
C00090,2021-10-22,26.0,11.0,free,2,15,False,False
C00091,2020-03-24,30.0,47.8,free,2,13,False,False
C00092,2020-06-24,31.0,0.4,free,1,36,False,True
C00093,2022-11-19,39.0,50.5,free,1,2,False,False
C00094,2022-02-25,24.0,2.8,basic,1,20,False,False
C00095,2023-12-24,43.0,35.7,basic,0,11,False,False
C00096,2023-12-08,50.0,39.3,pro,0,1,False,False
C00097,2021-10-05,41.0,3.4,pro,0,21,False,False
C00098,2021-04-24,40.0,4.8,free,2,9,False,False
C00099,2022-06-04,72.0,41.6,free,4,9,False,False
C00100,2022-10-30,67.0,9.7,free,6,155,False,True
C00101,2020-06-20,59.0,52.1,free,1,24,False,False
C00102,2023-10-24,52.0,5.1,pro,0,5,False,False
C00103,2023-01-19,65.0,76.4,free,0,26,False,False
C00104,2022-10-12,30.0,2.6,pro,2,2,False,False
C00105,2024-01-22,45.0,0.1,free,0,23,False,False
C00106,2022-03-17,62.0,10.9,free,3,5,False,False
C00107,2021-11-07,47.0,26.7,free,0,23,False,False
C00108,2024-01-16,66.0,28.9,free,1,19,False,False
C00109,2023-01-12,,31.2,basic,1,6,False,False
C00110,2020-10-07,32.0,29.3,free,0,5,False,False
C00111,2020-06-08,27.0,16.5,pro,1,8,False,False
C00112,2020-02-13,38.0,12.0,free,3,2,False,False
C00113,2020-03-09,40.0,11.4,free,2,143,True,True
C00114,2022-04-22,59.0,13.1,basic,2,16,False,False
C00115,2020-06-07,27.0,5.7,free,0,4,False,False
C00116,2021-02-21,58.0,11.1,basic,1,87,False,True
C00117,2022-05-30,64.0,2.3,basic,1,51,False,True
C00118,2022-08-06,67.0,22.0,free,1,25,False,False
C00119,2022-04-27,27.0,2.1,basic,1,24,False,False
C00120,2020-02-04,55.0,0.5,basic,1,7,False,False
C00121,2020-07-28,58.0,34.3,free,2,4,False,False
C00122,2021-01-18,30.0,30.4,free,1,25,False,False
C00123,2022-05-14,37.0,23.6,pro,3,106,True,True
C00124,2022-12-03,40.0,6.4,free,1,1,False,False
C00125,2023-09-08,68.0,47.8,basic,0,10,False,False
C00126,2023-10-23,40.0,37.8,free,3,14,False,False
C00127,2021-04-07,71.0,0.9,free,2,5,False,False
C00128,2021-06-03,40.0,25.3,basic,0,11,False,False
C00129,2022-11-29,55.0,1.6,free,1,141,False,True
C00130,2020-09-12,31.0,7.0,pro,0,15,False,False
C00131,2022-10-28,73.0,8.9,free,0,16,False,False
C00132,2022-03-29,46.0,10.7,free,2,147,False,True
C00133,2022-04-14,64.0,13.0,basic,0,18,False,False
C00134,2021-01-21,45.0,9.7,basic,0,21,False,False
C00135,2021-11-12,52.0,22.8,pro,0,22,False,False
C00136,2022-12-12,51.0,2.2,free,6,26,False,False
C00137,2020-05-13,63.0,29.1,free,0,0,False,False
C00138,2020-04-28,72.0,14.2,free,1,3,False,False
C00139,2020-03-03,22.0,4.8,free,0,80,False,True
C00140,2020-11-22,20.0,6.7,free,1,166,False,True
C00141,2020-03-21,27.0,8.7,free,0,9,False,False
C00142,2022-06-06,64.0,16.8,free,1,15,False,False
C00143,2020-08-23,32.0,16.7,free,0,4,False,False
C00144,2020-09-11,40.0,2.7,free,0,16,False,False
C00145,2021-05-06,48.0,5.4,pro,1,3,False,False
C00146,2021-01-18,23.0,13.9,basic,2,2,False,False
C00147,2021-03-29,70.0,36.6,basic,0,9,False,False
C00148,2022-10-10,64.0,6.0,basic,0,0,False,False
C00149,2023-06-08,65.0,21.0,free,1,29,False,False
C00150,2021-12-17,49.0,26.8,free,0,101,False,True
C00151,2022-10-08,53.0,25.2,free,0,20,False,False
C00152,2021-04-28,34.0,14.3,free,2,14,False,False
C00153,2023-07-22,35.0,6.0,free,1,22,False,False
C00154,2020-04-20,33.0,21.9,basic,1,7,False,False
C00155,2023-01-17,46.0,35.0,free,1,29,False,False
C00156,2022-12-12,36.0,34.7,free,2,4,False,False
C00157,2020-12-27,63.0,54.9,free,2,28,False,False
C00158,2023-02-07,72.0,5.8,pro,0,29,False,False
C00159,2021-12-23,60.0,2.4,basic,1,26,False,False
C00160,2020-05-02,27.0,14.1,pro,3,20,False,False
C00161,2021-12-09,55.0,1.8,free,0,23,False,False
C00162,2020-06-09,18.0,21.9,basic,0,23,False,False
C00163,2021-07-30,24.0,6.6,free,0,12,False,False
C00164,2021-07-31,70.0,11.2,free,0,21,False,False
C00165,2023-12-26,67.0,19.1,basic,0,7,False,False
C00166,2021-02-23,70.0,52.0,free,2,16,False,False
C00167,2020-10-05,60.0,18.1,free,1,3,False,False
C00168,2023-10-24,50.0,0.9,free,1,70,False,True
C00169,2022-02-08,64.0,10.0,free,1,8,False,False
C00170,2023-05-17,60.0,15.3,free,0,61,False,True
C00171,2020-07-15,19.0,14.6,free,2,19,False,False
C00172,2021-09-30,42.0,8.5,pro,0,18,False,False
C00173,2021-12-22,61.0,23.7,basic,0,28,False,False
C00174,2023-02-13,20.0,4.7,basic,1,132,True,True
C00175,2023-09-30,41.0,3.8,pro,0,24,False,False
C00176,2021-04-03,31.0,7.5,basic,1,29,False,False
C00177,2022-12-17,29.0,38.6,free,1,29,False,False
C00178,2023-11-08,67.0,67.2,free,1,16,False,False
C00179,2020-06-16,26.0,16.7,basic,1,29,False,False
C00180,2020-12-10,53.0,3.1,basic,2,24,False,False
C00181,2021-06-30,47.0,2.2,basic,0,0,False,False
C00182,2023-06-14,45.0,9.4,free,1,82,True,True
C00183,2022-08-22,,9.5,pro,0,10,False,False
C00184,2021-10-13,74.0,27.7,free,1,0,False,False
C00185,2022-12-20,27.0,2.5,free,2,7,False,False
C00186,2021-04-18,45.0,20.4,free,2,6,False,False
C00187,2021-10-13,44.0,46.1,free,2,3,False,False
C00188,2023-01-23,33.0,16.9,free,0,168,False,True
C00189,2021-12-28,29.0,86.0,free,0,11,False,False
C00190,2020-02-08,,8.4,pro,1,22,False,False
C00191,2022-11-23,71.0,13.9,free,0,27,False,False
C00192,2023-09-29,36.0,24.0,free,1,21,False,False
C00193,2020-03-25,56.0,3.2,free,0,8,False,False
C00194,2022-01-17,52.0,30.4,free,1,7,False,False
C00195,2021-12-06,39.0,42.8,pro,0,14,False,False
C00196,2022-06-15,63.0,20.7,pro,0,3,False,False
C00197,2021-09-07,56.0,42.5,pro,1,17,False,False
C00198,2021-04-23,71.0,4.2,pro,0,27,False,False
C00199,2021-11-09,53.0,9.9,basic,1,8,False,False
C00200,2023-06-20,48.0,0.8,pro,0,142,False,True
C00201,2022-04-23,,66.5,free,0,15,False,False
C00202,2020-11-26,33.0,15.1,basic,2,1,False,False
C00203,2021-07-04,29.0,55.7,free,1,27,False,False
C00204,2020-10-22,68.0,8.6,free,2,166,False,True
C00205,2021-03-01,66.0,50.3,basic,1,21,False,False
C00206,2023-06-30,67.0,21.3,basic,2,80,False,True
C00207,2021-07-13,56.0,33.6,free,0,24,False,False
C00208,2023-10-22,56.0,36.5,pro,2,12,False,False
C00209,2020-03-16,47.0,1.6,free,0,139,True,True
C00210,2022-12-26,72.0,9.2,basic,0,14,False,False
C00211,2021-04-05,21.0,14.5,basic,0,6,False,False
C00212,2020-09-17,39.0,12.0,free,1,7,False,False
C00213,2022-02-21,48.0,8.7,free,2,25,False,False
C00214,2020-05-12,,11.9,basic,0,1,False,False
C00215,2020-12-18,53.0,9.7,pro,1,12,False,False
C00216,2023-06-08,43.0,10.7,free,1,2,False,False
C00217,2021-05-05,49.0,13.7,free,0,13,False,False
C00218,2021-06-27,60.0,2.0,basic,0,1,False,False
C00219,2020-01-22,70.0,1.4,free,0,142,True,True
C00220,2023-04-21,27.0,23.7,free,1,9,False,False
C00221,2023-12-12,58.0,0.8,pro,1,10,False,False
C00222,2022-03-02,67.0,44.5,free,2,15,False,False
C00223,2022-03-11,60.0,4.5,basic,1,118,True,True
C00224,2021-09-23,68.0,26.1,free,3,14,False,False
C00225,2020-10-18,51.0,10.6,free,4,107,True,True
C00226,2022-06-14,54.0,7.0,free,0,6,False,False
C00227,2023-11-20,49.0,26.7,basic,0,20,False,False
C00228,2022-01-07,29.0,26.7,pro,1,29,False,False
C00229,2023-09-13,29.0,34.9,free,0,18,False,False
C00230,2023-06-14,57.0,9.9,free,3,8,False,False
C00231,2022-01-11,58.0,12.6,free,3,37,False,True
C00232,2021-01-10,51.0,17.5,basic,1,21,False,False
C00233,2023-04-24,70.0,25.7,free,1,16,False,False
C00234,2020-01-26,18.0,3.0,pro,1,12,False,False
C00235,2021-01-19,46.0,11.7,basic,2,12,False,False
C00236,2020-01-04,33.0,5.4,free,1,18,False,False
C00237,2021-11-17,48.0,2.4,free,2,179,True,True
C00238,2023-06-10,21.0,35.9,basic,1,0,False,False
C00239,2022-03-09,56.0,4.3,basic,0,11,False,False
C00240,2022-11-06,46.0,34.2,free,1,3,False,False
C00241,2021-05-02,30.0,0.7,free,1,8,False,False
C00242,2020-02-07,25.0,20.1,pro,1,15,False,False
C00243,2020-06-05,27.0,15.1,free,0,14,False,False
C00244,2023-05-27,36.0,20.0,basic,0,3,False,False
C00245,2024-01-29,,20.4,free,0,3,False,False
C00246,2023-04-30,28.0,6.2,free,4,57,False,True
C00247,2022-02-03,,11.7,free,4,21,False,False
C00248,2021-10-02,72.0,28.0,free,2,131,True,True
C00249,2020-09-09,29.0,0.8,pro,1,1,False,False
C00250,2021-08-13,28.0,31.4,free,1,23,False,False
C00251,2021-12-06,27.0,12.6,basic,0,25,False,False
C00252,2020-02-09,38.0,18.0,free,0,5,False,False
C00253,2020-10-18,73.0,33.5,free,1,12,False,False
C00254,2023-10-19,23.0,9.5,basic,1,22,False,False
C00255,2022-03-16,70.0,7.2,basic,0,26,False,False
C00256,2021-06-28,74.0,46.1,pro,1,54,False,True
C00257,2021-01-31,27.0,3.4,free,2,15,False,False
C00258,2023-10-19,,8.0,basic,1,12,False,False
C00259,2022-01-31,43.0,20.4,free,3,1,False,False
C00260,2023-02-15,33.0,6.5,free,0,150,False,True
C00261,2021-08-28,43.0,0.6,basic,1,11,False,False
C00262,2022-10-14,59.0,7.5,basic,0,13,False,False
C00263,2020-10-27,65.0,9.6,free,3,66,False,True
C00264,2020-10-30,19.0,93.7,basic,0,163,False,True
C00265,2020-09-17,71.0,5.5,basic,1,26,False,False
C00266,2022-10-07,55.0,15.1,basic,2,4,False,False
C00267,2021-06-24,25.0,32.0,free,2,28,False,False
C00268,2020-10-07,41.0,41.6,basic,0,2,False,False
C00269,2020-07-22,,34.1,free,0,29,False,False
C00270,2020-11-13,21.0,11.1,basic,2,6,False,False
C00271,2021-01-18,41.0,20.5,pro,0,141,False,True
C00272,2023-05-07,,5.3,free,4,140,False,True
C00273,2021-06-06,58.0,23.3,free,0,29,False,False
C00274,2020-02-10,21.0,0.4,basic,2,5,False,False
C00275,2022-07-13,24.0,5.5,free,2,24,False,False
C00276,2022-01-23,72.0,1.6,free,1,24,False,False
C00277,2020-08-02,53.0,13.5,basic,1,6,False,False
C00278,2021-03-25,62.0,5.2,pro,1,24,False,False
C00279,2020-04-24,,1.6,free,2,19,False,False
C00280,2021-02-26,47.0,34.5,basic,1,5,False,False
C00281,2021-08-25,73.0,16.6,pro,0,26,False,False
C00282,2021-01-19,38.0,19.9,basic,1,150,True,True
C00283,2022-09-05,53.0,46.0,free,1,22,False,True
C00284,2022-04-07,33.0,24.3,basic,0,20,False,False
C00285,2023-06-04,21.0,8.1,free,1,7,False,False
C00286,2021-05-28,47.0,33.1,free,3,10,False,False
C00287,2022-12-05,51.0,5.2,pro,1,17,False,False
C00288,2021-01-06,,0.8,free,2,21,False,False
C00289,2021-11-07,62.0,7.6,free,1,129,True,True
C00290,2021-08-19,48.0,22.7,free,0,21,False,False
C00291,2022-02-15,66.0,7.4,basic,1,61,True,True
C00292,2022-04-02,66.0,34.1,basic,2,11,False,False
C00293,2021-08-31,67.0,28.4,free,2,4,False,False
C00294,2022-09-23,18.0,13.7,free,2,28,False,False
C00295,2021-09-21,55.0,1.9,basic,0,7,False,False
C00296,2020-07-23,38.0,2.9,free,0,5,False,False
C00297,2021-11-27,31.0,34.7,basic,2,23,False,False
C00298,2020-05-03,33.0,11.2,basic,0,17,False,False
C00299,2021-08-28,74.0,16.6,free,1,108,False,True
C00300,2023-08-09,18.0,54.0,basic,0,5,False,False
C00301,2020-05-26,71.0,9.7,free,1,3,False,False
C00302,2021-04-25,32.0,9.6,pro,0,11,False,False
C00303,2022-11-23,26.0,25.1,basic,0,29,False,False
C00304,2021-09-04,32.0,17.2,basic,0,5,False,False
C00305,2022-10-04,38.0,33.7,pro,0,26,False,False
C00306,2023-09-14,31.0,13.1,basic,0,11,False,False
C00307,2022-10-17,,0.1,basic,2,103,True,True
C00308,2022-06-09,18.0,2.0,free,0,18,False,False
C00309,2020-01-19,23.0,13.9,free,5,15,False,True
C00310,2023-11-30,25.0,29.7,pro,2,28,False,False
C00311,2021-09-29,37.0,28.9,pro,1,26,False,False
C00312,2023-07-30,24.0,3.6,free,1,3,False,False
C00313,2021-11-03,22.0,11.6,free,2,133,False,True
C00314,2021-12-29,51.0,63.2,pro,0,18,False,False
C00315,2024-01-03,20.0,0.0,free,1,21,False,False
C00316,2023-03-13,37.0,23.7,basic,1,8,False,False
C00317,2022-10-13,35.0,1.8,free,0,20,False,False
C00318,2020-07-17,49.0,16.2,free,2,8,False,False
C00319,2023-09-12,60.0,10.6,free,0,5,False,False
C00320,2021-10-05,38.0,8.9,basic,0,18,False,False
C00321,2022-11-21,74.0,43.7,free,2,5,False,False
C00322,2021-11-08,52.0,14.9,basic,0,140,True,True
C00323,2023-01-06,24.0,25.8,basic,1,29,False,False
C00324,2020-07-17,49.0,51.4,basic,1,18,False,False
C00325,2022-11-29,18.0,10.7,free,0,0,False,False
C00326,2022-01-27,62.0,55.6,pro,0,19,False,False
C00327,2023-01-26,64.0,0.4,free,2,161,False,True
C00328,2023-11-01,65.0,12.6,basic,0,1,False,False
C00329,2022-06-12,52.0,5.2,basic,1,19,False,False
C00330,2020-09-24,43.0,13.8,pro,2,26,False,False
C00331,2020-12-08,26.0,6.9,basic,0,18,False,False
C00332,2022-07-19,64.0,27.4,free,1,16,False,False
C00333,2023-06-30,62.0,5.5,pro,0,11,False,False
C00334,2022-08-04,26.0,6.5,free,0,8,False,False
C00335,2024-02-02,50.0,11.1,pro,1,14,False,False
C00336,2022-10-01,43.0,11.7,free,1,11,False,False
C00337,2024-01-07,62.0,29.7,basic,3,10,False,False
C00338,2020-10-13,,43.4,free,2,21,False,True
C00339,2021-12-17,57.0,31.5,basic,0,0,False,False
C00340,2020-04-27,73.0,2.1,free,0,29,False,False
C00341,2022-11-25,26.0,8.2,pro,2,10,False,False
C00342,2022-02-03,41.0,8.1,free,1,16,False,False
C00343,2023-05-22,49.0,19.0,free,0,13,False,False
C00344,2020-12-08,51.0,1.6,basic,1,19,False,False
C00345,2021-03-20,71.0,1.8,basic,1,8,False,False
C00346,2020-02-04,64.0,18.7,basic,1,23,False,False
C00347,2023-04-01,32.0,9.6,free,2,100,False,True
C00348,2020-12-28,41.0,17.1,free,0,27,False,False
C00349,2023-10-08,54.0,17.1,free,0,27,False,False
C00350,2021-11-03,41.0,33.8,free,1,15,False,False
C00351,2023-07-31,47.0,0.7,basic,1,52,False,True
C00352,2022-01-05,46.0,11.9,pro,0,3,False,False
C00353,2023-06-11,58.0,29.3,free,1,26,False,False
C00354,2021-09-19,69.0,2.3,free,3,25,False,False
C00355,2022-05-24,68.0,22.5,basic,1,11,False,False
C00356,2020-11-21,40.0,8.2,free,0,171,False,True
C00357,2020-03-27,,6.2,basic,0,12,False,False
C00358,2022-05-25,27.0,4.4,pro,0,28,False,False
C00359,2022-06-19,33.0,7.1,basic,1,0,False,False
C00360,2021-04-26,27.0,2.1,pro,0,8,False,False
C00361,2023-05-02,60.0,43.0,free,1,2,False,False
C00362,2021-10-13,46.0,65.0,basic,1,13,False,False
C00363,2022-05-14,39.0,3.5,free,1,1,False,False
C00364,2023-07-12,58.0,2.0,pro,0,23,False,False
C00365,2022-04-30,55.0,18.8,free,1,31,False,True
C00366,2021-12-05,41.0,23.7,basic,0,3,False,False
C00367,2020-01-18,41.0,10.9,free,0,1,False,False
C00368,2020-09-25,48.0,35.2,basic,0,9,False,False
C00369,2023-07-15,37.0,19.1,basic,3,4,False,False
C00370,2023-08-20,45.0,7.5,basic,0,27,False,False
C00371,2024-01-02,56.0,3.9,free,0,11,False,False
C00372,2022-09-28,66.0,9.5,free,0,29,False,False
C00373,2020-09-10,46.0,25.7,free,0,26,False,False
C00374,2020-01-24,24.0,13.4,basic,1,22,False,False
C00375,2021-12-20,59.0,6.4,basic,0,12,False,False
C00376,2023-03-06,63.0,8.8,basic,1,28,False,False
C00377,2020-01-21,36.0,14.9,free,4,12,False,False
C00378,2020-08-15,23.0,34.8,pro,0,23,False,False
C00379,2020-02-20,68.0,21.6,basic,2,137,True,True
C00380,2023-06-22,40.0,10.5,basic,2,20,False,False
C00381,2022-01-15,59.0,9.9,basic,0,12,False,False
C00382,2024-01-15,59.0,5.6,basic,1,172,True,True
C00383,2021-07-25,74.0,44.1,free,3,29,False,True
C00384,2023-07-20,46.0,8.3,basic,0,6,False,False
C00385,2023-01-09,55.0,42.3,free,1,13,False,False
C00386,2024-01-25,21.0,14.7,free,2,27,False,False
C00387,2021-05-29,32.0,52.6,pro,0,1,False,False
C00388,2022-11-22,24.0,73.0,pro,1,9,False,False
C00389,2022-05-04,72.0,28.6,basic,1,23,False,False
C00390,2020-12-27,71.0,12.7,basic,1,139,False,True
C00391,2023-08-17,73.0,3.3,free,2,147,True,True
C00392,2020-10-12,38.0,3.1,basic,0,20,False,False
C00393,2023-05-23,68.0,69.1,free,1,15,False,False
C00394,2022-12-05,56.0,8.4,free,1,125,False,True
C00395,2020-12-16,30.0,33.3,pro,2,8,False,False
C00396,2020-09-20,21.0,2.0,free,0,22,False,False
C00397,2022-02-17,29.0,9.6,pro,0,21,False,False
C00398,2021-05-02,71.0,10.4,basic,1,18,False,False
C00399,2020-02-04,22.0,18.8,free,2,2,False,False
C00400,2021-09-13,59.0,12.9,basic,2,14,False,False
C00401,2022-05-10,67.0,55.3,basic,0,20,False,False
C00402,2022-02-25,51.0,64.5,free,1,24,False,False
C00403,2020-05-30,74.0,16.4,basic,1,2,False,False
C00404,2022-02-04,55.0,23.9,free,4,16,False,False
C00405,2023-10-08,61.0,11.8,basic,1,22,False,False
C00406,2021-02-14,25.0,34.8,basic,2,27,False,False
C00407,2023-04-15,46.0,21.6,free,2,11,False,False
C00408,2022-12-30,71.0,1.2,basic,1,15,False,False
C00409,2023-10-08,73.0,5.8,free,1,19,False,False
C00410,2023-12-28,74.0,3.7,free,3,118,True,True
C00411,2021-06-27,51.0,16.1,free,2,125,False,True
C00412,2023-10-25,30.0,21.4,pro,2,0,False,False
C00413,2021-02-19,68.0,22.6,basic,0,13,False,False
C00414,2020-07-16,53.0,2.5,basic,0,14,False,False
C00415,2022-03-03,52.0,43.7,free,0,16,False,False
C00416,2023-09-17,57.0,48.0,basic,5,20,False,False
C00417,2020-10-03,23.0,0.7,free,2,89,False,True
C00418,2020-07-08,,4.7,basic,2,14,False,False
C00419,2022-10-17,61.0,3.1,free,2,11,False,False
C00420,2020-10-11,71.0,5.2,free,4,27,False,False
C00421,2022-03-27,67.0,23.0,free,2,170,True,True
C00422,2020-08-13,29.0,0.7,pro,2,20,False,False
C00423,2022-03-17,40.0,0.1,basic,0,8,False,False
C00424,2020-04-22,36.0,44.8,pro,0,5,False,False
C00425,2021-11-12,72.0,17.6,free,0,21,False,False
C00426,2022-10-22,50.0,5.5,free,1,6,False,False
C00427,2023-03-10,36.0,86.7,pro,1,3,False,False
C00428,2020-11-28,29.0,0.1,basic,0,8,False,False
C00429,2021-11-10,30.0,12.6,free,2,1,False,False
C00430,2021-04-04,25.0,22.9,pro,3,11,False,False
C00431,2020-01-04,68.0,17.0,basic,2,66,False,True
C00432,2021-10-16,50.0,4.0,free,3,100,False,True
C00433,2022-07-17,24.0,17.7,free,2,25,False,False
C00434,2022-04-28,47.0,6.2,free,2,9,False,False
C00435,2022-11-29,33.0,56.5,pro,0,5,False,False
C00436,2021-01-05,44.0,74.1,free,2,16,False,False
C00437,2023-02-10,33.0,14.4,pro,0,146,False,True
C00438,2020-04-04,69.0,9.3,free,1,11,False,False
C00439,2022-07-28,29.0,52.5,free,3,3,False,False
C00440,2020-11-05,57.0,31.7,basic,1,29,False,False
C00441,2021-01-22,31.0,4.8,free,0,145,False,True
C00442,2022-06-25,71.0,1.5,free,0,13,False,False
C00443,2021-05-02,41.0,3.8,pro,1,7,False,False
C00444,2020-04-19,,2.8,basic,0,5,False,False
C00445,2023-08-11,25.0,57.8,pro,0,4,False,False
C00446,2023-09-22,38.0,11.5,free,2,20,False,False
C00447,2021-10-28,35.0,20.3,basic,1,4,False,False
C00448,2023-12-13,20.0,4.1,free,1,17,False,False
C00449,2023-05-03,56.0,1.3,free,1,6,False,False
C00450,2021-08-18,57.0,7.1,free,0,0,False,False
C00451,2021-07-30,43.0,22.4,pro,2,10,False,False
C00452,2021-04-17,69.0,49.6,basic,2,170,False,True
C00453,2023-04-05,57.0,14.4,basic,0,19,False,True
C00454,2020-05-25,54.0,13.0,free,0,15,False,False
C00455,2021-07-03,67.0,28.1,free,0,1,False,False
C00456,2022-04-05,33.0,5.2,basic,1,168,False,True
C00457,2020-11-29,65.0,19.5,pro,0,3,False,False
C00458,2023-11-25,36.0,35.8,pro,0,27,False,False
C00459,2021-02-04,30.0,0.3,free,2,9,False,False
C00460,2020-06-22,23.0,14.2,free,1,28,False,False
C00461,2021-02-12,22.0,23.1,free,2,26,False,False
C00462,2020-01-14,56.0,36.1,basic,0,11,False,False
C00463,2020-05-06,29.0,8.9,free,2,125,False,True
C00464,2020-08-09,48.0,1.9,free,0,18,False,False
C00465,2022-03-06,55.0,41.4,free,0,19,False,False
C00466,2021-10-20,33.0,9.2,pro,2,11,False,False
C00467,2023-12-11,45.0,14.3,free,4,14,False,False
C00468,2021-05-26,60.0,10.9,free,0,12,False,False
C00469,2023-01-14,57.0,4.0,free,1,5,False,False
C00470,2020-05-15,73.0,10.3,basic,0,27,False,False
C00471,2021-06-23,,15.9,basic,0,16,False,False
C00472,2023-08-27,38.0,0.3,free,0,11,False,False
C00473,2022-09-02,39.0,2.0,free,0,20,False,False
C00474,2023-05-16,24.0,10.2,free,3,50,False,True
C00475,2020-04-13,60.0,6.9,basic,1,12,False,False
C00476,2021-04-11,52.0,12.0,basic,1,3,False,False
C00477,2022-05-18,32.0,4.6,free,1,159,False,True
C00478,2024-01-29,55.0,3.8,free,0,5,False,False
C00479,2021-07-30,28.0,1.5,basic,2,2,False,False
C00480,2020-10-18,51.0,3.7,basic,0,23,False,False
C00481,2023-06-05,62.0,9.2,free,3,13,False,False
C00482,2020-04-26,41.0,6.8,basic,0,17,False,False
C00483,2020-12-14,53.0,12.7,basic,0,12,False,False
C00484,2022-05-28,59.0,118.7,basic,0,9,False,False
C00485,2023-07-18,33.0,16.5,free,1,4,False,False
C00486,2024-02-02,35.0,5.2,free,2,13,False,False
C00487,2022-06-03,41.0,10.2,basic,1,26,False,False
C00488,2021-10-28,39.0,10.0,basic,1,20,False,False
C00489,2022-01-17,68.0,6.9,free,1,19,False,False
C00490,2023-11-25,72.0,27.2,basic,0,22,False,False
C00491,2023-08-01,28.0,2.1,free,4,3,False,False
C00492,2023-05-13,58.0,16.0,free,0,24,False,False
C00493,2023-12-13,,0.4,basic,0,8,False,False
C00494,2022-10-29,18.0,5.9,basic,1,13,False,False
C00495,2022-08-04,26.0,3.1,free,1,12,False,False
C00496,2023-08-16,38.0,22.4,basic,2,21,False,False
C00497,2022-06-26,51.0,0.9,free,0,23,False,False
C00498,2023-07-16,63.0,11.9,basic,0,1,False,False
C00499,2021-08-04,25.0,1.1,free,2,29,False,False
C00500,2020-09-10,68.0,15.5,basic,2,13,False,False
C00501,2022-01-28,38.0,17.7,free,3,23,False,False
C00502,2022-08-07,28.0,3.2,pro,0,20,False,False
C00503,2023-02-19,48.0,22.9,free,0,6,False,False
C00504,2022-09-07,64.0,1.3,basic,0,14,False,False
C00505,2022-01-14,62.0,11.8,basic,2,42,False,True
C00506,2021-12-13,35.0,13.0,basic,1,19,False,False
C00507,2023-05-29,58.0,29.7,free,1,21,False,False
C00508,2021-02-21,43.0,0.6,basic,3,23,False,False
C00509,2021-07-26,29.0,9.4,pro,0,19,False,False
C00510,2021-06-25,41.0,35.4,free,4,23,False,False
C00511,2022-05-05,72.0,5.5,free,1,122,True,True
C00512,2020-07-22,44.0,22.3,pro,0,13,False,False
C00513,2020-11-06,24.0,83.8,basic,1,25,False,False
C00514,2023-06-18,29.0,51.9,basic,3,2,False,False
C00515,2021-02-01,36.0,14.0,basic,2,15,False,False
C00516,2023-02-25,19.0,3.0,basic,2,17,False,False
C00517,2020-06-07,43.0,0.1,free,2,4,False,False
C00518,2022-06-25,30.0,19.6,basic,0,29,False,False
C00519,2022-09-25,25.0,2.1,free,2,9,False,False
C00520,2021-01-14,56.0,22.9,basic,1,28,False,False
C00521,2020-02-17,34.0,59.0,free,0,9,False,False
C00522,2020-10-08,,7.6,basic,1,21,False,False
C00523,2023-05-29,32.0,26.2,free,3,163,False,True
C00524,2022-06-21,27.0,27.5,free,0,2,False,False
C00525,2020-06-10,46.0,40.0,free,1,5,False,False
C00526,2020-07-13,64.0,10.2,free,6,37,False,True
C00527,2023-01-02,45.0,2.1,basic,0,13,False,False
C00528,2022-05-24,35.0,0.8,pro,0,19,False,False
C00529,2020-08-17,28.0,4.8,free,0,23,False,False
C00530,2020-01-11,48.0,7.2,basic,0,13,False,False
C00531,2022-10-19,32.0,8.4,basic,1,6,False,False
C00532,2022-07-30,24.0,8.1,basic,2,22,False,False
C00533,2021-09-20,54.0,31.4,free,1,17,False,False
C00534,2021-03-10,33.0,4.6,free,0,0,False,False
C00535,2023-10-03,64.0,13.8,pro,1,11,False,False
C00536,2023-02-26,35.0,7.2,basic,1,10,False,False
C00537,2023-11-02,44.0,10.4,basic,1,31,False,True
C00538,2021-10-19,50.0,8.6,free,3,132,False,True
C00539,2021-06-19,29.0,24.1,basic,0,18,False,False
C00540,2020-11-07,35.0,27.1,basic,1,23,False,False
C00541,2022-11-27,28.0,39.1,free,2,27,False,False
C00542,2021-05-16,44.0,2.5,pro,1,18,False,False
C00543,2023-01-03,45.0,13.4,pro,2,9,False,False
C00544,2024-01-14,39.0,1.6,pro,0,21,False,False
C00545,2023-09-30,32.0,22.2,basic,4,153,False,True
C00546,2022-09-28,64.0,5.2,free,3,168,False,True
C00547,2020-12-20,60.0,5.1,free,1,2,False,False
C00548,2023-06-27,71.0,12.8,basic,0,3,False,False
C00549,2021-01-11,45.0,0.1,basic,0,15,False,False
C00550,2021-03-19,74.0,64.0,basic,0,4,False,False
C00551,2023-07-28,33.0,17.6,basic,0,7,False,False
C00552,2023-04-03,50.0,11.1,basic,1,11,False,False
C00553,2020-12-12,47.0,27.2,free,1,24,False,False
C00554,2023-02-02,54.0,7.7,basic,0,16,False,False
C00555,2023-08-01,27.0,2.4,pro,1,23,False,False
C00556,2020-04-20,21.0,2.0,basic,0,3,False,False
C00557,2023-03-26,74.0,9.9,free,0,22,False,False
C00558,2021-09-22,19.0,11.3,basic,1,0,False,False
C00559,2021-12-20,42.0,1.8,free,1,13,False,False
C00560,2022-06-01,46.0,2.3,free,1,12,False,False
C00561,2023-09-05,40.0,4.4,pro,0,19,False,False
C00562,2021-01-28,69.0,13.4,basic,0,12,False,False
C00563,2020-02-21,,73.2,basic,0,5,False,False
C00564,2022-08-14,29.0,32.8,free,0,24,False,False
C00565,2023-11-15,60.0,1.5,free,0,3,False,False
C00566,2021-06-07,37.0,3.4,free,0,1,False,False
C00567,2022-12-16,28.0,4.8,free,6,34,True,True
C00568,2023-08-03,54.0,48.1,free,1,12,False,False
C00569,2021-09-30,43.0,26.1,free,1,20,False,False
C00570,2023-02-26,59.0,17.5,free,2,164,True,True
C00571,2023-08-09,48.0,14.3,pro,0,14,False,False
C00572,2020-12-11,38.0,48.8,basic,0,28,False,False
C00573,2023-05-24,56.0,6.9,free,2,15,False,False
C00574,2023-02-28,33.0,28.0,free,1,4,False,False
C00575,2023-10-29,33.0,0.1,pro,1,14,False,False
C00576,2021-10-27,18.0,3.1,pro,1,28,False,False
C00577,2020-10-14,25.0,0.2,free,2,1,False,False
C00578,2021-02-14,19.0,6.3,pro,3,158,False,True
C00579,2023-10-26,52.0,19.9,basic,0,23,False,False
C00580,2021-02-03,40.0,2.9,basic,2,3,False,False
C00581,2022-07-13,55.0,5.4,free,2,13,False,False
C00582,2020-11-02,31.0,106.9,basic,1,20,False,False
C00583,2020-02-20,21.0,4.2,free,0,5,False,False
C00584,2023-11-11,50.0,1.5,free,1,9,False,False
C00585,2020-10-05,60.0,5.6,pro,0,8,False,False
C00586,2023-06-02,27.0,17.4,basic,0,22,False,False
C00587,2023-09-10,21.0,23.4,free,1,23,False,False
C00588,2020-01-11,33.0,5.7,pro,1,20,False,False
C00589,2022-09-01,29.0,1.9,free,0,0,False,False
C00590,2020-02-18,46.0,4.3,free,0,25,False,False
C00591,2022-05-27,74.0,30.8,free,2,12,False,False
C00592,2020-05-26,67.0,11.9,basic,2,15,False,False
C00593,2024-01-26,43.0,31.1,pro,0,4,False,False
C00594,2020-05-10,72.0,25.9,basic,4,16,False,False
C00595,2020-10-16,41.0,7.3,free,3,8,False,False
C00596,2023-09-10,68.0,21.2,pro,1,175,True,True
C00597,2020-12-14,41.0,13.4,basic,0,22,False,False
C00598,2020-02-18,21.0,0.6,basic,1,23,False,False
C00599,2021-03-03,26.0,30.4,free,0,18,False,False
C00600,2023-02-10,37.0,44.2,basic,1,20,False,False
C00601,2021-11-17,61.0,23.5,free,2,18,False,False
C00602,2021-01-05,35.0,7.3,free,1,23,False,False
C00603,2021-08-02,42.0,34.3,free,2,27,False,False
C00604,2020-05-12,18.0,11.8,free,0,10,False,False
C00605,2021-03-31,24.0,1.2,basic,1,1,False,False
C00606,2022-01-30,41.0,0.2,basic,0,4,False,False
C00607,2021-05-24,55.0,36.1,basic,0,28,False,False
C00608,2023-12-19,37.0,58.6,free,2,12,False,False
C00609,2021-06-14,59.0,18.4,free,2,12,False,False
C00610,2020-08-05,34.0,1.0,basic,0,1,False,False
C00611,2022-04-09,19.0,4.2,free,1,21,False,False
C00612,2022-08-31,62.0,41.3,free,1,16,False,False
C00613,2022-03-11,62.0,10.3,basic,0,164,True,True
C00614,2021-09-03,42.0,11.0,free,1,21,False,False
C00615,2022-03-18,29.0,20.0,pro,1,26,False,False
C00616,2021-11-10,64.0,1.9,free,0,27,False,False
C00617,2020-07-16,43.0,25.4,free,0,23,False,False
C00618,2020-02-23,18.0,4.4,basic,1,20,False,False
C00619,2020-11-19,48.0,12.1,free,2,0,False,False
C00620,2021-05-16,50.0,0.5,basic,0,1,False,False
C00621,2020-02-03,30.0,15.5,basic,0,13,False,False
C00622,2021-03-25,51.0,27.0,basic,1,5,False,False
C00623,2023-12-02,50.0,35.4,free,0,20,False,False
C00624,2022-06-15,70.0,4.2,free,0,14,False,False
C00625,2020-07-30,58.0,21.0,basic,0,18,False,False
C00626,2022-04-06,64.0,11.8,pro,1,24,False,False
C00627,2023-09-08,67.0,0.1,free,1,14,False,False
C00628,2023-05-07,72.0,4.4,basic,1,47,False,True
C00629,2020-06-07,52.0,31.1,basic,0,13,False,False
C00630,2021-05-15,58.0,35.5,free,1,17,False,False
C00631,2021-03-29,19.0,6.7,pro,0,12,False,False
C00632,2023-04-15,69.0,16.5,free,1,54,False,True
C00633,2021-07-07,45.0,36.8,basic,0,17,False,False
C00634,2023-01-06,63.0,5.7,free,2,22,False,False
C00635,2022-12-05,29.0,15.0,free,1,26,False,False
C00636,2020-04-25,18.0,4.4,free,1,5,False,False
C00637,2020-07-15,36.0,13.1,basic,0,79,True,True
C00638,2020-12-18,20.0,4.5,basic,0,9,False,False
C00639,2021-10-04,20.0,23.1,basic,0,1,False,False
C00640,2021-09-10,50.0,14.5,basic,1,27,False,False
C00641,2020-09-18,45.0,5.4,free,2,117,False,True
C00642,2024-01-13,71.0,8.9,free,1,17,False,False
C00643,2020-03-29,70.0,1.8,free,1,24,False,False
C00644,2022-07-14,20.0,0.2,free,1,91,False,True
C00645,2023-10-24,60.0,36.8,free,2,48,True,True
C00646,2024-02-03,58.0,92.4,free,2,4,False,False
C00647,2021-10-07,36.0,40.3,basic,0,9,False,False
C00648,2023-08-21,46.0,12.9,free,1,13,False,False
C00649,2022-05-06,63.0,2.9,basic,2,13,False,False
C00650,2021-07-31,44.0,33.8,basic,2,10,False,False
C00651,2021-10-24,60.0,0.8,basic,1,18,False,False
C00652,2020-01-29,71.0,20.3,pro,0,26,False,False
C00653,2021-06-17,40.0,4.9,free,1,5,False,False
C00654,2022-12-11,,0.5,free,2,22,True,True
C00655,2021-07-14,38.0,43.7,basic,0,1,False,False
C00656,2021-11-11,,46.0,free,1,26,False,False
C00657,2022-09-10,23.0,38.2,basic,0,5,False,False
C00658,2021-03-28,35.0,58.2,free,3,14,False,False
C00659,2020-06-06,55.0,21.8,basic,0,39,True,True
C00660,2021-10-25,27.0,12.9,free,0,3,False,False
C00661,2021-08-21,25.0,12.6,free,1,28,False,False
C00662,2023-04-21,48.0,34.3,basic,0,28,False,False
C00663,2023-06-14,28.0,9.3,free,0,18,False,False
C00664,2022-08-05,40.0,16.1,free,1,27,True,True
C00665,2023-01-12,18.0,38.5,free,2,15,False,False
C00666,2022-07-03,33.0,18.7,basic,0,20,False,False
C00667,2020-03-08,24.0,6.2,basic,2,5,False,False
C00668,2023-08-09,73.0,10.5,basic,1,118,False,True
C00669,2020-03-12,56.0,3.0,basic,1,18,False,False
C00670,2020-08-13,25.0,14.0,basic,1,7,False,False
C00671,2021-10-14,42.0,15.9,free,3,142,False,True
C00672,2022-09-28,28.0,18.6,pro,0,25,False,False
C00673,2023-01-24,34.0,47.8,basic,0,16,False,False
C00674,2020-09-06,67.0,10.4,free,0,170,False,True
C00675,2023-02-09,73.0,0.3,free,2,16,False,False
C00676,2021-11-27,25.0,46.2,basic,1,13,False,False
C00677,2023-05-19,,11.1,pro,0,26,False,False
C00678,2021-08-01,46.0,1.1,basic,3,27,False,False
C00679,2022-03-11,49.0,12.1,pro,2,107,False,True
C00680,2021-09-04,49.0,38.8,pro,1,22,False,False
C00681,2021-02-20,46.0,11.5,free,0,9,False,False
C00682,2021-08-31,26.0,12.9,free,1,19,False,False
C00683,2023-11-25,56.0,3.8,free,0,4,False,False
C00684,2023-05-28,56.0,41.8,free,1,7,False,False
C00685,2022-07-12,50.0,7.6,basic,0,13,False,False
C00686,2022-08-11,71.0,6.7,free,0,96,False,True
C00687,2020-07-10,58.0,1.3,basic,1,5,False,False
C00688,2023-08-11,37.0,31.9,pro,0,8,False,False
C00689,2023-11-10,49.0,12.4,free,0,7,False,False
C00690,2023-06-10,49.0,3.6,free,1,9,False,False
C00691,2022-11-23,37.0,58.3,free,2,26,False,False
C00692,2023-03-07,63.0,26.3,free,1,6,False,False
C00693,2020-04-29,31.0,0.6,free,1,27,False,False
C00694,2020-03-15,28.0,10.1,free,1,4,False,False
C00695,2020-04-24,44.0,12.2,basic,0,14,False,False
C00696,2021-12-25,38.0,60.7,free,1,29,False,False
C00697,2021-08-29,44.0,46.3,free,0,4,False,False
C00698,2023-10-11,39.0,21.0,basic,0,27,False,False
C00699,2021-06-28,65.0,11.5,basic,1,0,False,False
C00700,2023-01-09,27.0,26.5,basic,3,0,False,False
C00701,2022-11-22,39.0,11.8,free,1,34,False,True
C00702,2021-03-05,,6.6,pro,2,10,False,False
C00703,2020-12-28,26.0,12.1,free,1,10,False,False
C00704,2020-03-30,59.0,32.0,basic,0,26,False,False
C00705,2021-11-03,29.0,17.6,pro,1,1,False,False
C00706,2021-12-15,45.0,4.0,basic,2,5,False,False
C00707,2021-06-01,44.0,11.7,pro,1,8,False,False
C00708,2022-09-21,43.0,17.0,pro,2,14,False,False
C00709,2023-12-23,32.0,5.3,free,2,12,False,False
C00710,2020-06-17,36.0,2.0,free,3,16,False,False
C00711,2020-08-08,67.0,8.4,free,0,22,False,True
C00712,2021-07-18,38.0,49.8,free,0,7,False,False
C00713,2021-01-16,34.0,17.3,basic,0,25,False,False
C00714,2022-01-16,55.0,32.8,basic,1,20,False,False
C00715,2020-04-27,63.0,19.8,basic,2,7,False,False
C00716,2022-06-09,55.0,14.4,free,2,54,False,True
C00717,2022-08-22,65.0,10.5,pro,2,19,False,False
C00718,2023-04-22,57.0,6.2,basic,0,29,False,False
C00719,2022-02-25,68.0,8.1,free,0,5,False,False
C00720,2024-01-05,52.0,11.7,pro,1,12,False,False
C00721,2022-10-10,62.0,6.1,free,0,8,False,False
C00722,2021-06-13,50.0,34.7,basic,0,7,False,False
C00723,2020-06-22,40.0,8.5,free,1,7,False,False
C00724,2020-09-28,74.0,10.9,basic,0,59,True,True
C00725,2021-11-21,63.0,11.4,free,2,7,False,False
C00726,2021-08-01,,17.8,free,1,90,False,True
C00727,2021-02-17,45.0,1.6,free,3,24,False,False
C00728,2021-08-05,32.0,3.9,basic,1,24,False,False
C00729,2021-12-18,31.0,5.1,free,1,10,False,False
C00730,2021-06-26,27.0,8.3,pro,0,23,False,False
C00731,2020-04-02,31.0,35.6,basic,0,11,False,False
C00732,2020-09-19,42.0,8.9,free,3,18,False,False
C00733,2020-07-06,58.0,6.8,free,0,97,True,True
C00734,2021-03-08,42.0,55.7,basic,2,25,False,False
C00735,2023-08-06,27.0,15.7,basic,1,12,False,False
C00736,2024-01-25,24.0,22.2,free,1,3,False,False
C00737,2023-12-07,61.0,6.4,basic,0,14,False,False
C00738,2023-11-09,62.0,1.5,basic,1,8,False,False
C00739,2021-03-18,72.0,0.6,basic,1,179,False,True
C00740,2022-10-29,27.0,3.3,basic,0,19,False,False
C00741,2021-08-24,70.0,37.6,free,1,21,False,False
C00742,2021-05-10,22.0,0.9,free,0,5,False,False
C00743,2020-01-27,66.0,34.1,free,1,0,False,False
C00744,2023-02-22,42.0,3.9,pro,2,29,False,False
C00745,2020-01-01,39.0,14.0,pro,1,10,False,False
C00746,2023-04-28,60.0,18.7,free,1,28,False,False
C00747,2021-02-02,,10.4,free,0,2,False,False
C00748,2020-08-12,,24.8,free,1,3,False,False
C00749,2021-04-01,65.0,21.6,basic,0,17,False,False
C00750,2022-07-25,33.0,10.9,basic,0,3,False,False
C00751,2023-01-18,51.0,3.0,free,1,1,False,False
C00752,2024-02-05,56.0,47.2,free,1,15,False,False
C00753,2020-10-14,67.0,47.1,free,0,12,False,False
C00754,2021-05-18,42.0,7.2,free,5,24,False,False
C00755,2023-01-17,38.0,47.8,basic,1,23,False,False
C00756,2020-02-23,71.0,14.5,free,1,20,False,False
C00757,2021-11-05,66.0,47.7,free,4,8,False,False
C00758,2023-06-15,71.0,21.5,free,0,9,False,False
C00759,2024-01-03,20.0,45.3,free,2,1,False,False
C00760,2022-07-06,,0.9,free,1,8,False,False
C00761,2022-09-30,26.0,15.9,basic,0,4,False,False
C00762,2023-06-09,25.0,0.1,free,3,25,False,False
C00763,2024-01-23,28.0,17.3,free,1,3,False,False
C00764,2020-03-30,32.0,9.5,basic,2,13,False,False
C00765,2023-09-24,40.0,25.6,basic,0,10,False,False
C00766,2021-10-25,43.0,3.3,pro,2,18,False,False
C00767,2020-03-11,21.0,14.6,basic,0,10,False,False
C00768,2020-06-06,32.0,30.3,basic,1,28,False,False
C00769,2022-12-10,18.0,5.0,basic,0,15,False,False
C00770,2022-06-13,34.0,43.8,free,0,15,False,False
C00771,2020-08-09,72.0,0.1,free,0,6,False,False
C00772,2021-01-29,,28.2,free,0,19,False,False
C00773,2020-06-09,67.0,0.3,pro,2,154,False,True
C00774,2024-01-23,31.0,0.1,pro,0,22,False,False
C00775,2020-10-11,43.0,34.9,pro,0,12,False,False
C00776,2021-08-20,55.0,2.2,basic,1,28,False,False
C00777,2023-08-27,32.0,26.9,basic,0,16,False,False
C00778,2023-08-15,67.0,9.8,free,2,16,False,False
C00779,2022-01-07,64.0,33.4,basic,0,75,False,True
C00780,2023-05-16,18.0,3.7,free,1,28,False,False
C00781,2021-11-06,26.0,12.0,basic,0,16,False,False
C00782,2020-07-19,63.0,5.0,basic,1,5,False,False
C00783,2022-03-21,42.0,21.8,free,2,7,False,False
C00784,2023-05-13,27.0,4.3,basic,0,25,False,False
C00785,2022-12-10,63.0,20.2,basic,0,3,False,False
C00786,2023-07-01,67.0,10.3,basic,1,0,False,False
C00787,2023-08-14,53.0,0.0,free,0,72,False,True
C00788,2020-04-30,46.0,26.6,free,2,7,False,False
C00789,2021-06-20,35.0,8.6,basic,0,22,False,False
C00790,2022-05-23,62.0,7.7,free,2,143,False,True
C00791,2021-07-29,60.0,3.8,basic,0,22,False,False
C00792,2023-02-10,34.0,13.1,free,2,13,False,False
C00793,2020-03-16,19.0,1.8,basic,0,29,False,False
C00794,2021-10-04,44.0,23.8,free,1,21,False,False
C00795,2022-02-27,51.0,17.4,free,2,4,False,False
C00796,2020-12-31,61.0,7.9,basic,1,150,False,True
C00797,2023-01-24,57.0,17.0,free,0,24,False,False
C00798,2020-10-15,37.0,1.8,free,1,16,False,False
C00799,2021-12-05,21.0,14.6,free,1,16,False,False
C00800,2022-04-10,36.0,10.7,pro,2,29,False,False
C00801,2020-12-08,45.0,9.5,pro,0,6,False,False
C00802,2020-04-19,28.0,11.3,free,0,24,False,False
C00803,2023-10-31,72.0,10.4,free,2,13,False,False
C00804,2021-06-16,36.0,5.8,free,1,21,False,False
C00805,2021-02-21,30.0,8.2,free,0,122,False,True
C00806,2022-04-27,63.0,5.0,free,0,61,False,True
C00807,2021-08-20,58.0,4.2,basic,1,30,False,True
C00808,2021-11-16,74.0,11.6,basic,1,19,False,False
C00809,2022-01-23,66.0,5.3,free,0,27,False,False
C00810,2023-07-04,18.0,43.0,free,0,22,False,False
C00811,2022-10-21,56.0,14.2,free,0,0,False,False
C00812,2023-06-27,27.0,6.5,free,1,14,False,False
C00813,2022-03-29,38.0,0.1,basic,2,21,False,False
C00814,2022-07-16,54.0,35.5,free,1,12,False,False
C00815,2021-06-25,18.0,7.8,free,1,76,True,True
C00816,2021-06-04,48.0,57.0,pro,1,18,False,False
C00817,2022-08-25,25.0,8.9,free,2,4,False,False
C00818,2021-03-21,72.0,16.1,free,0,25,False,False
C00819,2021-04-17,40.0,2.0,pro,0,29,False,False
C00820,2021-02-07,32.0,45.7,free,0,19,False,False
C00821,2021-04-29,,20.0,pro,1,17,False,False
C00822,2022-07-21,23.0,11.6,basic,1,26,False,False
C00823,2021-03-26,51.0,2.2,free,1,12,False,False
C00824,2023-04-17,19.0,70.0,free,1,1,False,False
C00825,2024-02-05,61.0,0.7,basic,4,120,True,True
C00826,2022-02-10,42.0,11.5,free,2,126,True,True
C00827,2023-02-25,49.0,3.5,free,1,14,False,False
C00828,2022-10-31,33.0,14.0,free,2,14,False,False
C00829,2020-07-11,34.0,12.4,basic,2,20,False,False
C00830,2022-08-22,36.0,31.6,free,1,19,False,False
C00831,2021-10-08,45.0,5.2,free,1,20,False,False
C00832,2020-01-31,55.0,18.9,free,2,23,False,False
C00833,2023-04-18,27.0,10.2,free,1,9,False,False
C00834,2020-01-22,51.0,8.0,free,1,11,False,False
C00835,2023-09-09,34.0,38.3,basic,1,10,False,False
C00836,2022-07-24,37.0,33.7,basic,1,16,False,False
C00837,2023-08-08,37.0,32.3,free,0,27,False,False
C00838,2022-07-18,43.0,20.6,basic,1,26,False,False
C00839,2020-10-09,60.0,5.4,basic,0,27,False,False
C00840,2023-10-23,36.0,3.1,pro,0,10,False,False
C00841,2021-02-22,66.0,8.4,free,2,173,True,True
C00842,2020-10-10,44.0,19.8,basic,0,5,False,False
C00843,2020-12-03,46.0,3.2,free,0,24,False,False
C00844,2023-12-21,19.0,14.7,free,0,19,False,False
C00845,2022-07-11,32.0,25.2,free,0,21,False,False
C00846,2022-03-28,45.0,12.0,pro,0,18,False,False
C00847,2022-02-15,74.0,14.6,pro,3,165,True,True
C00848,2022-06-07,30.0,3.5,basic,2,20,False,False
C00849,2022-01-18,46.0,6.4,basic,0,24,False,False
C00850,2022-09-20,,8.0,free,0,11,False,False
C00851,2021-12-28,66.0,11.6,free,1,4,False,False
C00852,2023-05-03,57.0,19.3,pro,0,4,False,False
C00853,2021-03-24,30.0,3.1,free,2,13,False,False
C00854,2020-05-17,51.0,17.7,free,0,8,False,False
C00855,2024-01-21,58.0,12.3,basic,0,12,False,False
C00856,2022-12-22,57.0,4.9,basic,2,23,False,False
C00857,2023-11-03,51.0,6.9,free,1,22,False,True
C00858,2023-03-18,70.0,2.6,free,1,34,False,True
C00859,2021-06-15,70.0,16.9,free,0,98,False,True
C00860,2021-10-04,70.0,0.5,pro,1,13,False,False
C00861,2020-07-03,68.0,22.4,pro,1,4,False,False
C00862,2022-12-12,42.0,0.2,basic,0,21,False,False
C00863,2023-06-06,45.0,13.0,pro,0,26,False,False
C00864,2020-09-21,70.0,2.2,free,2,11,False,False
C00865,2021-08-26,19.0,26.2,pro,0,19,False,False
C00866,2020-01-21,58.0,9.3,free,1,0,False,False
C00867,2023-11-13,71.0,10.5,basic,1,25,False,False
C00868,2023-06-21,46.0,5.3,free,1,19,False,False
C00869,2021-06-12,63.0,16.9,free,2,10,False,False
C00870,2024-01-09,36.0,4.0,free,1,49,False,True
C00871,2022-03-01,73.0,9.9,basic,1,17,False,False
C00872,2023-12-23,18.0,49.0,free,0,9,False,False
C00873,2021-08-27,41.0,29.0,free,1,16,False,False
C00874,2021-06-19,50.0,19.8,basic,3,1,False,False
C00875,2021-06-15,31.0,7.0,free,0,15,False,False
C00876,2022-09-20,64.0,43.1,free,0,4,False,False
C00877,2023-03-15,65.0,19.2,free,1,24,False,False
C00878,2021-01-20,43.0,38.0,free,2,3,False,False
C00879,2021-09-09,66.0,11.9,free,0,19,True,True
C00880,2020-08-24,63.0,31.9,free,2,14,False,False
C00881,2023-07-13,18.0,20.7,free,0,23,False,False
C00882,2022-11-10,49.0,4.5,basic,0,19,False,False
C00883,2020-06-01,58.0,48.1,free,2,9,False,False
C00884,2020-12-14,71.0,1.7,pro,1,29,False,False
C00885,2023-08-02,42.0,25.6,free,1,4,False,False
C00886,2021-01-14,19.0,6.9,basic,2,28,False,False
C00887,2020-03-08,42.0,7.6,pro,1,15,False,False
C00888,2023-08-17,59.0,5.6,free,0,12,False,False
C00889,2021-07-21,22.0,7.1,free,0,27,False,False
C00890,2023-08-08,32.0,8.7,basic,0,26,False,False
C00891,2021-05-26,58.0,4.3,basic,2,29,False,False
C00892,2022-05-30,66.0,6.4,free,1,5,False,False
C00893,2023-09-19,41.0,32.2,basic,1,22,False,False
C00894,2023-08-08,35.0,21.1,pro,1,16,False,False
C00895,2023-02-06,53.0,19.7,free,1,146,True,True
C00896,2020-03-15,33.0,15.1,pro,1,13,False,False
C00897,2021-10-15,52.0,21.8,free,2,5,False,False
C00898,2020-12-22,38.0,13.6,basic,0,11,False,False
C00899,2020-07-18,63.0,1.1,basic,0,61,False,True
C00900,2020-04-06,43.0,0.7,pro,1,18,False,False
C00901,2021-03-25,37.0,5.8,basic,1,4,False,False
C00902,2021-04-27,27.0,48.0,free,1,15,False,False
C00903,2024-01-16,,2.4,free,1,12,False,False
C00904,2024-01-22,66.0,6.0,free,2,13,False,False
C00905,2022-09-03,,33.9,basic,1,1,False,False
C00906,2023-06-16,18.0,39.7,free,0,12,False,False
C00907,2022-09-28,39.0,48.8,basic,1,28,False,False
C00908,2020-02-24,22.0,32.8,pro,2,24,False,False
C00909,2023-04-23,71.0,10.6,basic,0,15,False,False
C00910,2020-01-25,30.0,6.2,free,0,5,False,False
C00911,2020-11-24,57.0,1.0,free,1,155,True,True
C00912,2022-07-11,60.0,14.6,basic,0,14,False,False
C00913,2020-10-11,33.0,31.6,free,0,27,False,False
C00914,2022-01-05,31.0,12.4,pro,2,25,False,False
C00915,2023-12-10,26.0,4.5,free,0,24,False,False
C00916,2022-09-11,29.0,4.2,free,2,8,False,False
C00917,2020-11-11,54.0,13.3,free,1,7,False,False
C00918,2021-02-05,21.0,17.3,free,1,10,False,False
C00919,2021-04-26,40.0,11.7,basic,0,29,False,False
C00920,2023-07-26,19.0,52.6,basic,1,9,False,False
C00921,2021-09-28,55.0,1.0,pro,2,25,False,False
C00922,2021-12-23,44.0,0.9,pro,0,12,False,False
C00923,2023-10-29,58.0,7.6,basic,0,9,False,False
C00924,2021-03-03,47.0,27.8,pro,2,19,False,False
C00925,2022-09-01,65.0,7.8,free,2,15,False,False
C00926,2022-11-14,27.0,3.5,pro,1,97,True,True
C00927,2022-01-25,67.0,21.9,pro,1,8,False,False
C00928,2023-07-22,24.0,3.0,basic,0,28,False,False
C00929,2022-10-07,26.0,11.8,pro,1,1,False,False
C00930,2021-06-21,66.0,16.5,basic,0,19,False,False
C00931,2020-06-15,31.0,3.1,free,3,12,False,False
C00932,2020-11-16,20.0,13.9,free,0,9,False,False
C00933,2023-05-01,52.0,6.0,pro,0,17,False,False
C00934,2020-02-20,25.0,9.0,pro,0,9,False,False
C00935,2020-10-18,25.0,4.1,basic,1,18,False,False
C00936,2021-04-10,27.0,15.5,free,1,11,False,False
C00937,2020-11-18,74.0,44.6,free,2,25,False,True
C00938,2023-08-26,27.0,29.0,free,1,17,False,False
C00939,2022-09-16,23.0,9.5,free,2,18,False,False
C00940,2023-06-17,55.0,31.5,basic,2,25,False,False
C00941,2022-10-07,55.0,25.3,free,1,10,False,False
C00942,2022-08-23,55.0,5.3,pro,3,1,False,False
C00943,2020-07-28,,5.8,free,0,27,False,False
C00944,2021-11-04,42.0,2.9,free,1,174,True,True
C00945,2021-04-01,32.0,57.4,basic,1,19,False,False
C00946,2021-09-19,74.0,7.1,basic,2,21,False,False
C00947,2020-12-11,66.0,2.8,free,0,155,True,True
C00948,2021-05-19,68.0,35.9,basic,1,23,False,False
C00949,2021-02-25,67.0,34.2,free,1,24,False,False
C00950,2023-01-25,61.0,3.2,free,3,15,False,False
C00951,2023-03-15,26.0,14.4,basic,1,24,False,False
C00952,2020-12-09,22.0,1.7,free,1,7,False,False
C00953,2021-07-01,41.0,4.5,basic,0,2,False,False
C00954,2023-01-02,39.0,2.2,free,1,27,False,False
C00955,2022-11-19,46.0,18.7,free,2,18,False,False
C00956,2021-03-19,29.0,26.4,basic,1,14,False,False
C00957,2021-09-23,63.0,5.2,basic,1,25,False,False
C00958,2020-01-04,47.0,8.8,free,1,18,False,False
C00959,2023-04-02,59.0,22.0,basic,0,12,False,False
C00960,2020-06-26,32.0,41.8,pro,1,1,False,False
C00961,2022-05-10,32.0,21.0,free,1,24,False,False
C00962,2021-08-03,33.0,6.2,free,0,8,False,False
C00963,2021-11-17,29.0,0.9,free,3,23,False,False
C00964,2021-04-10,30.0,17.9,free,0,93,False,True
C00965,2023-11-19,42.0,13.7,basic,0,17,False,False
C00966,2022-07-25,49.0,16.3,free,3,146,False,True
C00967,2022-03-11,62.0,19.6,free,2,28,True,True
C00968,2020-09-09,47.0,21.7,basic,1,10,False,False
C00969,2023-07-04,19.0,7.7,free,0,39,False,True
C00970,2020-12-25,51.0,3.5,free,2,154,False,True
C00971,2022-01-04,18.0,35.7,free,3,23,False,False
C00972,2022-03-05,28.0,26.1,basic,2,26,False,False
C00973,2021-07-07,40.0,16.0,pro,1,15,False,False
C00974,2023-05-16,69.0,2.4,basic,1,24,False,False
C00975,2021-01-09,42.0,17.7,basic,1,0,False,False
C00976,2022-08-20,63.0,0.2,basic,0,28,False,False
C00977,2023-10-16,58.0,6.0,basic,0,13,False,False
C00978,2023-02-20,35.0,33.8,pro,1,7,False,False
C00979,2021-09-02,59.0,2.8,free,1,20,False,False
C00980,2022-01-19,56.0,45.6,free,2,26,False,False
C00981,2024-01-20,68.0,0.4,free,4,20,False,False
C00982,2021-02-01,74.0,14.0,basic,0,9,False,False
C00983,2023-08-30,,12.3,free,2,138,False,True
C00984,2022-04-15,40.0,18.6,basic,1,20,False,False
C00985,2023-10-30,36.0,3.6,free,0,14,False,False
C00986,2021-03-21,44.0,24.8,pro,3,2,False,False
C00987,2023-07-28,,0.4,basic,1,20,False,False
C00988,2023-12-22,19.0,11.7,free,1,27,False,False
C00989,2020-08-12,65.0,16.9,free,0,23,False,False
C00990,2021-03-19,68.0,31.2,free,0,0,False,False
C00991,2021-04-25,72.0,0.3,free,3,38,False,True
C00992,2022-09-17,51.0,20.8,free,3,36,False,True
C00993,2024-01-20,61.0,15.2,free,0,6,False,False
C00994,2021-07-22,67.0,21.5,basic,1,26,False,False
C00995,2021-05-10,48.0,54.3,basic,0,16,False,False
C00996,2022-05-20,32.0,4.3,free,1,22,False,False
C00997,2020-06-19,23.0,9.8,pro,0,1,False,False
C00998,2020-03-22,24.0,42.4,basic,1,12,False,False
C00999,2021-04-09,27.0,14.5,free,0,27,False,False
C01000,2020-05-23,62.0,3.9,free,0,7,False,False
C01001,2020-08-02,42.0,1.7,pro,0,28,False,False
C01002,2020-12-07,28.0,31.6,basic,0,6,False,False
C01003,2020-03-30,,3.5,basic,3,15,False,False
C01004,2020-04-25,72.0,18.8,free,0,15,False,False
C01005,2021-11-11,70.0,16.4,free,1,179,False,True
C01006,2022-05-07,46.0,6.7,basic,0,21,False,False
C01007,2020-02-24,50.0,35.6,basic,0,0,False,False
C01008,2022-08-21,25.0,18.9,basic,0,27,False,False
C01009,2020-01-10,54.0,25.2,pro,1,7,False,False
C01010,2021-02-19,74.0,13.4,free,0,5,False,False
C01011,2022-06-20,20.0,9.0,free,1,15,False,False
C01012,2021-08-22,19.0,5.4,basic,0,28,False,False
C01013,2022-11-26,51.0,8.9,basic,1,7,False,False
C01014,2021-02-25,34.0,1.2,basic,0,15,False,False
C01015,2021-02-10,42.0,15.4,free,0,29,False,False
C01016,2023-11-11,70.0,8.8,free,1,15,False,False
C01017,2021-03-09,22.0,17.2,free,1,13,False,False
C01018,2023-04-14,48.0,0.6,pro,2,16,False,False
C01019,2021-01-08,44.0,60.6,free,2,10,False,False
C01020,2020-01-07,69.0,1.0,basic,1,0,False,False
C01021,2022-06-04,20.0,43.0,free,0,18,False,False
C01022,2022-03-02,66.0,9.7,basic,2,28,False,False
C01023,2022-05-27,73.0,16.3,pro,1,7,False,False
C01024,2021-10-17,74.0,25.2,basic,1,87,False,True
C01025,2020-10-29,32.0,17.3,pro,0,8,False,False
C01026,2022-04-09,47.0,4.2,basic,2,5,False,False
C01027,2023-02-18,60.0,16.3,free,1,28,False,False
C01028,2022-08-20,41.0,14.6,basic,1,18,False,False
C01029,2021-10-24,43.0,16.4,free,1,5,False,False
C01030,2020-10-01,34.0,6.7,pro,0,8,False,False
C01031,2022-08-07,71.0,16.6,basic,0,2,False,False
C01032,2020-01-05,23.0,0.8,pro,1,15,False,False
C01033,2022-04-06,20.0,22.2,free,1,24,False,False
C01034,2022-08-06,62.0,16.3,basic,1,15,False,False
C01035,2023-04-22,23.0,12.1,basic,1,28,False,False
C01036,2021-06-28,72.0,3.3,pro,1,23,False,False
C01037,2020-01-30,66.0,26.0,free,0,20,False,False
C01038,2020-08-16,49.0,16.3,basic,1,11,False,False
C01039,2020-09-28,43.0,16.3,free,1,12,False,False
C01040,2021-10-07,51.0,29.4,basic,2,12,False,False
C01041,2021-03-29,64.0,4.3,free,1,20,False,False
C01042,2021-02-26,44.0,6.8,free,0,11,False,False
C01043,2021-04-25,68.0,67.2,free,2,12,False,False
C01044,2020-10-11,51.0,0.8,free,1,18,False,False
C01045,2023-05-07,,19.7,basic,0,29,False,False
C01046,2024-01-26,23.0,2.2,basic,0,26,False,False
C01047,2021-10-09,71.0,2.6,free,3,135,True,True
C01048,2020-08-17,20.0,14.6,free,0,90,False,True
C01049,2023-05-13,43.0,1.3,basic,0,6,False,False
C01050,2022-04-02,23.0,2.8,basic,0,6,False,False
C01051,2020-01-23,,37.9,pro,1,14,False,False
C01052,2023-04-30,21.0,2.8,free,3,16,False,False
C01053,2020-10-01,,10.7,basic,1,23,False,False
C01054,2022-04-28,29.0,0.1,basic,0,10,False,False
C01055,2022-11-12,28.0,18.4,free,1,12,False,False
C01056,2024-01-04,57.0,5.5,free,0,2,False,False
C01057,2020-12-22,45.0,11.7,free,1,2,False,False
C01058,2020-04-14,67.0,11.3,free,1,28,False,False
C01059,2022-09-09,25.0,5.9,pro,0,24,False,False
C01060,2021-08-02,30.0,39.6,free,1,8,False,False
C01061,2021-12-09,65.0,0.4,free,2,10,False,False
C01062,2020-06-03,19.0,28.8,basic,0,14,False,False
C01063,2022-01-04,62.0,6.9,pro,0,24,False,False
C01064,2020-12-08,73.0,49.9,free,1,18,False,False
C01065,2023-07-07,62.0,21.6,basic,0,175,False,True
C01066,2023-09-17,27.0,32.7,free,2,123,True,True
C01067,2021-05-26,35.0,24.0,free,2,5,False,False
C01068,2022-08-05,62.0,33.4,free,2,5,False,False
C01069,2023-09-21,61.0,12.9,free,1,20,False,False
C01070,2021-09-20,70.0,8.7,basic,0,29,False,False
C01071,2020-04-24,34.0,16.4,free,0,8,False,False
C01072,2021-12-22,60.0,4.3,free,3,17,False,False
C01073,2022-11-05,18.0,29.1,basic,1,25,False,False
C01074,2023-03-02,23.0,8.8,pro,1,1,False,False
C01075,2020-10-01,47.0,26.2,free,2,21,False,False
C01076,2020-07-09,66.0,11.1,basic,0,12,False,False
C01077,2021-07-28,38.0,9.9,basic,4,23,False,False
C01078,2021-03-01,53.0,16.3,basic,1,0,False,False
C01079,2023-11-26,54.0,1.9,basic,0,16,False,False
C01080,2024-01-03,38.0,22.3,basic,0,6,False,False
C01081,2023-07-02,66.0,7.5,pro,1,8,False,False
C01082,2022-01-07,50.0,19.4,free,1,12,False,False
C01083,2023-08-26,74.0,10.1,basic,3,91,True,True
C01084,2022-12-12,67.0,79.4,pro,2,20,False,False
C01085,2021-11-06,33.0,14.2,free,1,15,False,False
C01086,2022-06-27,56.0,8.3,free,0,88,True,True
C01087,2020-07-24,31.0,17.8,pro,3,21,False,False
C01088,2020-10-22,62.0,45.7,free,1,4,False,False
C01089,2023-09-14,33.0,14.6,pro,0,0,False,False
C01090,2021-04-14,67.0,3.4,pro,0,14,False,False
C01091,2020-01-05,64.0,8.9,free,3,17,False,False
C01092,2023-10-22,31.0,26.0,free,2,20,False,False
C01093,2022-04-27,43.0,25.5,free,0,15,False,False
C01094,2022-08-02,59.0,9.9,free,3,62,True,True
C01095,2022-04-27,50.0,47.9,free,4,77,False,True
C01096,2022-04-09,59.0,11.5,free,1,159,False,True
C01097,2023-06-20,61.0,9.2,free,0,15,False,False
C01098,2020-05-15,63.0,0.3,free,2,171,False,True
C01099,2022-04-05,45.0,3.8,basic,1,15,False,True
C01100,2020-10-26,37.0,45.1,basic,0,6,False,False
C01101,2022-12-28,73.0,13.7,free,2,5,False,False
C01102,2020-10-31,66.0,15.4,free,1,82,False,True
C01103,2020-05-09,41.0,29.4,free,0,19,False,False
C01104,2020-06-26,25.0,9.5,free,0,19,False,False
C01105,2021-07-17,68.0,8.8,free,2,22,False,True
C01106,2022-09-13,61.0,12.4,pro,0,7,False,False
C01107,2021-07-23,32.0,20.5,pro,1,19,False,False
C01108,2023-06-01,26.0,5.7,basic,2,15,False,False
C01109,2022-10-18,25.0,18.9,basic,1,20,False,False
C01110,2023-05-13,23.0,4.7,basic,1,58,True,True
C01111,2023-09-02,,0.3,free,3,22,False,False
C01112,2022-01-01,64.0,44.0,free,1,22,False,False
C01113,2022-07-29,68.0,8.1,free,3,1,False,False
C01114,2024-01-20,40.0,36.5,free,1,0,False,False
C01115,2021-11-11,32.0,3.8,basic,1,16,False,False
C01116,2023-06-23,54.0,43.7,free,1,16,False,False
C01117,2022-12-10,54.0,30.0,basic,1,1,False,False
C01118,2020-11-25,53.0,3.5,pro,2,3,False,False
C01119,2023-12-12,33.0,2.1,basic,0,20,False,False
C01120,2022-01-03,52.0,5.1,free,2,39,False,True
C01121,2023-08-15,41.0,7.4,pro,1,114,False,True
C01122,2023-03-24,44.0,1.8,free,1,1,False,False
C01123,2022-08-15,25.0,2.0,pro,0,3,False,False
C01124,2021-02-05,61.0,13.6,free,4,171,True,True
C01125,2020-11-05,20.0,9.9,basic,3,122,True,True
C01126,2020-06-02,34.0,15.5,basic,1,1,False,False
C01127,2022-08-12,52.0,41.1,free,2,7,False,False
C01128,2021-12-12,58.0,10.1,basic,1,64,False,True
C01129,2021-05-06,50.0,27.5,free,0,10,False,False
C01130,2023-01-05,36.0,6.2,basic,0,1,False,False
C01131,2023-01-09,35.0,17.2,free,1,24,False,False
C01132,2021-01-05,25.0,4.6,basic,0,27,False,False
C01133,2021-01-08,20.0,15.4,basic,1,4,False,False
C01134,2023-09-24,28.0,3.1,free,1,9,False,False
C01135,2020-01-05,28.0,35.9,free,1,4,False,False
C01136,2023-07-22,40.0,6.6,free,0,26,False,False
C01137,2022-07-29,21.0,25.5,basic,0,7,False,False
C01138,2020-04-08,39.0,20.4,pro,1,15,False,False
C01139,2023-04-15,70.0,23.7,basic,1,16,False,False
C01140,2023-07-31,62.0,69.9,pro,1,15,False,False
C01141,2021-08-21,44.0,44.9,pro,0,15,False,False
C01142,2023-11-12,38.0,17.9,free,1,2,False,False
C01143,2023-03-15,38.0,19.5,free,1,21,False,False
C01144,2023-03-07,62.0,12.1,free,0,116,True,True
C01145,2020-11-10,56.0,2.8,pro,1,6,False,False
C01146,2022-01-16,22.0,20.3,pro,1,17,False,False
C01147,2021-09-24,46.0,23.0,free,2,14,False,False
C01148,2021-11-23,32.0,29.4,basic,0,6,False,False
C01149,2021-08-07,24.0,16.2,free,3,160,False,True
C01150,2023-02-15,74.0,14.7,free,0,5,False,False
C01151,2020-11-10,33.0,13.7,pro,0,8,False,False
C01152,2021-10-19,36.0,18.8,free,2,16,False,False
C01153,2021-08-17,59.0,28.4,free,1,15,False,False
C01154,2023-08-27,41.0,13.5,free,2,8,False,False
C01155,2020-10-09,64.0,0.3,basic,0,5,False,False
C01156,2021-10-11,42.0,0.6,pro,0,15,False,False
C01157,2020-08-09,52.0,2.3,free,1,0,False,False
C01158,2020-12-26,64.0,2.1,free,1,160,True,True
C01159,2020-04-04,59.0,7.6,free,0,12,False,False
C01160,2023-06-02,58.0,8.5,free,2,2,False,False
C01161,2021-11-18,24.0,5.3,basic,1,6,False,False
C01162,2023-07-06,26.0,27.5,free,0,29,False,False
C01163,2020-08-13,58.0,34.0,free,1,8,False,False
C01164,2022-05-31,,2.6,basic,1,0,False,False
C01165,2021-12-17,56.0,20.4,free,0,1,False,False
C01166,2022-12-18,36.0,2.1,pro,3,135,False,True
C01167,2020-11-11,55.0,15.4,basic,0,34,True,True
C01168,2024-01-09,69.0,25.7,pro,3,24,False,False
C01169,2023-06-05,22.0,7.5,pro,0,22,False,False
C01170,2022-08-31,67.0,1.6,basic,0,171,False,True
C01171,2021-12-06,33.0,4.3,free,4,11,False,False
C01172,2021-05-24,22.0,9.8,basic,3,20,False,False
C01173,2021-11-01,43.0,34.8,pro,3,16,False,False
C01174,2023-04-13,,12.1,basic,0,26,False,False
C01175,2021-11-22,63.0,5.3,free,1,19,False,False
C01176,2023-11-19,64.0,4.6,free,1,16,False,False
C01177,2023-01-06,23.0,32.8,pro,0,21,False,False
C01178,2021-08-04,60.0,31.8,basic,2,18,False,False
C01179,2023-12-20,25.0,27.1,pro,0,2,False,False
C01180,2023-01-13,52.0,6.0,basic,3,130,False,True
C01181,2023-01-03,26.0,24.1,free,1,8,False,False
C01182,2021-09-09,72.0,2.5,pro,1,4,False,False
C01183,2023-08-01,31.0,4.4,free,1,26,False,False
C01184,2021-03-29,22.0,37.1,free,0,22,False,False
C01185,2020-04-13,61.0,4.3,free,0,1,False,False
C01186,2021-04-21,66.0,33.5,free,1,15,False,False
C01187,2022-11-09,36.0,42.7,basic,1,29,False,False
C01188,2021-01-30,67.0,15.8,free,1,88,False,True
C01189,2023-05-01,65.0,37.3,free,0,9,False,False
C01190,2023-06-24,35.0,8.7,pro,0,22,False,False
C01191,2021-08-13,34.0,3.4,free,0,83,False,True
C01192,2023-06-29,19.0,40.1,free,0,7,False,False
C01193,2023-10-16,41.0,69.4,free,1,8,False,False
C01194,2022-03-25,68.0,9.2,pro,2,16,False,True
C01195,2021-03-30,40.0,1.0,pro,2,19,False,False
C01196,2021-02-14,52.0,21.3,free,4,24,False,False
C01197,2023-02-16,27.0,10.9,basic,0,25,False,False
C01198,2022-04-18,31.0,13.5,free,3,177,False,True
C01199,2020-02-06,21.0,27.4,basic,0,28,False,False
C01200,2021-03-26,72.0,13.7,free,4,20,False,False
C01201,2021-07-01,69.0,8.4,free,0,21,False,False
C01202,2020-12-02,38.0,2.9,pro,2,17,False,False
C01203,2023-11-29,67.0,1.9,basic,1,9,False,False
C01204,2020-09-16,37.0,5.5,free,2,0,False,False
C01205,2022-03-20,61.0,46.5,free,1,11,False,False
C01206,2021-10-31,60.0,10.2,free,2,80,False,True
C01207,2022-11-20,58.0,16.8,free,3,19,False,False
C01208,2021-07-10,47.0,24.5,basic,0,18,False,False
C01209,2020-07-20,57.0,1.3,basic,1,68,True,True
C01210,2022-01-10,65.0,2.9,free,0,21,False,False
C01211,2022-06-14,44.0,2.5,free,0,10,False,False
C01212,2023-06-29,56.0,34.0,free,1,8,False,False
C01213,2021-07-03,30.0,17.0,free,1,22,False,False
C01214,2021-10-21,32.0,49.0,basic,2,6,False,False
C01215,2023-06-22,69.0,35.0,basic,2,158,False,True
C01216,2022-04-27,18.0,59.0,free,2,9,False,False
C01217,2022-08-12,67.0,2.5,basic,1,20,False,False
C01218,2023-04-05,52.0,10.3,free,1,9,False,False
C01219,2020-06-29,70.0,3.1,pro,0,20,False,False
C01220,2023-06-06,66.0,57.5,free,0,17,False,False
C01221,2020-12-01,22.0,28.8,free,0,25,False,False
C01222,2020-02-28,50.0,10.2,free,0,21,False,True
C01223,2021-07-18,25.0,27.4,free,1,12,False,False
C01224,2023-07-08,61.0,37.7,basic,2,21,False,False
C01225,2024-02-05,74.0,18.6,pro,2,13,False,False
C01226,2022-11-28,28.0,48.3,free,2,5,False,False
C01227,2021-01-06,23.0,13.8,free,0,27,False,False
C01228,2022-10-13,48.0,0.5,free,1,25,False,False
C01229,2022-01-01,36.0,1.8,free,1,14,False,False
C01230,2020-11-16,65.0,9.8,free,1,15,True,True
C01231,2022-08-06,35.0,20.8,pro,2,16,False,False
C01232,2022-10-06,59.0,10.7,basic,1,66,False,True
C01233,2024-01-23,20.0,1.7,basic,1,9,False,False
C01234,2021-11-09,32.0,0.0,free,0,16,False,False
C01235,2023-07-04,47.0,14.5,free,1,128,False,True
C01236,2023-12-03,,46.4,free,1,6,False,False
C01237,2023-08-10,63.0,7.2,free,4,8,False,False
C01238,2020-06-22,53.0,17.3,free,1,9,False,False
C01239,2023-12-07,35.0,7.6,basic,1,148,False,True
C01240,2023-09-11,20.0,45.3,basic,0,21,False,False
C01241,2020-02-21,44.0,13.4,free,1,14,False,False
C01242,2023-07-25,23.0,33.6,basic,0,5,False,False
C01243,2022-09-05,24.0,14.6,free,2,24,False,False
C01244,2020-05-20,48.0,43.4,basic,0,137,False,True
C01245,2020-06-21,66.0,44.7,free,2,29,False,False
C01246,2020-05-26,19.0,13.0,free,0,20,False,False
C01247,2023-06-08,60.0,10.7,basic,1,7,False,False
C01248,2020-11-17,20.0,97.4,free,0,29,False,False
C01249,2023-12-22,32.0,0.6,free,2,26,False,False
C01250,2020-01-03,24.0,3.5,free,0,27,False,False
C01251,2023-11-02,21.0,3.4,basic,2,12,False,False
C01252,2020-12-15,27.0,19.3,basic,2,17,False,False
C01253,2023-05-19,37.0,12.2,free,2,0,False,False
C01254,2023-04-14,41.0,14.0,basic,0,19,False,False
C01255,2020-04-17,33.0,69.1,free,3,11,False,False
C01256,2023-04-10,55.0,7.1,basic,1,28,False,False
C01257,2023-01-13,50.0,31.6,free,0,6,False,False
C01258,2020-06-22,19.0,13.4,basic,1,11,False,False
C01259,2021-08-11,73.0,1.8,basic,0,105,True,True
C01260,2023-10-07,31.0,81.8,basic,2,29,False,False
C01261,2023-10-06,21.0,7.1,free,1,4,False,False
C01262,2023-12-18,57.0,71.0,free,0,4,False,False
C01263,2023-12-29,70.0,4.8,pro,1,4,False,False
C01264,2020-10-06,44.0,9.6,basic,0,15,False,False
C01265,2021-01-12,52.0,17.7,basic,2,11,False,False
C01266,2022-06-24,18.0,14.4,free,2,29,False,False
C01267,2021-05-30,,4.4,basic,0,21,False,False
C01268,2020-06-27,36.0,3.3,free,2,68,False,True
C01269,2022-11-29,26.0,11.0,basic,0,171,False,True
C01270,2022-01-30,68.0,11.6,basic,1,20,False,False
C01271,2022-10-22,20.0,2.8,free,0,24,False,False
C01272,2022-03-10,20.0,6.7,free,0,3,False,False
C01273,2020-03-13,51.0,16.4,basic,1,17,False,False
C01274,2020-09-16,45.0,61.1,basic,3,27,False,False
C01275,2023-08-07,44.0,8.2,basic,1,26,False,False
C01276,2023-06-23,18.0,10.2,basic,0,25,False,False
C01277,2020-07-27,55.0,4.8,free,0,16,False,False
C01278,2021-03-06,44.0,21.9,free,1,133,True,True
C01279,2024-01-01,67.0,41.9,basic,1,9,False,False
C01280,2020-05-27,35.0,29.2,free,1,29,False,False
C01281,2021-03-13,52.0,8.7,basic,4,25,False,False
C01282,2021-12-21,,10.5,free,2,15,False,False
C01283,2021-08-28,67.0,29.7,pro,0,22,False,False
C01284,2020-08-05,51.0,18.0,free,3,121,True,True
C01285,2022-10-01,63.0,15.7,pro,1,21,False,False
C01286,2022-08-25,29.0,54.3,pro,0,20,False,False
C01287,2023-05-12,41.0,0.0,free,0,105,False,True
C01288,2021-10-25,70.0,20.0,basic,1,18,False,False
C01289,2021-03-26,73.0,1.2,free,0,131,True,True
C01290,2023-03-10,56.0,8.7,free,1,22,False,True
C01291,2021-11-05,38.0,5.8,free,2,12,False,False
C01292,2022-09-03,34.0,24.0,basic,5,2,False,False
C01293,2022-08-08,39.0,44.8,basic,3,2,False,False
C01294,2020-11-01,48.0,8.3,free,2,18,False,False
C01295,2022-05-23,39.0,0.2,free,1,135,False,True
C01296,2022-09-22,43.0,14.1,free,0,14,False,False
C01297,2022-10-12,53.0,12.6,basic,2,29,False,False
C01298,2020-12-20,20.0,30.2,free,2,28,False,False
C01299,2022-03-08,39.0,17.5,free,2,12,False,False
C01300,2021-09-08,26.0,1.8,free,1,3,False,False
C01301,2022-04-29,58.0,1.6,free,1,4,False,False
C01302,2022-09-28,55.0,3.0,free,2,153,True,True
C01303,2022-05-12,28.0,42.6,free,2,28,False,False
C01304,2023-11-12,34.0,14.0,basic,0,21,False,True
C01305,2023-05-17,63.0,8.4,free,0,58,False,True
C01306,2022-08-23,43.0,12.7,basic,1,27,False,False
C01307,2020-01-07,39.0,5.1,free,3,24,False,False
C01308,2020-11-22,34.0,8.0,free,1,29,False,False
C01309,2022-12-17,54.0,38.1,pro,2,151,False,True
C01310,2021-03-27,31.0,99.5,basic,2,27,False,False
C01311,2023-06-14,64.0,60.8,free,1,5,False,False
C01312,2020-09-29,18.0,13.5,basic,0,22,False,False
C01313,2023-10-06,51.0,2.7,basic,1,13,False,False
C01314,2021-09-25,57.0,7.9,free,2,81,False,True
C01315,2020-07-09,20.0,47.3,basic,1,27,False,False
C01316,2023-05-31,70.0,0.7,pro,1,153,False,True
C01317,2022-01-09,32.0,16.9,basic,0,18,False,False
C01318,2021-10-02,31.0,26.1,free,0,27,False,False
C01319,2020-08-31,35.0,8.5,free,2,25,False,False
C01320,2022-12-27,28.0,27.3,free,3,13,False,False
C01321,2020-09-14,43.0,4.3,basic,0,25,False,False
C01322,2021-09-19,70.0,6.5,free,1,49,False,True
C01323,2020-04-18,62.0,19.8,free,2,15,False,False
C01324,2020-01-31,60.0,45.7,basic,2,17,False,False
C01325,2020-10-31,40.0,22.7,pro,0,25,False,False
C01326,2020-11-01,33.0,50.9,basic,1,17,False,False
C01327,2023-06-06,57.0,6.7,basic,0,8,False,False
C01328,2022-05-30,63.0,17.5,free,3,84,False,True
C01329,2023-08-23,67.0,9.3,free,1,24,True,True
C01330,2022-03-31,26.0,28.8,free,0,150,False,True
C01331,2023-01-06,63.0,8.7,free,0,8,False,False
C01332,2021-08-25,30.0,2.4,free,3,79,False,True
C01333,2020-04-14,67.0,41.7,free,2,1,False,False
C01334,2020-12-16,64.0,0.3,free,0,24,False,False
C01335,2022-06-28,50.0,6.9,basic,2,40,False,True
C01336,2022-03-24,31.0,14.9,free,2,8,False,False
C01337,2020-07-01,25.0,5.6,pro,2,4,False,False
C01338,2021-09-05,20.0,1.0,basic,1,21,False,False
C01339,2020-04-13,26.0,46.1,free,1,27,False,False
C01340,2023-08-18,18.0,3.2,free,1,54,True,True
C01341,2022-03-15,26.0,20.3,free,1,15,False,False
C01342,2022-06-20,,12.2,free,3,156,False,True
C01343,2024-01-19,37.0,17.4,free,0,13,False,False
C01344,2021-03-15,53.0,21.4,pro,0,10,False,False
C01345,2023-03-06,26.0,4.6,free,0,0,False,False
C01346,2023-04-29,72.0,11.6,free,0,26,False,False
C01347,2023-12-26,69.0,17.0,pro,1,51,True,True
C01348,2022-10-07,63.0,12.4,free,2,161,False,True
C01349,2024-01-06,58.0,4.2,free,2,109,False,True
C01350,2023-04-19,64.0,41.9,pro,1,7,False,False
C01351,2021-01-10,29.0,39.1,free,1,12,False,False
C01352,2021-09-25,50.0,24.0,pro,1,21,False,False
C01353,2022-06-14,48.0,13.5,basic,0,13,False,False
C01354,2022-05-09,27.0,5.8,free,0,0,False,False
C01355,2021-02-09,44.0,3.5,free,0,2,False,False
C01356,2023-12-22,50.0,11.7,basic,0,10,False,False
C01357,2022-08-06,25.0,1.9,basic,0,27,False,False
C01358,2023-04-05,29.0,31.0,basic,0,18,False,False
C01359,2022-11-03,42.0,4.1,free,2,33,False,True
C01360,2022-08-19,55.0,30.7,free,0,2,False,False
C01361,2023-05-23,56.0,10.7,free,2,163,True,True
C01362,2020-10-13,50.0,12.6,free,0,12,False,False
C01363,2021-10-27,,2.5,pro,1,3,False,False
C01364,2021-06-27,42.0,9.6,free,0,17,False,False
C01365,2020-09-03,51.0,67.0,free,4,24,False,False
C01366,2022-08-22,55.0,20.6,pro,1,22,False,False
C01367,2021-07-25,,0.1,basic,1,1,False,False
C01368,2023-11-18,59.0,6.3,free,0,5,False,False
C01369,2022-12-09,61.0,32.4,free,1,5,False,False
C01370,2023-07-29,20.0,23.4,basic,0,19,False,False
C01371,2022-06-06,63.0,14.9,free,2,172,False,True
C01372,2021-12-31,71.0,36.3,free,0,29,False,False
C01373,2023-07-14,43.0,78.0,free,0,23,False,False
C01374,2021-04-03,30.0,0.6,free,0,26,False,False
C01375,2020-10-11,48.0,0.4,pro,0,14,False,False
C01376,2020-12-17,33.0,1.9,pro,0,20,False,False
C01377,2021-12-17,50.0,6.7,free,0,23,False,False
C01378,2023-06-26,60.0,3.7,free,1,13,False,False
C01379,2022-04-20,30.0,58.9,free,1,29,False,False
C01380,2022-06-13,42.0,40.9,basic,2,4,False,False
C01381,2023-02-23,65.0,1.1,free,4,109,True,True
C01382,2022-09-03,57.0,56.1,pro,1,7,False,False
C01383,2023-10-12,60.0,24.7,free,1,23,False,False
C01384,2020-03-22,56.0,20.3,basic,0,26,False,False
C01385,2020-05-01,30.0,17.6,basic,0,155,False,True
C01386,2024-01-21,,13.2,basic,0,6,False,False
C01387,2022-10-17,,2.5,pro,2,7,False,False
C01388,2020-09-30,52.0,4.2,free,3,86,True,True
C01389,2022-05-08,29.0,22.2,basic,0,16,False,False
C01390,2023-11-09,18.0,2.9,basic,0,1,False,False
C01391,2020-10-12,,4.4,basic,0,1,False,False
C01392,2023-02-27,73.0,1.1,basic,1,24,False,False
C01393,2023-10-26,37.0,4.3,basic,1,23,False,False
C01394,2023-08-26,27.0,46.2,pro,0,21,False,False
C01395,2022-04-10,55.0,20.3,basic,0,9,False,False
C01396,2021-03-24,45.0,50.2,pro,1,6,False,False
C01397,2020-07-01,29.0,21.9,pro,0,14,False,False
C01398,2021-11-05,55.0,13.7,basic,0,23,False,False
C01399,2021-12-15,63.0,52.6,free,2,24,False,False
C01400,2020-11-13,25.0,16.2,free,2,18,False,False
C01401,2023-04-06,74.0,2.2,pro,0,5,False,False
C01402,2023-06-05,45.0,3.1,basic,1,18,False,False
C01403,2020-09-26,72.0,3.7,pro,0,9,False,False
C01404,2022-11-26,18.0,35.0,free,2,29,False,False
C01405,2024-01-27,49.0,0.8,basic,1,22,False,False
C01406,2020-05-08,22.0,2.2,basic,0,29,False,False
C01407,2022-05-13,50.0,6.8,free,1,10,False,False
C01408,2023-04-10,41.0,7.0,basic,1,15,False,False
C01409,2022-03-10,35.0,76.6,free,1,24,False,False
C01410,2021-01-02,67.0,9.7,basic,0,82,False,True
C01411,2023-12-27,21.0,3.1,free,0,28,False,False
C01412,2020-08-03,63.0,53.9,free,3,26,False,False
C01413,2023-12-18,45.0,11.4,free,1,101,False,True
C01414,2023-09-12,25.0,6.2,pro,1,4,False,False
C01415,2020-10-11,42.0,14.0,pro,0,8,False,False
C01416,2020-01-25,62.0,25.4,basic,1,13,False,False
C01417,2021-10-29,38.0,6.0,free,0,4,False,False
C01418,2023-01-23,18.0,1.9,free,0,59,True,True
C01419,2020-04-16,66.0,10.2,free,0,176,True,True
C01420,2020-01-19,23.0,28.9,free,1,2,False,False
C01421,2021-02-24,18.0,9.9,free,0,0,False,False
C01422,2020-06-18,61.0,5.0,basic,0,158,True,True
C01423,2023-02-19,69.0,33.4,free,1,19,False,False
C01424,2020-05-11,68.0,30.6,free,3,23,False,False
C01425,2022-11-17,62.0,5.6,basic,1,16,False,False
C01426,2023-12-23,41.0,20.3,free,3,25,False,False
C01427,2021-02-07,34.0,6.6,free,0,9,False,False
C01428,2021-03-01,29.0,30.2,free,0,17,False,False
C01429,2022-07-05,69.0,46.8,free,0,6,False,False
C01430,2021-08-05,27.0,1.4,basic,0,15,False,False
C01431,2023-11-27,62.0,33.5,pro,0,22,False,False
C01432,2020-08-01,34.0,1.0,free,0,11,False,False
C01433,2020-10-30,34.0,0.3,basic,0,47,False,True
C01434,2021-09-27,32.0,10.9,pro,0,17,False,False
C01435,2021-11-30,64.0,1.7,pro,2,105,False,True
C01436,2021-11-09,73.0,104.2,free,1,29,False,False
C01437,2022-10-23,50.0,1.5,basic,0,0,False,False
C01438,2020-04-07,47.0,4.4,free,0,20,False,False
C01439,2023-12-24,39.0,24.8,free,1,2,False,False
C01440,2023-07-12,39.0,16.3,basic,1,7,False,False
C01441,2021-04-03,25.0,1.2,basic,1,8,False,False
C01442,2023-04-12,60.0,2.2,pro,0,8,False,False
C01443,2023-07-21,48.0,34.1,free,3,8,False,False
C01444,2023-09-30,62.0,0.4,free,1,20,False,False
C01445,2023-06-20,44.0,1.0,free,1,29,False,False
C01446,2022-07-21,27.0,25.7,free,1,11,False,False
C01447,2023-04-22,35.0,2.5,basic,0,24,False,False
C01448,2021-06-15,41.0,21.9,basic,0,21,False,False
C01449,2022-05-01,64.0,35.0,pro,2,1,False,False
C01450,2022-02-26,40.0,10.0,basic,1,2,False,False
C01451,2020-01-18,42.0,8.0,basic,1,1,False,False
C01452,2023-12-04,25.0,36.5,basic,0,8,False,False
C01453,2022-03-09,31.0,41.0,pro,0,8,False,False
C01454,2022-06-30,,23.4,free,0,11,False,False
C01455,2021-09-15,42.0,5.6,free,0,1,False,False
C01456,2022-01-02,72.0,58.0,free,3,15,False,False
C01457,2021-05-12,42.0,9.7,basic,0,2,False,False
C01458,2020-10-16,27.0,44.1,free,0,13,False,False
C01459,2023-02-05,68.0,14.3,free,0,142,False,True
C01460,2022-04-21,54.0,32.9,basic,2,19,False,False
C01461,2023-01-04,63.0,55.4,pro,0,20,False,False
C01462,2023-01-02,55.0,46.6,basic,0,5,False,False
C01463,2022-04-14,56.0,3.8,pro,1,29,False,False
C01464,2020-05-02,44.0,1.0,free,1,13,False,False
C01465,2020-09-04,72.0,13.7,free,3,27,False,False
C01466,2024-01-09,34.0,5.7,basic,1,0,False,False
C01467,2023-06-08,44.0,46.3,basic,1,12,False,False
C01468,2023-06-05,68.0,3.2,free,2,23,False,False
C01469,2022-01-28,18.0,11.6,free,1,4,False,False
C01470,2023-10-14,37.0,32.4,free,5,10,False,False
C01471,2020-03-20,54.0,5.4,basic,0,21,False,False
C01472,2021-04-30,28.0,23.2,free,3,2,False,False
C01473,2022-09-22,47.0,69.5,basic,2,28,False,False
C01474,2020-04-22,63.0,17.7,basic,1,14,False,False
C01475,2021-05-24,67.0,1.0,free,1,0,False,False
C01476,2020-06-10,54.0,27.7,free,2,24,False,False
C01477,2022-11-05,39.0,11.5,basic,0,20,False,False
C01478,2023-09-30,28.0,59.4,basic,0,6,False,False
C01479,2021-04-16,28.0,18.2,basic,2,6,False,False
C01480,2021-05-11,59.0,4.8,free,1,11,False,False
C01481,2021-08-19,56.0,19.2,basic,2,26,False,False
C01482,2024-01-06,27.0,18.7,pro,0,1,False,False
C01483,2021-08-28,65.0,31.7,free,3,26,False,True
C01484,2020-11-25,40.0,10.7,basic,1,3,False,False
C01485,2021-10-14,65.0,11.4,free,1,26,False,False
C01486,2021-04-21,72.0,64.8,free,0,143,True,True
C01487,2020-02-02,,18.0,free,5,22,True,True
C01488,2021-10-31,24.0,1.0,basic,2,55,False,True
C01489,2020-02-01,56.0,20.7,basic,0,0,False,False
C01490,2021-06-04,62.0,42.4,free,1,19,False,False
C01491,2020-01-31,62.0,12.8,basic,1,5,False,False
C01492,2022-04-27,38.0,16.8,free,0,22,False,False
C01493,2023-03-20,35.0,78.6,free,1,10,False,False
C01494,2023-08-09,72.0,1.5,basic,0,174,True,True
C01495,2020-03-13,41.0,43.5,basic,1,17,False,False
C01496,2023-05-17,57.0,41.2,free,3,16,False,False
C01497,2022-11-16,,2.5,basic,0,5,False,False
C01498,2023-05-13,33.0,7.0,basic,1,29,False,False
C01499,2023-10-13,69.0,3.9,free,1,29,False,True
C01500,2023-11-07,57.0,31.6,basic,1,1,False,False
C01501,2023-07-20,57.0,7.6,free,1,153,False,True
C01502,2023-08-31,,30.2,free,0,29,False,False
C01503,2020-08-08,43.0,37.7,free,1,27,False,False
C01504,2023-04-09,40.0,48.8,free,0,16,False,False
C01505,2022-12-21,44.0,18.7,free,1,28,False,False
C01506,2023-09-27,21.0,19.2,free,0,21,False,False
C01507,2021-10-09,48.0,44.0,free,2,18,False,False
C01508,2021-08-15,56.0,7.8,basic,1,64,False,True
C01509,2021-10-01,30.0,0.7,basic,0,2,False,False
C01510,2022-10-26,38.0,1.7,free,0,6,False,False
C01511,2022-03-15,34.0,1.6,free,2,106,False,True
C01512,2020-11-28,65.0,4.7,pro,0,19,False,False
C01513,2023-03-29,23.0,15.8,free,3,15,False,False
C01514,2020-04-21,70.0,10.3,pro,1,3,False,False
C01515,2021-01-19,63.0,81.9,pro,1,26,False,False
C01516,2023-03-04,33.0,17.8,free,4,24,False,False
C01517,2022-12-12,46.0,6.4,pro,1,6,False,False
C01518,2020-08-10,34.0,2.5,free,6,100,False,True
C01519,2020-05-08,65.0,50.4,free,1,6,False,False
C01520,2022-02-05,33.0,1.7,pro,1,23,False,False
C01521,2020-02-09,50.0,8.1,free,0,12,False,False
C01522,2021-06-14,49.0,0.5,free,1,21,False,False
C01523,2023-03-19,57.0,25.5,basic,0,25,False,False
C01524,2022-04-23,55.0,7.4,basic,0,13,False,False
C01525,2022-07-06,31.0,12.9,free,1,8,False,False
C01526,2023-02-05,38.0,1.8,free,1,11,False,False
C01527,2021-10-29,61.0,2.7,basic,0,21,False,False
C01528,2023-07-16,24.0,14.9,free,0,17,False,False
C01529,2023-09-06,34.0,4.8,pro,0,11,False,False
C01530,2020-01-04,45.0,29.6,basic,0,7,False,False
C01531,2020-11-17,43.0,40.2,free,3,21,False,False
C01532,2023-10-27,36.0,3.9,basic,0,8,False,False
C01533,2020-05-20,64.0,9.2,free,1,21,False,False
C01534,2022-10-05,58.0,2.8,basic,2,173,False,True
C01535,2021-07-27,42.0,45.2,pro,0,0,False,False
C01536,2020-04-21,54.0,7.8,free,0,22,False,False
C01537,2020-09-16,66.0,21.4,pro,0,19,False,False
C01538,2020-10-18,51.0,7.1,free,0,16,False,False
C01539,2020-12-30,61.0,2.8,pro,0,3,False,False
C01540,2022-08-06,73.0,7.3,free,1,148,False,True
C01541,2020-06-21,,4.0,free,2,136,True,True
C01542,2020-07-02,18.0,8.7,pro,1,13,False,False
C01543,2020-01-16,45.0,19.5,free,0,128,True,True
C01544,2023-02-24,29.0,5.9,basic,0,25,False,False
C01545,2022-06-12,57.0,20.4,free,2,22,False,False
C01546,2020-06-10,19.0,8.3,free,1,29,False,False
C01547,2024-02-05,57.0,9.3,free,3,28,True,True
C01548,2021-12-18,74.0,17.9,basic,0,10,False,False
C01549,2021-06-04,64.0,32.1,free,2,19,False,False
C01550,2021-11-07,22.0,3.9,free,0,1,False,False
C01551,2023-04-29,26.0,39.4,basic,0,18,False,False
C01552,2021-10-14,28.0,7.5,pro,1,0,False,False
C01553,2022-02-08,65.0,30.3,pro,0,29,False,False
C01554,2020-12-23,,36.4,free,1,29,False,False
C01555,2020-07-01,52.0,16.6,basic,1,29,False,False
C01556,2021-06-08,34.0,5.0,basic,0,21,False,False
C01557,2021-11-28,46.0,21.8,free,0,25,False,False
C01558,2022-10-14,60.0,6.3,free,1,3,False,False
C01559,2020-09-27,53.0,6.2,free,0,26,False,False
C01560,2020-10-25,21.0,14.6,free,1,76,False,True
C01561,2023-09-12,21.0,82.7,free,1,13,False,False
C01562,2023-10-18,73.0,33.4,basic,0,11,False,False
C01563,2020-04-09,24.0,2.9,pro,0,15,False,False
C01564,2022-03-02,44.0,1.3,free,1,22,False,False
C01565,2022-08-03,32.0,3.8,basic,1,5,False,False
C01566,2023-12-22,47.0,11.8,free,0,18,False,False
C01567,2021-05-13,41.0,28.5,basic,0,9,False,False
C01568,2020-07-02,30.0,15.1,free,1,22,False,False
C01569,2021-02-26,19.0,24.3,basic,0,19,False,False
C01570,2021-03-20,23.0,15.5,free,1,24,False,False
C01571,2023-08-12,26.0,2.1,pro,0,22,False,False
C01572,2023-11-17,39.0,22.6,basic,1,9,False,False
C01573,2020-06-27,67.0,0.9,free,0,1,False,False
C01574,2022-10-09,18.0,8.5,free,1,1,False,False
C01575,2022-09-04,,0.2,free,0,86,False,True
C01576,2022-10-09,31.0,65.9,basic,1,6,False,False
C01577,2022-07-24,25.0,21.2,free,2,13,False,False
C01578,2020-05-29,,5.7,basic,0,128,False,True
C01579,2021-09-23,21.0,57.7,free,1,1,False,False
C01580,2022-01-12,55.0,3.2,free,1,28,False,False
C01581,2020-12-04,40.0,41.4,basic,0,25,False,False
C01582,2023-04-18,67.0,4.6,basic,0,150,False,True
C01583,2023-07-28,55.0,4.2,free,0,105,False,True
C01584,2020-01-16,44.0,43.7,basic,1,97,True,True
C01585,2021-03-17,30.0,47.9,basic,0,8,False,False
C01586,2021-03-21,24.0,64.4,basic,1,22,False,False
C01587,2023-10-05,47.0,36.4,free,1,10,False,False
C01588,2020-09-24,68.0,7.4,free,3,67,True,True
C01589,2021-09-14,62.0,9.2,free,1,144,True,True
C01590,2020-08-08,73.0,2.1,basic,0,118,True,True
C01591,2022-11-17,41.0,8.4,free,0,23,False,False
C01592,2021-12-30,53.0,13.5,free,1,156,True,True
C01593,2020-03-14,34.0,11.2,free,1,120,True,True
C01594,2021-04-10,54.0,29.5,free,1,2,False,False
C01595,2021-08-27,55.0,11.9,basic,2,164,True,True
C01596,2020-01-23,73.0,22.8,free,2,27,False,False
C01597,2020-01-22,56.0,19.8,basic,2,8,False,False
C01598,2021-09-20,,1.9,basic,0,32,False,True
C01599,2021-08-12,25.0,9.8,basic,0,18,False,False
C01600,2020-06-21,42.0,15.7,free,1,5,False,False
C01601,2023-05-25,29.0,6.1,pro,1,29,False,False
C01602,2021-12-30,51.0,30.6,free,3,81,False,True
C01603,2023-09-21,66.0,5.1,pro,2,78,True,True
C01604,2023-01-12,,40.4,pro,0,13,False,False
C01605,2023-12-08,53.0,27.4,basic,0,23,False,False
C01606,2022-09-30,33.0,5.2,basic,0,29,False,False
C01607,2022-11-10,63.0,1.2,pro,1,10,False,False
C01608,2022-10-09,24.0,37.3,basic,1,0,False,False
C01609,2020-07-03,66.0,70.0,basic,0,11,False,False
C01610,2023-12-10,33.0,0.9,free,1,18,False,False
C01611,2024-02-03,,37.0,basic,0,1,False,False
C01612,2020-10-24,51.0,13.9,pro,0,115,True,True
C01613,2020-11-20,,18.6,basic,1,0,False,False
C01614,2021-06-29,35.0,22.3,basic,1,3,False,False
C01615,2023-11-16,63.0,9.1,basic,0,26,False,False
C01616,2021-12-15,44.0,3.6,basic,1,13,False,False
C01617,2022-01-07,18.0,17.2,basic,1,11,False,False
C01618,2022-05-24,61.0,8.2,free,1,15,False,False
C01619,2022-02-26,27.0,0.1,free,0,8,False,False
C01620,2023-09-30,54.0,11.9,free,0,21,False,False
C01621,2020-11-03,40.0,65.9,basic,0,16,False,False
C01622,2023-01-21,32.0,22.9,pro,2,2,False,False
C01623,2023-04-14,63.0,12.7,free,0,9,False,False
C01624,2022-05-23,45.0,15.5,basic,2,24,False,True
C01625,2021-11-06,31.0,40.3,basic,1,5,False,False
C01626,2023-10-14,19.0,6.9,basic,0,15,False,False
C01627,2020-06-14,32.0,132.7,free,0,4,False,False
C01628,2022-08-04,62.0,33.7,pro,0,28,False,False
C01629,2020-04-21,23.0,5.6,free,1,15,False,False
C01630,2022-04-28,59.0,1.9,free,0,19,False,False
C01631,2020-11-29,34.0,10.2,basic,1,23,False,False
C01632,2020-08-05,46.0,3.1,basic,3,29,False,False
C01633,2020-01-19,64.0,13.4,free,1,145,False,True
C01634,2023-10-14,42.0,62.3,free,1,0,False,False
C01635,2021-03-29,65.0,10.2,free,1,12,False,False
C01636,2023-01-23,64.0,6.4,free,2,109,False,True
C01637,2023-05-16,56.0,0.3,basic,2,49,False,True
C01638,2020-01-18,72.0,27.1,basic,0,24,False,False
C01639,2021-10-08,51.0,76.9,basic,1,6,False,False
C01640,2022-10-31,27.0,4.4,basic,1,0,False,False
C01641,2022-04-16,71.0,20.1,pro,0,42,True,True
C01642,2020-12-31,51.0,6.9,free,0,20,False,False
C01643,2023-08-15,44.0,6.0,pro,2,21,False,False
C01644,2020-07-14,42.0,8.4,pro,2,21,False,False
C01645,2024-01-29,57.0,6.0,pro,2,43,True,True
C01646,2020-11-09,18.0,41.0,basic,0,19,False,False
C01647,2022-07-12,51.0,14.2,basic,2,28,False,False
C01648,2020-11-08,37.0,1.1,free,2,6,False,False
C01649,2022-07-06,73.0,31.9,pro,0,12,False,False
C01650,2023-04-23,64.0,0.1,basic,1,13,False,False
C01651,2023-05-16,18.0,25.6,basic,0,7,False,False
C01652,2023-10-19,74.0,1.7,free,1,28,False,True
C01653,2022-07-14,42.0,3.2,pro,1,18,False,False
C01654,2021-11-18,25.0,13.3,basic,1,27,False,False
C01655,2023-07-18,38.0,39.5,pro,2,11,False,False
C01656,2020-08-16,26.0,29.0,basic,2,21,False,False
C01657,2022-01-01,19.0,6.6,free,1,15,False,False
C01658,2023-12-08,50.0,6.1,basic,1,28,False,False
C01659,2020-10-03,50.0,1.7,free,0,19,False,False
C01660,2023-06-17,28.0,10.7,basic,0,22,False,True
C01661,2022-01-17,49.0,17.7,basic,0,27,False,False
C01662,2023-04-24,70.0,4.3,pro,4,15,False,False
C01663,2022-03-26,18.0,9.4,free,0,25,False,False
C01664,2021-05-16,26.0,28.5,free,0,8,False,False
C01665,2023-02-05,37.0,3.7,free,2,14,False,False
C01666,2022-01-02,70.0,94.0,free,3,17,False,False
C01667,2022-04-15,55.0,0.1,basic,1,17,False,False
C01668,2024-02-05,22.0,19.1,free,1,18,False,False
C01669,2023-06-01,33.0,9.5,basic,1,5,False,False
C01670,2021-02-02,26.0,4.1,free,0,99,True,True
C01671,2021-07-18,65.0,17.3,free,0,17,False,False
C01672,2023-09-21,58.0,13.9,basic,0,11,False,False
C01673,2023-03-29,69.0,11.2,free,2,39,False,True
C01674,2021-08-27,59.0,17.9,basic,2,25,False,False
C01675,2021-01-05,64.0,0.2,free,1,108,True,True
C01676,2022-03-02,72.0,8.5,free,0,26,False,False
C01677,2022-07-23,27.0,36.5,basic,2,9,False,False
C01678,2021-02-26,66.0,9.8,free,5,14,False,False
C01679,2020-03-11,22.0,24.5,pro,1,29,False,False
C01680,2021-06-27,70.0,55.9,pro,1,7,False,False
C01681,2022-04-04,35.0,8.6,free,1,23,False,False
C01682,2023-11-22,27.0,13.6,free,3,12,False,False
C01683,2020-05-04,68.0,15.2,basic,2,18,False,False
C01684,2022-10-15,54.0,13.1,free,2,23,False,False
C01685,2022-09-28,50.0,5.6,basic,2,25,False,False
C01686,2020-05-07,27.0,6.8,pro,3,20,False,False
C01687,2020-06-01,39.0,12.7,free,0,6,False,False
C01688,2020-07-10,32.0,26.2,free,1,25,False,False
C01689,2023-05-06,62.0,18.1,free,1,21,False,False
C01690,2023-05-06,66.0,6.4,basic,0,28,False,False
C01691,2021-08-15,36.0,5.0,basic,0,7,False,False
C01692,2023-08-12,24.0,4.4,free,4,174,True,True
C01693,2023-09-18,45.0,2.6,basic,0,6,False,False
C01694,2023-10-06,32.0,46.7,basic,3,128,False,True
C01695,2023-10-29,41.0,3.3,free,0,27,False,False
C01696,2021-06-05,74.0,0.1,free,3,2,False,False
C01697,2023-05-19,62.0,1.9,basic,1,10,False,False
C01698,2023-02-20,72.0,56.7,basic,1,105,False,True
C01699,2021-02-03,35.0,23.5,pro,0,21,False,False
C01700,2020-04-18,54.0,6.2,free,4,169,True,True
C01701,2022-04-14,41.0,30.1,free,0,24,False,False
C01702,2020-09-11,25.0,2.6,basic,1,25,False,False
C01703,2022-09-17,30.0,67.7,basic,1,8,False,False
C01704,2020-02-10,19.0,13.4,free,0,27,False,False
C01705,2020-01-28,66.0,12.6,free,0,10,False,False
C01706,2022-01-12,38.0,28.7,free,1,17,False,False
C01707,2022-07-15,42.0,14.9,free,3,15,False,False
C01708,2020-06-29,73.0,1.0,free,1,27,False,False
C01709,2023-07-28,45.0,19.7,free,1,19,False,False
C01710,2022-02-04,19.0,15.4,free,0,4,False,False
C01711,2021-10-14,26.0,7.1,basic,0,1,False,False
C01712,2020-05-31,52.0,53.9,basic,0,19,False,False
C01713,2023-11-16,40.0,1.0,free,1,26,False,False
C01714,2020-10-17,49.0,4.4,free,1,14,False,False
C01715,2022-10-31,51.0,28.1,free,0,23,False,False
C01716,2020-03-23,35.0,13.5,free,1,13,False,False
C01717,2022-07-09,39.0,54.2,basic,1,28,False,False
C01718,2020-04-07,48.0,16.8,basic,1,9,False,False
C01719,2023-12-05,71.0,0.6,basic,2,152,False,True
C01720,2023-07-31,52.0,23.5,basic,0,23,False,False
C01721,2023-02-14,50.0,2.7,free,1,8,False,False
C01722,2022-08-04,66.0,6.1,free,0,0,False,False
C01723,2022-04-02,73.0,12.3,free,0,1,False,False
C01724,2020-09-25,30.0,10.3,basic,2,10,False,False
C01725,2020-05-26,53.0,1.0,free,1,29,False,False
C01726,2022-04-08,60.0,13.0,free,1,5,False,False
C01727,2023-12-20,39.0,5.7,basic,1,0,False,False
C01728,2022-12-04,56.0,55.6,free,0,7,False,False
C01729,2021-10-06,33.0,3.1,free,0,26,False,False
C01730,2020-10-28,26.0,1.3,basic,0,0,False,False
C01731,2023-04-13,58.0,15.2,basic,0,12,False,False
C01732,2021-10-07,53.0,8.8,free,0,20,False,False
C01733,2020-07-09,19.0,31.0,pro,0,0,False,False
C01734,2022-10-03,27.0,70.9,basic,1,3,False,False
C01735,2021-05-07,54.0,27.5,basic,2,4,False,False
C01736,2022-06-05,48.0,6.8,free,0,56,False,True
C01737,2022-02-14,58.0,22.4,free,1,28,False,False
C01738,2022-05-03,40.0,4.9,free,3,10,False,False
C01739,2022-10-28,58.0,59.3,free,2,17,False,False
C01740,2023-11-19,40.0,1.5,basic,1,5,False,False
C01741,2021-12-06,67.0,52.8,pro,0,18,False,False
C01742,2023-07-27,40.0,91.0,free,0,20,False,False
C01743,2022-01-06,37.0,51.3,free,0,6,False,False
C01744,2023-10-18,20.0,25.7,free,1,19,False,False
C01745,2023-04-13,,4.1,pro,3,0,False,False
C01746,2022-11-30,67.0,15.4,free,0,16,False,False
C01747,2022-04-12,51.0,3.8,basic,0,23,False,False
C01748,2022-07-09,63.0,15.0,basic,1,28,False,False
C01749,2023-07-28,34.0,1.6,free,1,8,False,False
C01750,2020-12-09,,1.2,basic,1,93,False,True
C01751,2020-05-05,22.0,25.5,basic,3,12,False,False
C01752,2023-09-13,42.0,17.0,basic,1,152,False,True
C01753,2022-06-08,66.0,25.8,basic,1,13,False,False
C01754,2021-10-13,57.0,13.6,pro,2,58,True,True
C01755,2023-12-02,72.0,0.9,basic,0,2,False,False
C01756,2021-01-20,54.0,73.0,free,0,8,False,False
C01757,2021-04-07,47.0,24.4,free,1,7,False,False
C01758,2022-01-30,48.0,3.2,free,1,13,False,False
C01759,2021-10-21,47.0,25.1,pro,0,13,False,False
C01760,2022-05-26,38.0,13.9,pro,1,15,False,False
C01761,2020-08-21,59.0,15.0,pro,1,13,False,False
C01762,2021-11-12,25.0,3.0,free,0,4,False,False
C01763,2023-01-31,35.0,22.9,free,0,168,False,True
C01764,2020-12-20,58.0,12.4,basic,1,25,False,False
C01765,2023-03-30,32.0,16.2,free,1,2,False,False
C01766,2020-06-10,54.0,5.3,free,0,4,False,False
C01767,2020-12-28,69.0,17.0,basic,0,12,False,False
C01768,2024-01-31,74.0,6.7,free,2,12,False,False
C01769,2020-11-12,33.0,9.7,free,1,42,True,True
C01770,2020-05-01,60.0,28.6,basic,0,21,False,False
C01771,2021-07-23,72.0,8.7,basic,1,149,True,True
C01772,2022-01-09,64.0,17.8,basic,0,5,False,False
C01773,2021-10-17,39.0,2.5,free,1,67,False,True
C01774,2021-01-05,61.0,0.8,free,1,63,True,True
C01775,2021-04-22,25.0,10.9,basic,0,15,False,False
C01776,2021-05-03,37.0,24.5,basic,0,14,False,False
C01777,2021-06-24,65.0,4.0,basic,0,98,True,True
C01778,2020-03-11,68.0,0.7,free,1,27,False,False
C01779,2022-05-30,25.0,10.6,free,2,21,False,False
C01780,2022-02-22,19.0,12.0,free,0,0,False,False
C01781,2023-04-02,48.0,28.0,free,1,15,False,False
C01782,2022-12-31,21.0,21.4,pro,2,2,False,False
C01783,2022-01-17,70.0,8.3,free,0,31,False,True
C01784,2020-10-26,55.0,24.5,basic,1,26,False,False
C01785,2020-11-20,25.0,8.6,free,1,19,False,False
C01786,2022-05-31,52.0,7.1,basic,1,9,False,False
C01787,2021-07-08,65.0,1.4,free,1,19,False,False
C01788,2022-05-07,73.0,3.1,free,5,152,False,True
C01789,2022-10-02,26.0,12.5,free,3,128,True,True
C01790,2021-09-25,18.0,29.6,free,0,10,False,False
C01791,2021-04-22,53.0,49.4,basic,1,0,False,False
C01792,2023-07-28,,22.6,free,2,9,False,False
C01793,2023-06-18,69.0,9.5,pro,1,29,False,False
C01794,2023-01-17,63.0,55.7,free,1,18,False,False
C01795,2020-02-26,46.0,3.1,free,0,29,False,False
C01796,2024-01-01,73.0,103.0,free,2,0,False,False
C01797,2023-05-31,68.0,26.6,basic,0,13,False,False
C01798,2020-10-03,58.0,28.0,basic,0,53,False,True
C01799,2022-11-15,63.0,7.5,free,0,3,False,False
C01800,2022-03-29,33.0,8.5,free,3,2,False,False
C01801,2022-04-02,33.0,5.7,pro,0,17,False,False
C01802,2020-09-05,43.0,16.9,free,2,0,False,False
C01803,2022-12-01,67.0,11.7,basic,1,85,False,True
C01804,2023-05-01,60.0,4.7,pro,0,3,False,False
C01805,2024-02-05,44.0,31.7,pro,3,139,False,True
C01806,2021-07-06,20.0,16.9,pro,1,11,False,False
C01807,2022-06-12,44.0,8.3,free,1,7,False,False
C01808,2022-10-26,63.0,3.1,free,3,54,True,True
C01809,2020-05-18,59.0,16.4,basic,0,15,False,False
C01810,2020-02-09,27.0,22.6,basic,1,11,False,False
C01811,2022-01-12,58.0,45.5,free,1,15,False,False
C01812,2020-08-16,58.0,36.9,free,0,18,False,False
C01813,2022-04-06,60.0,25.1,pro,2,25,False,False
C01814,2020-11-25,73.0,4.3,free,2,98,False,True
C01815,2024-01-19,43.0,13.4,pro,1,13,False,False
C01816,2023-02-13,,22.8,free,3,124,True,True
C01817,2022-10-27,23.0,11.3,free,0,29,False,False
C01818,2020-06-26,24.0,7.3,basic,2,16,False,False
C01819,2021-03-14,29.0,11.8,free,0,10,False,False
C01820,2023-08-25,25.0,17.1,free,1,17,False,False
C01821,2022-05-06,34.0,10.3,free,2,91,False,True
C01822,2022-05-17,28.0,45.1,free,0,2,False,False
C01823,2021-07-26,42.0,1.1,free,1,28,False,False
C01824,2020-06-02,26.0,8.5,basic,0,29,False,False
C01825,2020-12-12,50.0,38.8,free,0,0,False,False
C01826,2023-06-22,64.0,13.2,free,1,14,False,False
C01827,2023-12-21,43.0,8.4,basic,1,24,False,False
C01828,2021-12-17,40.0,2.5,basic,0,0,False,False
C01829,2023-01-18,67.0,0.6,free,0,11,False,False
C01830,2021-05-30,28.0,5.4,basic,1,13,False,False
C01831,2022-01-25,51.0,13.7,free,2,6,False,False
C01832,2022-05-29,31.0,8.5,basic,2,99,False,True
C01833,2020-02-07,46.0,14.9,basic,2,20,False,False
C01834,2020-02-20,60.0,28.9,free,1,25,False,False
C01835,2022-12-25,26.0,20.0,basic,1,27,False,False
C01836,2022-09-03,25.0,45.9,free,0,4,False,False
C01837,2020-01-05,68.0,7.7,free,0,105,False,True
C01838,2023-10-16,33.0,8.0,pro,2,78,True,True
C01839,2024-01-30,59.0,17.0,free,0,4,False,False
C01840,2022-09-14,59.0,33.9,free,1,6,False,False
C01841,2020-08-18,54.0,13.7,pro,0,1,False,False
C01842,2021-09-06,46.0,41.2,pro,2,5,False,False
C01843,2020-05-03,63.0,40.3,pro,0,17,False,False
C01844,2020-01-28,69.0,18.6,free,1,27,False,False
C01845,2020-01-07,71.0,16.6,free,1,20,False,False
C01846,2021-12-05,45.0,11.5,basic,0,22,False,False
C01847,2020-04-11,59.0,74.5,basic,1,14,False,False
C01848,2021-12-09,47.0,9.9,pro,0,3,False,False
C01849,2023-04-28,39.0,17.6,free,2,10,False,False
C01850,2022-06-04,27.0,43.0,free,5,9,False,False
C01851,2022-08-12,51.0,9.4,pro,0,13,False,False
C01852,2023-01-31,73.0,50.1,free,3,13,False,False
C01853,2022-05-21,58.0,5.1,pro,0,15,False,False
C01854,2020-10-24,46.0,0.1,basic,1,1,False,False
C01855,2021-08-07,35.0,6.3,basic,0,9,False,False
C01856,2023-03-10,,6.7,free,2,10,False,False
C01857,2020-01-11,41.0,16.4,free,0,9,False,False
C01858,2020-06-08,52.0,1.3,free,1,26,False,False
C01859,2022-08-05,68.0,60.4,basic,0,5,False,False
C01860,2023-10-01,55.0,65.9,free,1,26,False,False
C01861,2020-02-09,52.0,9.7,free,4,62,False,True
C01862,2022-10-29,36.0,26.0,free,0,11,False,False
C01863,2022-11-20,33.0,28.2,free,0,23,False,False
C01864,2023-10-11,27.0,0.3,basic,2,28,False,False
C01865,2022-07-22,69.0,10.1,pro,0,18,False,False
C01866,2021-10-16,30.0,48.0,free,4,176,False,True
C01867,2022-07-02,48.0,10.5,basic,1,6,False,False
C01868,2022-10-25,28.0,6.6,basic,0,13,False,False
C01869,2021-02-02,41.0,13.1,pro,1,28,False,False
C01870,2023-06-23,18.0,23.5,basic,1,22,False,False
C01871,2020-07-04,66.0,1.5,basic,2,19,False,False
C01872,2020-08-23,60.0,14.2,free,3,25,False,False
C01873,2022-04-20,24.0,3.0,free,2,18,False,False
C01874,2023-03-28,21.0,2.5,pro,2,2,False,False
C01875,2023-05-27,24.0,14.3,basic,0,23,False,False
C01876,2023-06-26,52.0,13.9,free,3,123,False,True
C01877,2023-04-22,44.0,21.4,free,0,22,False,False
C01878,2023-08-24,22.0,13.3,basic,2,10,False,False
C01879,2020-04-17,49.0,0.8,basic,1,12,False,False
C01880,2021-02-22,23.0,4.7,free,0,12,False,False
C01881,2020-01-12,43.0,33.5,free,1,21,False,False
C01882,2020-02-17,18.0,3.2,basic,0,26,False,False
C01883,2022-06-07,58.0,29.9,basic,0,17,False,False
C01884,2021-01-26,19.0,3.1,free,0,10,False,False
C01885,2023-10-25,54.0,1.5,basic,3,27,False,False
C01886,2022-10-30,69.0,33.1,basic,0,28,False,False
C01887,2022-02-14,38.0,13.2,basic,1,14,False,False
C01888,2020-10-21,23.0,70.7,pro,0,2,False,False
C01889,2022-04-14,25.0,29.2,free,2,23,False,False
C01890,2021-11-18,53.0,2.3,basic,0,24,False,False
C01891,2023-12-05,33.0,47.6,pro,0,26,False,False
C01892,2021-09-24,37.0,0.8,free,1,16,False,False
C01893,2022-03-15,53.0,38.7,free,1,28,False,False
C01894,2022-04-11,61.0,17.3,free,1,19,False,False
C01895,2020-02-18,22.0,3.2,free,0,19,False,False
C01896,2020-01-07,23.0,36.7,basic,0,11,False,False
C01897,2022-01-16,19.0,32.0,basic,0,22,False,False
C01898,2022-10-08,,11.9,free,4,5,False,False
C01899,2022-04-18,58.0,4.3,free,0,22,False,False
C01900,2023-01-08,66.0,36.8,basic,1,3,False,False
C01901,2022-09-16,73.0,1.8,free,3,78,True,True
C01902,2020-01-04,54.0,4.3,basic,0,4,False,False
C01903,2023-08-31,19.0,25.2,basic,0,1,False,False
C01904,2023-08-18,55.0,1.9,free,0,21,False,False
C01905,2022-12-25,65.0,1.2,free,1,164,False,True
C01906,2022-02-19,74.0,5.2,pro,1,172,True,True
C01907,2020-01-27,68.0,2.8,free,1,8,False,False
C01908,2023-06-13,65.0,18.3,free,0,11,False,False
C01909,2021-12-06,19.0,4.9,free,1,10,False,False
C01910,2022-08-13,33.0,1.6,basic,2,21,False,False
C01911,2022-02-23,59.0,17.8,basic,0,29,False,False
C01912,2023-02-06,66.0,18.6,free,1,9,False,False
C01913,2021-01-22,29.0,0.2,free,0,17,False,False
C01914,2022-04-08,55.0,5.3,pro,2,25,False,False
C01915,2021-11-08,32.0,39.8,free,0,18,False,False
C01916,2023-01-08,69.0,53.2,basic,2,141,False,True
C01917,2022-07-18,39.0,9.4,free,3,15,False,False
C01918,2020-08-29,66.0,24.5,free,1,16,False,False
C01919,2021-01-15,41.0,15.8,pro,0,12,False,False
C01920,2020-05-20,34.0,9.3,pro,2,3,False,False
C01921,2022-06-30,18.0,16.3,basic,2,15,False,False
C01922,2023-07-08,64.0,9.7,basic,1,1,False,False
C01923,2020-12-30,32.0,16.4,pro,0,5,False,False
C01924,2022-10-08,45.0,45.1,pro,0,25,False,False
C01925,2020-07-28,44.0,101.2,free,0,9,False,False
C01926,2020-05-06,26.0,30.4,basic,1,12,False,False
C01927,2022-03-27,68.0,7.5,pro,1,87,False,True
C01928,2021-12-09,63.0,6.0,free,6,169,False,True
C01929,2020-06-29,34.0,4.2,free,0,76,False,True
C01930,2021-01-29,44.0,0.1,free,1,82,False,True
C01931,2022-09-16,28.0,21.2,basic,2,15,False,False
C01932,2022-01-13,45.0,1.2,basic,1,74,False,True
C01933,2022-12-21,44.0,2.3,free,0,2,False,False
C01934,2021-01-02,56.0,17.6,basic,1,23,False,False
C01935,2022-06-08,25.0,8.0,free,1,0,False,False
C01936,2023-04-05,18.0,50.6,basic,1,20,False,False
C01937,2021-05-19,47.0,43.1,free,3,5,False,False
C01938,2023-10-14,72.0,0.2,free,1,4,False,False
C01939,2024-01-30,65.0,0.7,free,0,1,False,False
C01940,2023-02-12,33.0,4.3,free,0,5,False,False
C01941,2021-06-05,44.0,33.4,basic,1,19,False,False
C01942,2020-06-09,,19.6,free,1,170,False,True
C01943,2020-09-01,57.0,17.3,free,3,125,False,True
C01944,2021-11-30,,42.2,pro,0,12,False,False
C01945,2021-02-07,19.0,20.7,free,1,15,False,False
C01946,2022-08-12,64.0,11.5,free,2,1,False,False
C01947,2023-06-26,33.0,36.0,free,1,11,False,False
C01948,2023-02-01,24.0,7.2,free,0,23,False,False
C01949,2022-10-05,31.0,22.9,free,1,9,False,False
C01950,2022-09-12,22.0,4.1,basic,1,9,False,False
C01951,2024-01-14,43.0,35.2,free,1,5,False,False
C01952,2021-02-15,61.0,11.2,free,0,82,False,True
C01953,2021-04-15,59.0,11.2,basic,1,25,False,False
C01954,2021-07-24,24.0,23.4,basic,1,3,False,False
C01955,2021-06-30,53.0,0.1,free,0,3,False,False
C01956,2020-05-08,37.0,31.0,basic,1,19,False,False
C01957,2023-02-11,39.0,23.3,free,0,4,False,False
C01958,2021-07-01,,7.1,free,2,7,False,False
C01959,2020-03-30,31.0,0.1,basic,1,4,False,False
C01960,2023-04-29,28.0,13.2,basic,0,16,False,False
C01961,2020-06-27,62.0,14.8,basic,1,17,False,False
C01962,2021-01-29,34.0,16.0,free,1,11,False,False
C01963,2020-05-08,73.0,0.9,free,1,11,False,False
C01964,2022-02-04,32.0,0.1,free,2,121,True,True
C01965,2024-01-13,68.0,5.3,free,1,11,False,False
C01966,2021-03-17,72.0,20.3,basic,0,28,False,False
C01967,2020-11-22,23.0,7.1,free,2,135,False,True
C01968,2021-10-28,47.0,59.0,free,1,4,False,False
C01969,2020-12-03,58.0,1.1,pro,0,28,False,False
C01970,2022-07-09,38.0,15.7,basic,0,0,False,False
C01971,2023-01-05,47.0,76.1,free,0,24,False,False
C01972,2020-01-12,63.0,3.0,free,2,18,False,False
C01973,2021-02-02,40.0,13.2,basic,0,23,False,False
C01974,2022-03-20,28.0,50.2,basic,0,4,False,False
C01975,2021-03-23,31.0,30.6,basic,1,6,False,False
C01976,2022-12-05,53.0,9.1,free,4,14,False,False
C01977,2021-01-07,68.0,13.1,pro,1,140,False,True
C01978,2021-06-11,62.0,16.8,free,2,141,False,True
C01979,2021-10-22,22.0,1.5,free,1,22,False,False
C01980,2020-11-05,54.0,48.8,free,2,29,False,False
C01981,2020-06-19,36.0,26.3,basic,0,27,False,False
C01982,2024-02-07,62.0,14.3,basic,1,25,False,False
C01983,2023-10-20,41.0,12.2,pro,0,23,False,False
C01984,2021-10-26,65.0,7.2,basic,0,60,False,True
C01985,2023-10-08,54.0,6.7,basic,1,6,False,False
C01986,2022-02-06,54.0,0.4,free,1,19,False,False
C01987,2021-10-31,59.0,76.8,basic,1,22,False,False
C01988,2020-12-18,26.0,40.3,free,2,16,False,False
C01989,2021-03-30,23.0,17.3,free,0,6,False,False
C01990,2023-05-05,61.0,7.4,free,0,168,True,True
C01991,2021-12-04,74.0,28.4,free,1,9,False,False
C01992,2023-04-03,71.0,18.2,basic,0,19,False,False
C01993,2020-03-19,43.0,2.9,basic,0,15,False,False
C01994,2020-08-17,63.0,60.8,pro,0,27,False,False
C01995,2021-04-02,48.0,3.7,free,1,29,False,False
C01996,2022-03-11,49.0,44.9,free,1,14,False,False
C01997,2023-08-18,33.0,23.2,free,2,2,False,False
C01998,2023-02-22,34.0,18.1,free,0,159,False,True
C01999,2022-10-04,35.0,1.9,free,1,13,False,False
C02000,2021-06-24,18.0,9.0,pro,1,1,False,False
C02001,2022-09-17,37.0,18.9,basic,0,66,False,True
C02002,2020-08-21,43.0,23.7,free,3,15,False,False
C02003,2021-09-29,43.0,4.2,basic,0,29,False,False
C02004,2022-06-09,62.0,6.1,free,0,23,False,False
C02005,2020-05-20,61.0,14.6,free,1,7,False,False
C02006,2022-12-27,44.0,1.9,basic,2,14,False,False
C02007,2020-03-07,66.0,24.1,pro,0,23,False,False
C02008,2021-09-26,33.0,31.9,basic,0,26,False,False
C02009,2022-03-05,65.0,3.7,free,0,4,False,False
C02010,2022-12-30,64.0,57.3,basic,1,7,False,False
C02011,2020-03-23,26.0,16.7,basic,1,29,False,False
C02012,2022-09-24,60.0,16.2,basic,0,22,False,False
C02013,2020-05-08,40.0,26.9,pro,1,15,False,False
C02014,2020-12-04,61.0,5.7,free,1,3,False,False
C02015,2020-05-16,64.0,11.0,free,1,21,False,False
C02016,2023-09-25,74.0,2.4,free,1,54,False,True
C02017,2022-03-20,25.0,7.1,free,1,28,False,False
C02018,2022-08-24,64.0,18.8,free,2,0,False,False
C02019,2021-10-30,44.0,15.8,free,0,25,False,False
C02020,2023-11-18,60.0,19.3,free,1,29,False,False
C02021,2022-11-28,26.0,44.8,free,2,25,False,False
C02022,2023-01-06,21.0,0.0,basic,0,25,False,False
C02023,2022-12-16,53.0,15.9,free,0,23,False,False
C02024,2023-07-14,71.0,7.9,free,1,6,False,False
C02025,2020-12-24,45.0,1.8,basic,1,43,False,True
C02026,2022-06-24,47.0,2.3,free,2,8,False,False
C02027,2020-02-07,61.0,30.8,basic,2,27,False,False
C02028,2023-12-03,67.0,0.8,pro,0,17,False,False
C02029,2022-03-13,35.0,12.1,pro,1,2,False,False
C02030,2021-04-19,67.0,32.6,free,0,23,False,False
C02031,2023-05-14,25.0,6.7,free,1,9,False,False
C02032,2023-01-30,28.0,7.3,basic,1,23,False,False
C02033,2021-04-24,46.0,4.7,free,1,10,False,False
C02034,2023-10-25,25.0,47.0,pro,0,6,False,False
C02035,2023-06-27,51.0,13.5,free,2,23,False,False
C02036,2021-07-20,57.0,16.6,pro,1,24,False,False
C02037,2020-04-23,70.0,11.1,pro,2,6,False,False
C02038,2023-04-04,39.0,0.6,free,0,0,False,False
C02039,2022-10-12,70.0,4.6,basic,0,12,False,False
C02040,2021-05-07,65.0,7.8,free,1,10,False,False
C02041,2023-06-08,21.0,5.8,free,0,35,False,True
C02042,2023-10-16,38.0,46.2,free,1,51,False,True
C02043,2024-01-06,32.0,2.1,basic,2,55,False,True
C02044,2023-11-25,42.0,4.3,free,2,125,False,True
C02045,2023-01-20,66.0,10.7,basic,0,27,False,False
C02046,2022-05-23,58.0,2.5,pro,1,32,False,True
C02047,2021-02-20,48.0,27.4,free,0,20,False,False
C02048,2023-08-19,60.0,5.8,basic,0,3,False,False
C02049,2020-08-13,48.0,13.0,pro,0,20,False,False
C02050,2021-12-19,37.0,21.2,free,1,13,False,False
C02051,2021-11-27,33.0,9.4,free,2,12,False,False
C02052,2024-01-14,52.0,2.5,free,1,24,False,False
C02053,2022-04-25,41.0,1.2,free,1,8,False,False
C02054,2022-07-20,52.0,23.7,basic,0,23,False,False
C02055,2021-10-03,48.0,3.9,free,2,22,False,False
C02056,2021-12-26,35.0,4.1,free,0,6,False,False
C02057,2023-04-23,21.0,0.2,basic,1,26,False,True
C02058,2021-04-20,21.0,3.5,basic,0,1,False,False
C02059,2023-08-30,39.0,5.2,basic,1,26,False,False
C02060,2021-11-05,43.0,14.4,basic,1,0,False,False
C02061,2021-01-20,54.0,6.7,free,2,18,False,False
C02062,2020-11-06,34.0,9.1,free,2,177,False,True
C02063,2022-07-03,70.0,8.6,basic,0,12,False,False
C02064,2020-04-14,,10.9,free,2,6,False,False
C02065,2022-12-18,,9.0,basic,0,1,False,False
C02066,2022-07-21,28.0,60.8,pro,3,10,False,False
C02067,2022-05-05,65.0,53.4,basic,4,18,False,False
C02068,2020-10-10,36.0,68.2,free,2,3,False,False
C02069,2020-05-06,52.0,3.4,free,4,178,False,True
C02070,2020-04-12,35.0,15.1,free,3,12,False,False
C02071,2020-07-09,43.0,22.6,basic,0,18,False,False
C02072,2023-04-24,39.0,5.6,free,4,41,False,True
C02073,2021-12-29,58.0,53.2,pro,0,25,False,False
C02074,2020-07-24,66.0,9.6,free,3,0,False,False
C02075,2021-01-02,71.0,0.5,free,0,24,False,False
C02076,2020-11-21,55.0,30.2,free,0,16,False,False
C02077,2021-12-21,73.0,29.0,free,0,11,False,False
C02078,2020-10-31,56.0,4.9,pro,1,99,True,True
C02079,2022-11-08,63.0,1.4,free,1,53,True,True
C02080,2023-04-19,60.0,29.1,free,1,2,False,False
C02081,2020-06-08,55.0,5.2,basic,0,9,False,False
C02082,2020-03-10,,18.7,free,2,8,False,False
C02083,2020-07-07,36.0,1.1,free,0,52,True,True
C02084,2023-09-17,31.0,3.3,free,1,16,False,False
C02085,2022-06-12,58.0,22.5,basic,1,26,False,False
C02086,2023-11-19,49.0,10.8,free,1,25,False,False
C02087,2020-08-12,51.0,115.6,free,0,19,False,False
C02088,2021-10-22,63.0,63.8,free,0,11,False,False
C02089,2020-09-30,63.0,0.3,pro,1,16,False,False
C02090,2021-04-01,63.0,1.8,basic,1,25,False,False
C02091,2020-10-31,45.0,26.3,free,1,152,False,True
C02092,2022-10-14,61.0,12.7,free,2,2,False,False
C02093,2022-07-17,49.0,0.7,free,0,24,False,False
C02094,2023-09-03,51.0,11.8,free,2,19,False,False
C02095,2021-03-12,59.0,9.7,free,1,21,False,False
C02096,2020-09-22,36.0,13.0,pro,3,15,False,False
C02097,2020-06-22,19.0,18.2,basic,2,20,False,False
C02098,2021-03-15,69.0,9.7,basic,2,58,False,True
C02099,2020-10-23,27.0,8.8,free,0,12,False,False
C02100,2020-09-23,72.0,4.7,pro,0,4,False,False
C02101,2020-05-07,70.0,1.4,basic,1,6,False,False
C02102,2020-09-01,73.0,39.2,basic,0,21,False,False
C02103,2023-09-08,39.0,11.4,basic,0,133,False,True
C02104,2021-06-18,19.0,16.3,pro,0,0,False,False
C02105,2022-08-27,23.0,2.0,free,1,95,False,True
C02106,2020-08-16,57.0,23.4,free,3,12,False,False
C02107,2021-05-10,71.0,20.1,free,3,29,False,False
C02108,2023-08-21,39.0,44.8,pro,1,10,False,False
C02109,2023-11-13,42.0,2.9,basic,1,22,False,False
C02110,2023-11-12,45.0,10.0,free,4,154,True,True
C02111,2022-07-11,49.0,21.9,basic,0,14,False,False
C02112,2021-09-10,20.0,3.5,free,4,19,False,False
C02113,2021-01-16,47.0,30.6,free,3,27,False,False
C02114,2022-08-08,55.0,20.1,free,3,20,False,False
C02115,2021-07-10,26.0,34.4,free,2,17,False,False
C02116,2022-12-07,71.0,30.1,free,0,114,True,True
C02117,2021-03-09,64.0,26.2,free,1,178,False,True
C02118,2022-11-23,20.0,13.0,pro,1,19,False,False
C02119,2022-11-05,49.0,12.0,free,4,28,False,False
C02120,2022-10-15,41.0,11.4,free,0,17,False,False
C02121,2020-04-26,,18.8,free,2,6,False,False
C02122,2021-05-26,21.0,54.0,pro,0,13,False,False
C02123,2023-12-13,,10.9,basic,2,6,False,False
C02124,2021-10-13,68.0,80.1,free,6,11,False,False
C02125,2020-08-09,67.0,10.7,pro,0,21,False,False
C02126,2020-04-10,60.0,3.9,free,2,29,False,False
C02127,2023-07-28,26.0,26.2,basic,0,12,False,False
C02128,2021-08-10,37.0,4.8,basic,1,18,False,True
C02129,2021-04-13,41.0,47.5,free,2,14,False,False
C02130,2021-04-11,50.0,0.7,free,2,156,False,True
C02131,2021-07-29,37.0,3.3,free,0,132,True,True
C02132,2022-06-25,40.0,19.4,free,2,23,False,False
C02133,2021-04-20,43.0,61.7,basic,1,12,False,False
C02134,2023-08-19,72.0,18.3,basic,1,8,False,False
C02135,2020-07-19,37.0,1.3,basic,1,26,False,False
C02136,2021-03-03,27.0,44.1,free,0,29,False,False
C02137,2023-06-23,27.0,20.4,pro,0,21,False,False
C02138,2022-05-31,45.0,13.6,basic,0,10,False,False
C02139,2022-05-02,55.0,23.2,basic,1,1,False,False
C02140,2023-12-18,51.0,25.3,basic,1,6,False,False
C02141,2023-01-01,58.0,20.9,pro,1,25,False,False
C02142,2021-12-14,24.0,4.3,basic,0,29,False,False
C02143,2023-04-17,,11.5,free,3,24,False,False
C02144,2021-08-23,63.0,15.7,pro,0,177,True,True
C02145,2022-10-26,71.0,8.9,basic,1,0,False,False
C02146,2022-04-10,21.0,5.6,free,2,22,False,False
C02147,2020-05-27,52.0,32.0,free,1,26,False,False
C02148,2023-09-21,22.0,14.2,basic,0,26,False,False
C02149,2022-06-28,71.0,13.2,free,3,140,False,True
C02150,2020-04-07,47.0,0.2,free,3,9,False,False
C02151,2021-01-20,62.0,16.3,free,1,24,False,False
C02152,2022-04-14,34.0,7.8,free,4,22,False,False
C02153,2022-06-28,57.0,91.9,pro,0,26,False,False
C02154,2021-02-14,21.0,40.7,free,1,8,False,False
C02155,2020-04-02,59.0,13.7,free,1,4,False,False
C02156,2023-09-14,26.0,12.2,free,0,4,False,False
C02157,2022-06-21,60.0,8.9,free,3,67,False,True
C02158,2020-10-02,66.0,19.5,basic,1,0,False,False
C02159,2023-04-15,63.0,62.6,free,2,26,False,False
C02160,2021-06-22,66.0,31.0,pro,1,9,False,False
C02161,2020-09-18,46.0,3.6,pro,2,25,False,False
C02162,2020-10-09,55.0,34.7,free,1,29,False,False
C02163,2020-09-07,48.0,30.3,basic,0,4,False,False
C02164,2021-02-05,51.0,19.9,free,3,20,False,False
C02165,2020-05-25,37.0,7.2,free,4,26,False,False
C02166,2023-12-08,19.0,36.3,free,0,26,False,False
C02167,2020-01-01,47.0,0.6,free,2,149,False,True
C02168,2020-05-07,43.0,21.6,basic,0,3,False,False
C02169,2021-01-09,30.0,35.2,free,0,9,False,False
C02170,2022-04-27,,26.3,free,0,7,False,False
C02171,2021-09-12,59.0,82.7,pro,0,20,False,False
C02172,2020-01-10,,3.0,pro,0,10,False,False
C02173,2021-08-04,18.0,25.3,free,2,10,False,False
C02174,2021-10-21,60.0,2.3,basic,2,19,False,False
C02175,2023-02-05,,0.7,basic,0,4,False,False
C02176,2020-11-19,45.0,65.0,free,1,5,False,False
C02177,2022-02-23,,2.3,free,0,21,False,False
C02178,2023-07-29,50.0,8.1,pro,2,9,False,False
C02179,2023-12-27,38.0,18.4,free,2,14,False,False
C02180,2020-09-17,54.0,2.7,pro,0,23,False,False
C02181,2021-09-07,25.0,16.4,free,2,8,False,False
C02182,2021-09-23,68.0,3.5,basic,0,23,False,False
C02183,2023-10-12,48.0,1.4,free,3,26,False,False
C02184,2023-09-14,57.0,19.1,free,0,5,False,False
C02185,2023-04-20,26.0,3.2,free,1,1,False,False
C02186,2021-11-10,52.0,31.2,basic,0,9,False,False
C02187,2021-11-08,38.0,2.1,pro,0,10,False,False
C02188,2023-01-26,72.0,0.5,free,4,18,True,True
C02189,2021-01-28,63.0,22.2,free,1,25,False,False
C02190,2021-01-17,38.0,12.4,pro,2,9,False,False
C02191,2021-08-15,21.0,25.0,free,2,129,True,True
C02192,2023-02-24,38.0,41.3,free,0,15,False,False
C02193,2020-01-23,56.0,7.3,free,1,1,False,False
C02194,2022-07-28,67.0,6.2,basic,0,17,False,False
C02195,2020-04-21,69.0,19.0,free,2,127,True,True
C02196,2022-02-16,,17.9,pro,0,14,False,False
C02197,2020-08-18,61.0,8.1,basic,1,12,False,False
C02198,2021-11-08,31.0,11.4,free,1,0,False,False
C02199,2022-04-26,71.0,33.4,basic,2,3,False,False
C02200,2022-12-06,53.0,10.8,free,2,4,False,False
C02201,2022-12-15,54.0,20.4,basic,0,23,False,False
C02202,2020-05-15,68.0,51.6,free,1,1,False,False
C02203,2020-01-07,71.0,15.6,free,0,13,False,False
C02204,2021-02-24,54.0,0.6,free,0,2,False,False
C02205,2022-05-10,32.0,14.4,pro,1,28,False,False
C02206,2021-02-27,44.0,39.0,basic,0,24,False,False
C02207,2022-05-23,64.0,2.8,basic,1,9,False,False
C02208,2021-05-30,38.0,7.7,pro,0,12,False,False
C02209,2023-12-17,54.0,2.3,pro,0,1,False,False
C02210,2023-07-01,55.0,4.6,free,3,3,False,False
C02211,2021-03-28,64.0,15.7,basic,0,26,False,False
C02212,2022-09-15,66.0,1.7,basic,2,27,True,True
C02213,2020-07-27,43.0,125.6,free,0,12,False,False
C02214,2023-12-24,45.0,12.7,free,0,10,False,False
C02215,2022-10-04,63.0,6.3,free,0,20,False,False
C02216,2021-01-31,36.0,0.6,basic,2,20,False,False
C02217,2022-12-03,21.0,19.5,basic,0,11,False,False
C02218,2023-11-20,26.0,24.7,basic,0,19,False,False
C02219,2023-01-26,62.0,22.0,free,0,21,False,False
C02220,2021-04-03,27.0,3.6,pro,0,2,False,False
C02221,2021-11-08,33.0,10.0,basic,0,48,True,True
C02222,2021-01-27,39.0,70.5,basic,1,25,False,False
C02223,2021-08-18,32.0,0.7,pro,0,2,False,False
C02224,2021-09-21,58.0,14.1,free,0,23,False,False
C02225,2023-04-01,61.0,17.3,basic,0,8,False,False
C02226,2021-01-28,61.0,104.6,free,1,21,False,False
C02227,2021-09-30,46.0,8.2,free,1,147,True,True
C02228,2022-09-09,37.0,0.3,free,1,17,False,False
C02229,2023-04-13,72.0,5.0,basic,3,69,True,True
C02230,2021-07-21,31.0,7.5,pro,1,68,False,True
C02231,2021-02-13,30.0,7.8,basic,1,13,False,False
C02232,2023-01-15,61.0,50.6,free,1,18,False,False
C02233,2023-07-12,46.0,12.0,free,1,0,False,False
C02234,2021-10-16,72.0,29.0,pro,1,3,False,False
C02235,2022-08-07,60.0,21.1,free,0,7,False,False
C02236,2023-06-26,45.0,16.1,free,0,14,False,False
C02237,2024-01-17,45.0,14.1,basic,1,16,False,False
C02238,2022-08-07,37.0,1.3,free,1,16,False,False
C02239,2022-09-15,31.0,68.7,pro,2,24,False,False
C02240,2020-05-11,41.0,13.9,basic,1,27,False,False
C02241,2020-10-22,36.0,6.9,free,0,0,False,False
C02242,2020-02-24,66.0,20.6,free,2,22,False,True
C02243,2021-03-31,32.0,38.0,basic,3,27,False,False
C02244,2021-05-15,19.0,70.9,basic,0,14,False,False
C02245,2020-07-15,32.0,1.7,pro,0,23,False,False
C02246,2020-06-07,24.0,13.2,basic,0,16,False,False
C02247,2020-12-27,54.0,1.9,free,0,27,False,False
C02248,2023-07-09,27.0,5.0,free,2,22,False,False
C02249,2021-09-18,54.0,1.7,free,1,142,False,True
C02250,2022-10-12,71.0,7.9,basic,2,25,False,False
C02251,2023-01-18,68.0,11.4,free,2,17,False,False
C02252,2021-05-08,49.0,27.8,basic,2,16,False,False
C02253,2023-10-26,68.0,69.9,free,2,10,False,False
C02254,2022-10-01,30.0,20.1,free,3,2,False,False
C02255,2022-03-20,40.0,5.1,pro,1,19,False,False
C02256,2023-08-07,49.0,28.9,free,0,9,False,False
C02257,2021-04-07,20.0,26.4,basic,1,8,False,False
C02258,2021-06-11,46.0,3.1,basic,1,29,False,False
C02259,2020-03-03,31.0,1.4,free,2,0,False,False
C02260,2023-02-04,44.0,27.3,free,0,21,False,False
C02261,2020-09-27,57.0,2.2,pro,0,7,False,False
C02262,2020-12-13,47.0,22.8,basic,2,18,False,False
C02263,2020-04-16,,14.3,pro,0,23,False,False
C02264,2022-03-22,72.0,2.9,free,0,0,False,False
C02265,2020-11-26,58.0,2.0,free,2,21,False,False
C02266,2021-07-12,23.0,9.7,basic,0,4,False,False
C02267,2022-11-08,58.0,4.5,free,2,4,False,False
C02268,2022-02-18,42.0,8.5,free,1,21,False,False
C02269,2021-10-25,19.0,8.0,free,1,2,False,False
C02270,2020-05-06,38.0,12.7,basic,0,72,True,True
C02271,2023-11-21,27.0,54.3,free,1,7,False,False
C02272,2023-09-11,42.0,30.0,basic,1,22,False,False
C02273,2021-06-12,26.0,38.3,free,0,6,False,False
C02274,2023-07-06,,13.8,free,1,0,False,False
C02275,2022-03-16,71.0,0.9,pro,0,81,False,True
C02276,2022-01-16,46.0,7.9,free,0,15,False,False
C02277,2023-01-27,64.0,15.1,basic,0,20,False,False
C02278,2020-10-17,59.0,3.7,free,2,129,False,True
C02279,2023-06-23,,7.6,free,1,65,False,True
C02280,2020-03-17,62.0,43.0,pro,2,11,False,False
C02281,2022-09-21,28.0,6.0,free,3,150,False,True
C02282,2022-07-27,62.0,10.9,free,1,54,False,True
C02283,2022-01-01,64.0,14.3,pro,1,6,False,False
C02284,2022-02-19,45.0,8.1,free,1,75,False,True
C02285,2024-01-24,38.0,62.2,pro,0,19,False,False
C02286,2020-07-30,21.0,3.2,basic,1,24,False,False
C02287,2020-11-20,39.0,11.7,free,0,25,False,False
C02288,2021-02-14,69.0,0.3,pro,1,129,True,True
C02289,2020-01-22,45.0,16.3,free,1,22,False,False
C02290,2021-10-01,73.0,7.9,free,0,160,False,True
C02291,2022-02-14,65.0,27.1,basic,2,71,False,True
C02292,2023-02-11,40.0,1.8,free,1,15,False,False
C02293,2022-10-29,23.0,9.8,free,0,12,False,False
C02294,2020-03-13,53.0,18.3,basic,2,9,False,False
C02295,2023-03-06,70.0,1.8,free,3,68,False,True
C02296,2022-04-09,60.0,5.6,basic,0,9,False,False
C02297,2020-07-14,25.0,28.8,free,1,11,False,False
C02298,2021-09-13,27.0,3.2,pro,0,7,False,False
C02299,2024-01-17,23.0,6.0,free,0,13,False,False
C02300,2023-12-06,45.0,13.3,free,1,159,True,True
C02301,2021-11-08,24.0,3.2,pro,0,18,False,False
C02302,2021-01-04,69.0,10.3,free,1,1,False,False
C02303,2021-05-25,30.0,3.4,basic,0,10,False,False
C02304,2022-08-09,26.0,17.0,pro,1,1,False,False
C02305,2023-01-12,69.0,17.3,basic,2,5,False,False
C02306,2020-07-03,50.0,22.6,free,0,12,False,False
C02307,2021-04-30,46.0,2.2,pro,2,3,False,False
C02308,2023-05-28,33.0,8.2,free,1,168,False,True
C02309,2021-10-16,30.0,3.7,basic,0,22,False,False
C02310,2020-06-03,55.0,9.0,free,2,8,False,False
C02311,2022-11-21,41.0,2.5,basic,0,7,False,False
C02312,2023-08-04,38.0,3.7,pro,0,18,False,False
C02313,2020-07-12,18.0,6.5,free,1,14,False,False
C02314,2021-02-16,27.0,5.1,basic,0,11,False,False
C02315,2022-10-31,43.0,0.5,free,1,10,False,False
C02316,2021-10-29,40.0,9.6,basic,1,137,False,True
C02317,2021-09-23,43.0,4.7,basic,0,27,False,False
C02318,2020-09-14,52.0,19.2,basic,1,20,False,False
C02319,2023-03-01,67.0,16.9,free,1,19,True,True
C02320,2021-06-02,28.0,26.7,free,3,9,False,False
C02321,2020-05-26,27.0,7.8,basic,0,27,False,False
C02322,2021-05-13,30.0,21.8,pro,0,8,False,False
C02323,2020-10-15,34.0,7.1,basic,1,25,False,False
C02324,2021-12-12,31.0,32.0,free,1,25,False,False
C02325,2023-11-29,70.0,0.7,free,1,20,False,False
C02326,2021-03-18,55.0,5.4,basic,4,12,False,False
C02327,2022-01-20,18.0,4.1,free,0,14,False,False
C02328,2020-07-26,35.0,2.1,free,1,20,False,False
C02329,2022-11-24,44.0,6.5,basic,0,27,False,False
C02330,2021-11-14,54.0,6.9,pro,0,14,False,False
C02331,2022-04-27,74.0,0.8,basic,0,12,False,False
C02332,2020-02-14,41.0,13.8,free,2,9,False,False
C02333,2023-03-03,23.0,26.3,basic,0,6,False,False
C02334,2020-01-19,44.0,12.9,pro,2,3,False,False
C02335,2022-03-25,54.0,7.8,pro,0,99,True,True
C02336,2022-11-10,58.0,37.1,basic,0,15,False,False
C02337,2021-08-19,22.0,51.5,pro,0,24,False,False
C02338,2022-06-29,44.0,36.9,basic,0,20,False,False
C02339,2023-11-23,19.0,7.6,free,0,9,False,False
C02340,2021-06-14,22.0,5.5,pro,1,23,False,False
C02341,2020-05-27,67.0,23.8,free,1,27,False,False
C02342,2021-11-28,66.0,16.3,basic,1,6,False,False
C02343,2022-06-11,72.0,22.9,free,1,10,False,False
C02344,2022-04-08,26.0,7.1,pro,0,12,False,False
C02345,2022-07-18,54.0,0.4,free,2,116,True,True
C02346,2020-11-13,49.0,2.8,free,2,72,True,True
C02347,2022-10-30,21.0,20.5,free,0,29,False,False
C02348,2023-06-19,63.0,5.9,free,2,21,False,True
C02349,2021-06-29,45.0,10.2,basic,0,2,False,False
C02350,2022-06-30,33.0,50.7,basic,0,28,False,False
C02351,2023-02-12,69.0,6.8,pro,1,15,False,True
C02352,2022-03-10,72.0,36.5,free,0,21,False,False
C02353,2023-12-25,30.0,0.1,free,1,12,False,False
C02354,2021-10-30,36.0,12.9,basic,1,1,False,False
C02355,2021-03-16,48.0,14.4,basic,0,7,False,False
C02356,2020-03-24,54.0,24.5,basic,2,21,False,False
C02357,2021-01-27,55.0,5.3,basic,0,7,False,False
C02358,2023-07-16,65.0,20.2,free,0,13,False,False
C02359,2022-07-30,27.0,53.5,pro,0,20,False,False
C02360,2021-07-07,23.0,1.1,basic,2,22,False,False
C02361,2023-11-28,28.0,25.2,basic,1,24,False,False
C02362,2022-12-30,51.0,18.0,free,1,0,False,False
C02363,2021-06-07,69.0,43.8,free,2,17,False,False
C02364,2023-03-06,48.0,12.8,basic,1,177,False,True
C02365,2024-01-01,73.0,10.2,free,1,12,False,False
C02366,2020-12-01,67.0,11.1,basic,0,123,False,True
C02367,2022-11-20,26.0,6.5,free,0,170,False,True
C02368,2022-08-05,25.0,35.6,free,0,2,False,False
C02369,2023-10-07,21.0,15.2,free,1,125,False,True
C02370,2020-06-26,45.0,7.5,free,1,47,True,True
C02371,2023-09-13,67.0,6.6,basic,1,11,False,False
C02372,2020-12-12,21.0,0.1,free,0,28,False,False
C02373,2022-02-14,,14.0,free,1,11,False,False
C02374,2022-06-11,63.0,6.3,free,0,48,False,True
C02375,2020-12-05,63.0,1.6,basic,1,21,False,False
C02376,2023-01-05,69.0,28.1,free,0,15,False,False
C02377,2021-07-12,33.0,15.0,basic,1,25,False,False
C02378,2020-11-21,19.0,3.3,free,0,13,False,False
C02379,2022-05-06,73.0,0.1,free,4,6,False,False
C02380,2020-10-24,30.0,7.9,basic,0,7,False,False
C02381,2023-04-24,42.0,25.3,free,0,168,False,True
C02382,2023-07-17,56.0,13.7,basic,0,24,False,False
C02383,2020-02-17,,19.7,basic,2,20,False,False
C02384,2022-11-01,46.0,12.5,basic,0,23,False,False
C02385,2021-11-10,62.0,5.7,pro,1,6,False,False
C02386,2021-09-02,41.0,18.0,free,3,5,False,False
C02387,2020-03-16,38.0,34.5,basic,1,26,False,False
C02388,2022-08-02,34.0,13.3,pro,1,15,False,False
C02389,2023-12-13,50.0,6.7,pro,0,7,False,False
C02390,2023-11-04,33.0,61.3,pro,0,5,False,False
C02391,2021-01-23,25.0,3.6,pro,0,18,False,False
C02392,2023-12-05,43.0,5.0,basic,3,7,False,False
C02393,2020-05-22,24.0,23.2,free,3,22,False,False
C02394,2020-09-14,19.0,17.3,free,2,128,False,True
C02395,2020-04-26,73.0,56.5,basic,1,28,False,False
C02396,2021-05-28,23.0,20.4,basic,1,10,False,False
C02397,2021-10-22,35.0,1.9,free,1,5,False,False
C02398,2021-12-22,27.0,74.9,basic,1,25,False,False
C02399,2021-08-09,67.0,10.1,basic,0,6,False,False
C02400,2023-07-30,64.0,55.5,free,2,14,False,False
C02401,2023-06-07,35.0,1.8,basic,0,2,False,False
C02402,2020-11-26,65.0,2.9,free,0,140,False,True
C02403,2021-06-15,19.0,1.1,free,2,167,False,True
C02404,2021-11-06,30.0,9.2,basic,0,27,False,False
C02405,2021-07-19,19.0,15.8,free,0,0,False,False
C02406,2020-04-10,32.0,16.3,basic,0,11,False,False
C02407,2023-10-13,71.0,28.6,free,1,13,False,False
C02408,2021-05-12,,7.5,basic,1,93,False,True
C02409,2020-02-15,32.0,2.5,basic,3,21,False,False
C02410,2023-02-27,32.0,4.0,free,1,16,False,False
C02411,2021-12-14,55.0,4.4,free,1,48,False,True
C02412,2023-08-16,51.0,1.3,free,2,105,False,True
C02413,2020-01-30,33.0,20.6,free,0,0,False,False
C02414,2020-12-10,49.0,4.9,basic,1,12,False,False
C02415,2020-12-23,32.0,18.5,free,1,19,False,False
C02416,2021-10-30,71.0,23.0,basic,1,12,False,False
C02417,2021-03-21,20.0,50.2,free,2,15,False,False
C02418,2022-02-06,64.0,1.6,free,1,21,False,False
C02419,2022-12-17,60.0,6.8,free,0,11,False,False
C02420,2020-01-30,,8.1,free,2,17,False,False
C02421,2022-06-16,27.0,5.7,pro,0,3,False,False
C02422,2022-08-12,52.0,6.6,basic,1,15,False,False
C02423,2020-12-06,24.0,19.6,basic,0,2,False,False
C02424,2020-12-24,23.0,42.8,free,1,8,False,False
C02425,2021-05-26,30.0,2.3,free,0,13,False,False
C02426,2022-05-14,73.0,18.2,free,2,33,False,True
C02427,2022-07-13,73.0,23.5,basic,0,28,False,False
C02428,2022-12-05,68.0,21.4,free,1,17,False,False
C02429,2021-03-23,20.0,3.0,free,3,1,False,False
C02430,2022-03-15,41.0,72.9,basic,3,28,False,False
C02431,2022-09-01,46.0,29.8,free,0,21,False,False
C02432,2020-08-26,60.0,27.8,pro,0,14,False,False
C02433,2023-12-06,,1.2,free,2,8,False,False
C02434,2020-03-04,66.0,40.0,free,0,3,False,False
C02435,2021-11-07,63.0,9.6,basic,2,16,False,False
C02436,2021-06-26,63.0,6.0,basic,0,4,False,False
C02437,2022-09-03,,3.9,free,0,4,False,False
C02438,2020-11-12,25.0,9.8,basic,1,19,False,False
C02439,2022-03-15,57.0,5.3,pro,0,107,True,True
C02440,2020-11-04,52.0,25.6,basic,0,7,False,False
C02441,2021-12-26,34.0,8.0,pro,0,29,False,False
C02442,2023-07-19,66.0,2.4,basic,1,8,False,False
C02443,2020-05-23,24.0,7.0,free,0,9,False,False
C02444,2022-06-10,44.0,12.6,basic,0,159,True,True
C02445,2020-08-29,38.0,4.6,pro,1,1,False,False
C02446,2021-10-27,51.0,27.4,free,2,11,False,False
C02447,2023-12-14,42.0,18.5,free,0,29,False,False
C02448,2022-06-30,57.0,2.0,free,1,77,True,True
C02449,2023-11-10,27.0,37.8,free,0,21,False,False
C02450,2021-07-21,33.0,10.8,free,0,5,False,False
C02451,2020-04-27,54.0,9.8,free,0,18,False,False
C02452,2021-08-25,66.0,19.2,basic,1,8,False,False
C02453,2022-10-16,54.0,16.4,basic,0,132,True,True
C02454,2020-09-16,45.0,45.6,pro,0,9,False,False
C02455,2022-11-09,18.0,6.3,free,0,3,False,False
C02456,2022-07-22,,60.7,free,1,11,False,False
C02457,2022-10-23,22.0,3.4,basic,2,20,False,False
C02458,2021-05-04,54.0,13.1,free,0,7,False,False
C02459,2023-03-03,25.0,3.8,free,2,16,False,False
C02460,2020-07-07,71.0,50.4,basic,0,11,False,False
C02461,2023-01-14,35.0,6.4,pro,0,8,False,False
C02462,2020-10-14,25.0,65.0,basic,1,17,False,False
C02463,2020-10-23,,15.7,basic,0,132,True,True
C02464,2022-04-19,40.0,0.0,pro,1,8,False,False
C02465,2022-07-07,51.0,4.6,basic,3,24,False,False
C02466,2022-01-26,54.0,25.9,basic,1,17,False,False
C02467,2023-07-08,43.0,3.0,basic,0,4,False,False
C02468,2020-05-20,48.0,32.5,free,0,5,False,False
C02469,2022-07-07,28.0,22.5,pro,0,6,False,False
C02470,2021-11-28,34.0,10.5,pro,3,24,False,False
C02471,2022-11-10,42.0,41.7,free,2,10,False,False
C02472,2021-09-07,66.0,13.1,basic,6,2,False,False
C02473,2022-08-13,48.0,17.6,free,3,28,False,False
C02474,2023-08-21,27.0,35.8,free,2,12,False,False
C02475,2021-08-06,38.0,52.7,free,1,0,False,False
C02476,2023-02-10,54.0,10.4,free,0,13,False,False
C02477,2023-03-27,53.0,7.9,basic,2,14,False,False
C02478,2021-05-06,18.0,13.8,free,3,27,False,False
C02479,2021-10-20,44.0,10.7,free,0,24,False,False
C02480,2020-03-04,63.0,88.9,free,1,25,False,False
C02481,2023-05-24,55.0,28.3,free,0,25,False,False
C02482,2022-07-09,49.0,79.5,pro,3,6,False,False
C02483,2022-04-19,71.0,13.6,basic,1,2,False,False
C02484,2023-02-19,24.0,51.4,basic,0,3,False,False
C02485,2021-01-19,64.0,0.5,basic,1,20,False,False
C02486,2023-08-02,53.0,23.5,free,3,25,False,False
C02487,2020-12-28,22.0,10.1,free,1,5,False,False
C02488,2022-12-22,49.0,9.0,free,2,178,False,True
C02489,2020-01-21,67.0,32.1,free,1,23,False,False
C02490,2023-12-15,18.0,2.4,free,1,28,False,False
C02491,2021-09-29,51.0,19.2,basic,0,131,True,True
C02492,2023-03-30,65.0,10.0,basic,0,12,False,False
C02493,2020-03-20,24.0,0.7,free,2,22,False,False
C02494,2021-09-10,68.0,9.7,free,0,20,False,False
C02495,2021-08-19,30.0,1.1,free,0,3,False,False
C02496,2021-09-19,37.0,6.8,free,0,25,False,False
C02497,2023-11-15,51.0,7.9,free,0,173,True,True
C02498,2021-08-12,71.0,4.2,free,0,100,False,True
C02499,2020-09-02,46.0,22.2,basic,1,18,False,False
C02500,2023-02-12,49.0,0.1,free,3,7,False,False
C02501,2024-01-17,30.0,26.5,pro,0,5,False,False
C02502,2022-02-20,51.0,0.4,free,1,16,False,False
C02503,2021-03-17,18.0,4.7,basic,1,26,False,False
C02504,2021-02-16,46.0,2.8,free,2,163,False,True
C02505,2021-09-25,59.0,19.6,free,0,3,False,False
C02506,2023-05-17,50.0,26.2,free,2,0,False,False
C02507,2021-05-05,28.0,1.1,basic,1,21,False,False
C02508,2021-02-10,37.0,14.2,pro,0,28,False,False
C02509,2021-06-11,37.0,1.4,basic,1,8,False,False
C02510,2021-02-04,31.0,3.8,basic,0,24,False,False
C02511,2020-09-14,60.0,15.2,pro,0,23,False,False
C02512,2020-10-16,61.0,13.6,free,2,11,False,False
C02513,2021-10-07,44.0,6.0,basic,0,24,False,False
C02514,2023-11-23,63.0,2.1,basic,1,48,False,True
C02515,2023-10-07,25.0,15.5,basic,1,22,False,False
C02516,2022-07-19,41.0,1.4,free,0,10,False,False
C02517,2022-12-07,40.0,7.3,free,2,1,False,False
C02518,2020-04-11,35.0,17.2,free,3,69,False,True
C02519,2020-06-22,,18.2,pro,1,18,False,False
C02520,2023-04-08,57.0,33.1,pro,1,145,False,True
C02521,2020-05-08,30.0,16.4,free,2,4,False,False
C02522,2022-04-01,31.0,10.7,free,3,25,False,False
C02523,2021-01-23,37.0,1.0,free,1,24,False,False
C02524,2021-02-04,36.0,23.7,free,0,27,False,False
C02525,2023-01-08,69.0,41.6,free,1,2,False,False
C02526,2021-08-29,58.0,1.9,basic,1,74,False,True
C02527,2021-05-02,40.0,0.2,free,0,4,False,False
C02528,2023-10-11,48.0,17.9,free,0,29,False,False
C02529,2022-08-19,36.0,17.0,basic,0,14,False,False
C02530,2021-11-24,72.0,11.1,basic,0,28,False,False
C02531,2020-08-23,53.0,7.7,basic,0,21,False,False
C02532,2023-02-27,56.0,1.9,free,3,2,False,False
C02533,2022-12-20,20.0,7.0,free,2,6,False,False
C02534,2022-08-12,69.0,12.5,free,1,16,False,False
C02535,2023-08-31,59.0,24.1,pro,1,62,False,True
C02536,2022-03-30,46.0,12.3,basic,1,80,True,True
C02537,2022-01-11,40.0,29.0,basic,0,25,False,False
C02538,2022-03-20,50.0,1.8,basic,2,152,True,True
C02539,2022-09-03,50.0,22.8,free,0,16,False,False
C02540,2022-09-17,46.0,12.5,basic,0,5,False,False
C02541,2021-04-26,32.0,33.3,basic,0,17,False,False
C02542,2023-10-03,42.0,35.2,pro,1,6,False,False
C02543,2022-04-10,30.0,7.9,free,0,31,False,True
C02544,2020-09-26,62.0,18.3,free,2,15,False,False
C02545,2021-06-05,40.0,88.5,free,0,0,False,False
C02546,2020-11-17,46.0,15.3,basic,0,10,False,False
C02547,2022-02-17,46.0,6.6,free,0,3,False,False
C02548,2020-12-14,61.0,23.3,free,3,1,False,False
C02549,2022-02-19,29.0,40.5,free,1,11,False,False
C02550,2022-05-11,,30.2,basic,1,12,False,False
C02551,2022-07-23,27.0,59.4,basic,1,10,False,False
C02552,2023-07-13,50.0,10.7,free,0,13,False,False
C02553,2021-12-25,20.0,3.6,basic,1,3,False,False
C02554,2022-09-16,47.0,27.7,free,4,20,False,False
C02555,2020-04-26,38.0,53.1,basic,0,28,False,False
C02556,2021-08-21,63.0,13.0,free,1,27,False,False
C02557,2023-06-07,51.0,14.4,free,1,165,True,True
C02558,2020-02-19,49.0,18.1,pro,0,3,False,False
C02559,2022-02-07,27.0,28.3,free,0,25,False,False
C02560,2022-03-07,56.0,15.2,free,2,22,False,False
C02561,2023-12-21,51.0,15.7,free,2,15,False,False
C02562,2022-02-11,50.0,47.7,basic,2,27,False,False
C02563,2021-07-10,20.0,18.2,pro,0,28,False,False
C02564,2021-10-09,39.0,100.7,free,0,6,False,False
C02565,2020-10-14,66.0,24.1,basic,3,7,False,False
C02566,2022-09-07,49.0,5.9,pro,2,12,False,False
C02567,2022-06-13,68.0,26.9,free,1,5,False,False
C02568,2020-06-20,67.0,8.9,free,0,107,False,True
C02569,2022-09-13,28.0,7.8,free,1,12,False,False
C02570,2022-11-30,34.0,6.4,pro,2,154,True,True
C02571,2023-08-29,58.0,41.0,free,1,19,False,False
C02572,2021-02-28,62.0,24.2,basic,1,25,False,False
C02573,2020-05-09,53.0,9.1,basic,2,18,False,False
C02574,2022-06-28,42.0,45.3,free,1,2,False,False
C02575,2020-01-24,60.0,16.3,pro,2,24,False,False
C02576,2023-05-20,68.0,26.4,free,2,7,False,False
C02577,2022-11-06,59.0,8.8,free,2,16,False,True
C02578,2020-10-04,29.0,27.1,basic,0,12,False,False
C02579,2021-12-31,35.0,17.9,basic,1,4,False,False
C02580,2021-09-05,64.0,8.6,pro,0,28,False,False
C02581,2020-11-09,53.0,3.3,basic,0,9,False,False
C02582,2022-08-16,39.0,6.1,basic,1,3,False,False
C02583,2023-09-23,24.0,29.4,free,0,19,False,False
C02584,2022-08-17,50.0,8.6,pro,1,8,False,False
C02585,2021-11-16,60.0,13.1,pro,1,10,False,False
C02586,2023-06-16,24.0,7.3,free,0,20,False,False
C02587,2023-04-29,49.0,43.0,basic,1,7,False,False
C02588,2022-02-26,29.0,0.3,free,1,21,False,False
C02589,2020-09-23,40.0,6.8,free,1,22,True,True
C02590,2022-11-18,70.0,15.2,basic,0,25,False,False
C02591,2022-06-18,24.0,6.0,basic,0,2,False,False
C02592,2020-02-17,43.0,17.9,free,1,8,False,False
C02593,2022-08-12,22.0,5.7,free,0,24,False,False
C02594,2020-09-08,40.0,21.1,free,1,141,False,True
C02595,2022-01-12,39.0,9.2,pro,0,0,False,False
C02596,2024-01-21,33.0,18.5,pro,1,13,False,False
C02597,2022-04-11,52.0,1.9,pro,0,151,False,True
C02598,2022-01-03,42.0,17.6,free,0,28,False,False
C02599,2023-05-04,71.0,27.6,basic,2,26,False,False
C02600,2020-02-17,55.0,19.0,basic,0,23,False,False
C02601,2020-09-26,67.0,10.7,free,0,23,False,False
C02602,2020-03-01,41.0,4.3,basic,0,8,False,False
C02603,2024-02-01,55.0,9.9,basic,0,4,False,False
C02604,2023-02-13,28.0,7.8,free,3,18,False,False
C02605,2023-11-20,50.0,1.7,free,1,147,False,True
C02606,2021-04-15,63.0,1.1,basic,1,28,False,False
C02607,2020-07-14,18.0,6.9,pro,1,6,False,False
C02608,2021-02-12,40.0,8.4,free,1,27,False,False
C02609,2021-10-27,27.0,34.5,pro,0,3,False,False
C02610,2023-07-02,71.0,31.8,pro,0,25,False,False
C02611,2023-02-19,44.0,21.6,free,3,4,False,False
C02612,2023-02-12,44.0,0.8,free,0,5,False,False
C02613,2022-06-27,73.0,0.5,basic,0,21,False,False
C02614,2021-08-29,68.0,24.0,free,3,26,False,True
C02615,2023-03-22,,2.1,basic,2,6,False,False
C02616,2020-01-30,24.0,3.0,free,2,9,False,False
C02617,2020-03-28,37.0,24.7,free,2,13,False,False
C02618,2023-12-07,50.0,28.6,free,2,0,False,False
C02619,2021-04-11,59.0,9.3,free,3,27,False,False
C02620,2023-09-22,22.0,42.5,free,2,18,False,False
C02621,2022-12-04,73.0,13.5,basic,0,1,False,False
C02622,2023-07-10,33.0,34.7,pro,0,23,False,False
C02623,2021-01-03,70.0,37.4,free,1,21,False,False
C02624,2022-12-01,51.0,3.2,basic,1,13,False,False
C02625,2020-11-29,66.0,75.1,pro,0,20,False,False
C02626,2022-05-12,55.0,10.2,pro,0,27,False,False
C02627,2021-05-27,39.0,38.3,free,0,28,False,False
C02628,2023-06-01,36.0,12.8,basic,2,15,False,False
C02629,2024-02-08,46.0,8.6,free,3,147,True,True
C02630,2021-09-12,63.0,6.9,basic,0,23,False,False
C02631,2022-09-18,63.0,0.4,pro,3,30,False,True
C02632,2022-09-14,70.0,5.7,free,0,129,False,True
C02633,2020-01-07,,37.9,free,1,5,False,False
C02634,2021-02-14,43.0,26.8,free,0,14,False,False
C02635,2020-05-04,61.0,61.3,free,1,0,False,False
C02636,2024-01-11,38.0,4.9,free,2,8,False,False
C02637,2022-08-11,59.0,27.6,free,2,11,False,False
C02638,2020-05-03,44.0,15.9,basic,0,12,False,False
C02639,2020-09-20,69.0,5.4,free,2,12,False,False
C02640,2023-03-10,59.0,11.3,basic,0,24,False,False
C02641,2020-07-23,54.0,3.0,free,1,16,False,False
C02642,2021-02-07,50.0,20.1,free,0,7,False,False
C02643,2023-04-27,34.0,1.8,free,2,27,False,False
C02644,2023-02-04,40.0,21.1,free,2,24,False,False
C02645,2020-06-22,40.0,20.6,pro,0,11,False,False
C02646,2021-05-02,55.0,35.2,free,2,26,False,False
C02647,2022-07-26,55.0,3.9,basic,2,13,False,False
C02648,2021-02-22,60.0,17.8,basic,0,8,False,False
C02649,2023-11-13,46.0,28.5,free,1,18,False,False
C02650,2023-06-16,25.0,11.8,basic,0,14,False,False
C02651,2021-08-30,69.0,10.4,free,3,20,False,False
C02652,2021-06-03,60.0,19.6,basic,1,14,False,False
C02653,2024-01-15,23.0,3.6,free,3,11,False,False
C02654,2021-06-01,36.0,11.2,free,1,3,False,False
C02655,2021-08-15,,17.5,free,2,17,False,False
C02656,2020-10-26,44.0,11.0,free,1,27,False,False
C02657,2021-09-01,62.0,64.8,free,0,12,False,False
C02658,2021-03-03,58.0,2.0,free,2,20,False,False
C02659,2023-10-17,26.0,3.8,free,0,21,False,False
C02660,2022-03-01,30.0,8.5,basic,1,20,False,False
C02661,2022-04-13,22.0,24.9,basic,1,2,False,False
C02662,2022-08-15,60.0,44.8,free,2,22,False,False
C02663,2020-02-17,36.0,2.1,free,1,0,False,False
C02664,2023-04-20,49.0,10.2,free,1,162,False,True
C02665,2021-12-21,29.0,39.3,basic,0,23,False,False
C02666,2020-12-13,24.0,90.4,basic,1,22,False,False
C02667,2023-09-22,31.0,3.6,free,1,7,False,False
C02668,2021-04-03,66.0,5.7,basic,0,6,False,False
C02669,2021-07-10,,2.9,basic,1,90,False,True
C02670,2022-06-20,53.0,1.4,free,1,177,False,True
C02671,2021-10-16,73.0,6.8,basic,0,0,False,False
C02672,2022-12-30,22.0,6.5,basic,1,11,False,False
C02673,2022-07-07,25.0,0.6,basic,1,16,False,False
C02674,2023-01-13,60.0,26.4,pro,1,26,False,False
C02675,2023-06-14,65.0,25.3,free,0,2,False,False
C02676,2021-05-03,27.0,4.2,free,2,19,False,False
C02677,2020-01-31,69.0,2.8,free,1,132,False,True
C02678,2023-07-17,43.0,22.1,free,1,12,False,False
C02679,2022-09-30,70.0,4.8,pro,0,170,True,True
C02680,2022-10-25,49.0,23.0,pro,0,13,False,False
C02681,2020-04-05,56.0,13.2,basic,0,3,False,False
C02682,2020-07-17,33.0,11.3,free,0,17,False,False
C02683,2022-08-14,73.0,28.2,basic,1,20,False,False
C02684,2022-11-27,56.0,11.9,basic,1,0,False,False
C02685,2022-06-02,48.0,8.2,free,1,17,False,False
C02686,2023-01-11,21.0,3.5,free,3,4,False,False
C02687,2022-12-30,54.0,18.0,free,0,5,False,False
C02688,2022-12-11,20.0,7.6,free,1,23,False,False
C02689,2020-10-06,29.0,23.9,free,3,75,True,True
C02690,2021-09-03,59.0,7.7,free,1,123,True,True
C02691,2022-10-28,19.0,12.7,basic,0,19,False,False
C02692,2022-05-30,46.0,32.7,basic,0,16,False,False
C02693,2020-06-28,37.0,19.0,free,1,11,False,False
C02694,2022-05-02,,5.7,pro,2,13,False,False
C02695,2021-04-10,50.0,15.1,free,0,22,False,False
C02696,2020-01-21,33.0,23.1,free,1,29,False,False
C02697,2020-02-22,60.0,4.5,basic,0,22,False,False
C02698,2022-04-30,69.0,1.1,pro,0,15,False,False
C02699,2022-09-21,29.0,13.3,basic,2,11,False,False
C02700,2021-08-17,24.0,20.5,basic,0,26,False,False
C02701,2020-12-18,61.0,23.9,basic,0,17,False,False
C02702,2023-06-20,31.0,2.5,free,1,11,False,False
C02703,2023-07-03,46.0,2.6,free,1,21,False,False
C02704,2022-11-26,46.0,8.0,free,0,9,False,False
C02705,2021-10-01,21.0,1.1,pro,2,23,False,False
C02706,2020-10-05,55.0,27.2,free,1,5,False,False
C02707,2021-07-11,54.0,24.1,free,0,10,False,False
C02708,2020-08-15,25.0,12.3,free,2,1,False,False
C02709,2020-11-12,30.0,4.7,basic,1,104,False,True
C02710,2023-12-09,45.0,18.1,pro,1,17,False,False
C02711,2023-07-27,24.0,41.3,free,1,15,False,False
C02712,2021-01-31,34.0,1.0,free,0,15,False,False
C02713,2021-07-09,61.0,11.8,pro,1,2,False,False
C02714,2022-03-02,30.0,9.2,pro,1,14,False,False
C02715,2020-02-20,25.0,11.2,basic,0,10,False,False
C02716,2022-03-13,39.0,25.9,basic,1,10,False,False
C02717,2023-09-04,53.0,4.5,basic,0,84,False,True
C02718,2023-09-22,21.0,24.1,free,3,12,False,False
C02719,2023-03-03,61.0,7.4,basic,1,5,False,False
C02720,2021-02-13,,5.6,basic,0,20,False,False
C02721,2021-08-24,26.0,4.5,pro,3,8,False,False
C02722,2022-02-12,27.0,8.7,basic,1,8,False,False
C02723,2023-02-26,67.0,39.4,basic,0,14,False,False
C02724,2021-03-03,29.0,0.0,pro,0,0,False,False
C02725,2022-01-08,50.0,0.1,free,0,50,False,True
C02726,2022-12-26,70.0,25.1,free,2,20,True,True
C02727,2022-01-26,64.0,4.4,free,1,20,False,False
C02728,2021-03-12,65.0,49.5,basic,1,15,False,False
C02729,2020-04-27,52.0,28.3,free,0,13,False,False
C02730,2023-02-13,23.0,2.3,basic,2,13,False,False
C02731,2020-07-20,65.0,1.8,free,2,1,False,False
C02732,2020-04-30,54.0,25.3,basic,1,16,False,False
C02733,2020-08-12,34.0,35.8,pro,0,29,False,False
C02734,2021-05-07,65.0,15.7,pro,1,2,False,False
C02735,2023-04-18,18.0,15.0,free,0,0,False,False
C02736,2021-12-05,,18.8,basic,1,17,False,False
C02737,2022-08-14,53.0,59.6,basic,0,24,False,False
C02738,2022-02-15,69.0,63.0,pro,3,18,False,False
C02739,2021-11-29,19.0,18.3,basic,0,11,False,False
C02740,2021-06-07,53.0,25.0,basic,0,23,False,False
C02741,2023-10-08,68.0,31.6,free,2,15,False,False
C02742,2022-04-30,31.0,0.3,basic,1,27,False,False
C02743,2021-12-25,28.0,17.2,free,0,19,False,False
C02744,2020-12-26,52.0,11.7,basic,0,20,False,False
C02745,2021-01-12,44.0,24.2,basic,1,1,False,False
C02746,2021-02-07,61.0,1.2,pro,0,13,False,False
C02747,2020-08-12,30.0,0.6,free,1,26,False,False
C02748,2021-04-09,39.0,44.7,free,0,10,False,False
C02749,2022-09-13,18.0,21.7,basic,0,19,False,False
C02750,2022-03-11,,19.0,free,2,90,False,True
C02751,2022-05-28,,31.4,free,2,20,False,False
C02752,2020-10-26,53.0,4.2,free,1,6,False,False
C02753,2020-08-11,27.0,37.9,basic,0,23,False,False
C02754,2022-03-10,53.0,1.8,free,3,34,False,True
C02755,2023-10-03,28.0,4.7,free,3,11,False,False
C02756,2021-11-16,34.0,0.5,free,0,16,False,False
C02757,2022-06-12,64.0,2.7,basic,1,4,False,False
C02758,2021-11-25,30.0,21.9,free,1,25,False,False
C02759,2023-08-01,40.0,29.1,basic,2,20,False,False
C02760,2021-09-14,71.0,7.4,free,2,138,False,True
C02761,2021-03-22,47.0,24.8,free,2,19,False,False
C02762,2020-11-19,55.0,23.8,basic,0,9,False,False
C02763,2021-09-15,51.0,4.4,basic,2,176,True,True
C02764,2022-09-06,,21.9,free,5,8,False,False
C02765,2021-10-19,51.0,5.7,pro,0,17,False,False
C02766,2023-03-04,41.0,2.4,basic,1,13,False,False
C02767,2023-10-25,48.0,11.0,free,1,12,False,False
C02768,2022-10-04,21.0,0.2,free,0,20,False,False
C02769,2022-07-15,50.0,3.8,basic,0,12,False,False
C02770,2021-01-12,65.0,17.4,basic,1,23,False,False
C02771,2023-01-27,56.0,16.2,pro,2,16,False,False
C02772,2022-09-26,35.0,4.1,free,1,11,False,False
C02773,2021-06-22,64.0,8.0,free,1,10,False,False
C02774,2020-01-14,38.0,15.4,basic,1,23,False,False
C02775,2022-07-22,47.0,7.8,basic,2,25,False,False
C02776,2020-07-09,27.0,25.2,free,1,0,False,False
C02777,2020-03-17,40.0,11.9,free,1,9,False,False
C02778,2021-02-26,72.0,15.5,basic,0,16,False,False
C02779,2020-12-14,62.0,5.6,basic,1,6,False,False
C02780,2022-06-20,34.0,38.6,basic,1,11,False,False
C02781,2023-02-01,54.0,10.9,free,1,22,False,False
C02782,2022-07-23,22.0,14.1,free,2,21,False,False
C02783,2020-09-06,70.0,7.5,free,1,93,True,True
C02784,2020-10-08,19.0,48.2,basic,0,14,False,False
C02785,2022-10-08,35.0,4.4,free,2,11,False,False
C02786,2023-02-14,,17.1,free,1,28,False,False
C02787,2021-10-27,74.0,2.6,free,2,4,False,False
C02788,2023-01-17,19.0,1.4,basic,1,22,False,False
C02789,2023-11-02,36.0,40.0,basic,2,29,False,False
C02790,2021-12-21,69.0,7.3,basic,0,21,False,False
C02791,2023-07-08,28.0,19.6,free,1,4,False,False
C02792,2023-04-08,39.0,16.8,free,2,28,False,False
C02793,2023-06-15,50.0,22.7,basic,0,6,False,False
C02794,2023-02-05,32.0,8.9,basic,1,2,False,False
C02795,2021-12-25,33.0,82.8,basic,1,2,False,False
C02796,2022-11-02,74.0,14.4,free,0,12,False,False
C02797,2021-08-07,39.0,0.9,free,1,14,False,False
C02798,2023-09-14,37.0,4.3,free,1,19,False,False
C02799,2021-01-08,36.0,16.9,basic,0,0,False,False
C02800,2020-05-21,45.0,16.3,free,0,4,False,False
C02801,2023-04-20,21.0,2.8,basic,1,3,False,False
C02802,2020-08-26,31.0,16.0,free,1,12,False,False
C02803,2021-07-05,67.0,22.2,pro,1,27,False,False
C02804,2021-11-18,51.0,2.5,basic,1,10,False,False
C02805,2021-06-24,70.0,9.9,free,1,25,False,False
C02806,2021-03-02,29.0,13.1,free,0,9,False,False
C02807,2020-07-01,48.0,41.5,basic,1,4,False,False
C02808,2023-07-21,46.0,3.3,free,0,6,False,False
C02809,2021-01-27,25.0,49.0,basic,0,10,False,False
C02810,2022-05-30,52.0,0.2,basic,1,132,False,True
C02811,2022-11-07,52.0,4.9,free,1,28,False,False
C02812,2022-10-16,26.0,7.8,free,1,7,False,False
C02813,2021-03-31,39.0,5.5,free,2,9,False,False
C02814,2023-10-26,23.0,13.2,free,2,15,False,False
C02815,2023-08-02,37.0,12.1,free,0,24,False,False
C02816,2022-11-30,64.0,5.3,pro,0,12,False,False
C02817,2023-08-26,45.0,7.8,basic,1,19,False,False
C02818,2024-02-06,41.0,7.4,basic,0,17,False,False
C02819,2021-07-06,55.0,23.3,basic,0,10,False,False
C02820,2023-03-06,53.0,25.9,free,1,29,False,False
C02821,2021-04-29,32.0,3.7,basic,1,156,False,True
C02822,2022-09-25,,22.5,free,1,22,False,False
C02823,2023-10-11,25.0,7.9,free,0,14,False,False
C02824,2021-04-12,39.0,0.1,basic,2,12,False,False
C02825,2023-02-01,28.0,9.2,free,0,17,False,False
C02826,2023-01-31,71.0,37.8,pro,1,16,False,False
C02827,2021-07-29,63.0,2.8,free,1,1,False,False
C02828,2021-10-10,66.0,0.1,free,1,147,False,True
C02829,2022-10-20,48.0,12.5,pro,1,20,False,False
C02830,2023-11-20,64.0,5.3,free,0,23,True,True
C02831,2022-01-15,18.0,33.2,free,0,27,False,False
C02832,2023-07-26,50.0,18.4,pro,3,13,False,False
C02833,2020-06-09,31.0,7.2,free,2,9,False,False
C02834,2020-04-29,42.0,7.2,pro,1,17,False,False
C02835,2023-04-17,74.0,11.2,free,1,9,False,False
C02836,2024-01-08,42.0,38.2,free,0,2,False,False
C02837,2022-03-30,,24.0,free,1,22,False,False
C02838,2021-09-13,56.0,8.3,free,1,10,False,False
C02839,2022-07-27,41.0,18.7,free,0,8,False,False
C02840,2021-04-17,34.0,0.8,free,5,25,False,False
C02841,2020-05-13,62.0,11.4,basic,1,167,True,True
C02842,2021-06-03,47.0,7.4,basic,0,19,False,False
C02843,2023-07-29,55.0,6.7,pro,1,49,True,True
C02844,2020-11-01,24.0,1.8,basic,0,2,False,False
C02845,2021-05-24,27.0,23.5,basic,1,4,False,False
C02846,2021-08-10,45.0,3.5,free,0,21,False,False
C02847,2020-06-05,30.0,46.0,free,0,10,False,False
C02848,2023-10-01,58.0,2.6,basic,2,22,False,False
C02849,2023-03-06,35.0,10.7,basic,2,15,False,False
C02850,2021-08-19,32.0,4.1,basic,2,14,False,False
C02851,2022-01-11,41.0,5.3,basic,0,10,False,False
C02852,2024-02-01,62.0,2.3,basic,2,111,False,True
C02853,2021-11-06,58.0,42.6,free,0,25,False,False
C02854,2023-02-05,64.0,6.8,free,1,109,True,True
C02855,2020-04-17,48.0,98.8,basic,2,16,False,False
C02856,2022-06-24,47.0,141.8,free,0,12,False,False
C02857,2023-12-05,40.0,36.7,basic,1,42,True,True
C02858,2020-12-29,57.0,4.4,pro,0,170,False,True
C02859,2021-06-20,37.0,12.1,free,3,44,True,True
C02860,2020-11-30,57.0,3.4,free,2,2,False,False
C02861,2020-10-17,54.0,31.6,pro,0,29,False,False
C02862,2021-11-17,54.0,4.6,pro,2,1,False,False
C02863,2023-10-20,,6.8,free,0,15,False,False
C02864,2022-03-17,60.0,43.9,free,0,14,False,False
C02865,2023-09-09,29.0,36.9,free,1,22,False,False
C02866,2021-01-20,60.0,7.9,free,3,46,True,True
C02867,2024-01-23,25.0,7.8,free,2,27,False,False
C02868,2022-11-23,67.0,12.9,pro,2,4,False,False
C02869,2022-07-02,44.0,61.4,free,4,22,False,False
C02870,2022-04-20,32.0,0.2,free,2,28,False,False
C02871,2022-11-16,50.0,14.4,free,2,18,False,False
C02872,2021-07-05,37.0,85.9,basic,2,28,False,False
C02873,2021-09-16,21.0,40.1,basic,0,24,False,False
C02874,2020-12-09,42.0,7.6,basic,1,25,False,False
C02875,2023-08-20,31.0,26.5,free,1,2,False,False
C02876,2021-12-23,,17.8,free,0,0,False,False
C02877,2022-03-22,53.0,11.5,basic,0,21,False,False
C02878,2023-11-15,50.0,7.1,basic,2,17,False,False
C02879,2021-01-08,34.0,10.8,pro,2,1,False,False
C02880,2022-05-27,27.0,1.1,free,1,28,False,False
C02881,2022-03-21,33.0,32.6,basic,1,15,False,False
C02882,2021-11-18,42.0,51.8,free,0,6,False,False
C02883,2024-01-02,74.0,40.7,basic,1,29,False,False
C02884,2023-02-07,48.0,7.7,basic,2,23,False,False
C02885,2021-08-21,,49.4,basic,1,19,False,False
C02886,2023-11-30,24.0,5.9,basic,3,28,False,False
C02887,2020-06-27,73.0,14.7,basic,1,162,False,True
C02888,2022-01-08,30.0,13.4,basic,1,12,False,False
C02889,2022-07-22,74.0,20.3,free,2,22,False,True
C02890,2023-05-18,53.0,26.3,free,2,20,False,False
C02891,2023-12-03,58.0,36.6,free,1,25,False,False
C02892,2020-06-28,,9.3,free,2,79,False,True
C02893,2021-11-11,69.0,5.9,basic,0,15,False,False
C02894,2022-01-17,68.0,3.4,free,2,136,True,True
C02895,2022-10-06,65.0,59.1,free,0,27,False,False
C02896,2023-09-26,33.0,8.3,pro,1,0,False,False
C02897,2023-05-11,67.0,29.5,free,0,3,False,False
C02898,2023-07-02,64.0,6.3,pro,0,95,False,True
C02899,2022-07-17,34.0,18.1,basic,1,5,False,False
C02900,2023-08-06,24.0,0.7,basic,0,11,False,False
C02901,2021-07-14,35.0,7.3,free,0,11,False,False
C02902,2020-01-18,37.0,19.7,basic,1,10,False,False
C02903,2022-09-17,58.0,4.6,basic,1,126,False,True
C02904,2021-05-14,32.0,23.4,free,1,0,False,False
C02905,2020-12-30,38.0,36.2,free,2,9,False,False
C02906,2020-01-30,35.0,6.1,free,0,174,True,True
C02907,2020-06-12,28.0,39.3,pro,0,20,False,False
C02908,2023-06-19,37.0,1.7,free,1,16,False,False
C02909,2023-03-25,49.0,23.0,free,1,26,False,False
C02910,2022-01-03,62.0,44.3,free,2,0,False,False
C02911,2021-10-09,56.0,16.6,basic,0,6,False,False
C02912,2020-02-19,52.0,16.3,basic,2,10,False,False
C02913,2023-12-22,34.0,22.3,basic,0,12,False,False
C02914,2020-08-01,49.0,23.4,free,0,12,False,False
C02915,2023-05-17,73.0,25.1,basic,1,26,False,False
C02916,2023-10-07,40.0,57.5,free,1,14,False,False
C02917,2023-12-23,59.0,11.1,free,0,21,False,False
C02918,2021-08-08,23.0,37.3,pro,0,3,False,False
C02919,2022-12-30,26.0,33.5,basic,0,14,False,False
C02920,2020-12-25,33.0,32.7,free,1,7,False,False
C02921,2021-06-08,44.0,8.8,basic,2,26,False,False
C02922,2020-11-26,19.0,4.4,free,3,14,False,False
C02923,2023-01-23,61.0,20.2,basic,0,20,False,False
C02924,2021-09-18,41.0,31.8,basic,0,27,False,False
C02925,2023-05-31,37.0,9.6,basic,1,11,False,False
C02926,2021-08-05,22.0,2.4,free,1,0,False,False
C02927,2022-11-27,49.0,22.6,free,0,25,False,False
C02928,2020-04-18,45.0,32.7,basic,1,19,False,False
C02929,2023-09-13,28.0,13.1,free,4,152,True,True
C02930,2021-04-08,51.0,43.3,basic,2,12,False,False
C02931,2020-02-21,74.0,6.8,pro,2,29,False,False
C02932,2023-02-17,64.0,13.3,free,0,25,False,False
C02933,2021-06-29,72.0,22.6,free,1,15,False,False
C02934,2023-07-18,33.0,1.1,free,2,23,False,True
C02935,2023-04-06,65.0,7.4,basic,2,79,True,True
C02936,2021-11-23,43.0,17.9,free,1,27,False,False
C02937,2023-02-25,29.0,9.1,free,0,18,False,False
C02938,2020-09-05,51.0,33.6,basic,1,7,False,False
C02939,2021-05-11,21.0,3.1,free,0,14,False,False
C02940,2021-11-12,34.0,41.6,basic,0,3,False,False
C02941,2023-07-24,19.0,19.7,free,0,0,False,False
C02942,2021-01-11,48.0,12.4,free,1,11,False,False
C02943,2022-02-25,40.0,20.2,basic,0,21,False,False
C02944,2021-03-15,49.0,3.9,free,1,10,False,False
C02945,2020-05-17,54.0,23.2,free,0,2,False,False
C02946,2020-01-03,43.0,3.4,pro,0,6,False,False
C02947,2023-04-06,62.0,44.8,free,2,24,False,False
C02948,2024-01-01,74.0,21.3,free,3,9,False,False
C02949,2022-02-28,64.0,20.8,free,2,8,False,False
C02950,2020-03-30,74.0,2.9,basic,1,87,True,True
C02951,2023-12-13,68.0,0.6,free,1,27,False,False
C02952,2020-07-02,28.0,10.2,pro,0,10,False,False
C02953,2020-01-17,70.0,57.5,free,0,9,False,False
C02954,2021-12-17,42.0,107.9,basic,0,5,False,False
C02955,2022-12-10,63.0,6.0,basic,1,13,False,False
C02956,2021-09-06,69.0,5.0,basic,1,27,False,False
C02957,2020-02-18,66.0,5.5,pro,0,17,False,False
C02958,2020-02-15,72.0,11.6,pro,1,4,False,False
C02959,2023-03-24,44.0,5.4,basic,1,17,False,True
C02960,2023-01-27,32.0,2.3,free,1,10,False,False
C02961,2023-08-11,72.0,43.4,free,1,3,False,False
C02962,2024-01-25,50.0,49.4,basic,1,17,False,False
C02963,2023-07-24,60.0,5.3,basic,1,153,True,True
C02964,2020-04-15,38.0,12.5,pro,0,8,False,False
C02965,2021-05-28,29.0,6.0,free,2,11,False,False
C02966,2023-08-29,40.0,1.9,basic,1,20,False,False
C02967,2022-10-19,64.0,1.2,free,1,17,False,False
C02968,2022-07-14,18.0,49.8,free,0,1,False,False
C02969,2020-12-10,54.0,10.2,free,4,18,False,False
C02970,2022-03-18,59.0,11.6,free,3,9,False,False
C02971,2022-01-29,72.0,25.7,free,1,100,True,True
C02972,2023-09-20,,5.6,basic,0,29,False,False
C02973,2020-11-12,66.0,2.0,free,4,166,False,True
C02974,2022-05-07,57.0,25.4,basic,3,119,True,True
C02975,2021-03-04,58.0,8.9,basic,1,33,False,True
C02976,2022-12-01,22.0,5.6,pro,0,6,False,False
C02977,2023-03-19,36.0,9.0,free,0,19,False,False
C02978,2022-09-02,37.0,0.6,free,2,7,False,False
C02979,2020-02-16,19.0,13.2,basic,0,24,False,False
C02980,2022-08-04,67.0,50.2,basic,0,26,False,False
C02981,2020-03-13,18.0,23.6,free,0,17,False,False
C02982,2023-04-06,65.0,18.6,free,0,121,False,True
C02983,2020-11-24,66.0,10.4,basic,0,27,False,False
C02984,2023-05-25,26.0,15.1,basic,0,23,False,False
C02985,2022-03-23,20.0,3.8,pro,2,2,False,False
C02986,2020-07-19,62.0,0.9,pro,0,25,False,False
C02987,2022-04-19,37.0,3.5,basic,0,22,False,False
C02988,2021-06-23,64.0,1.3,free,2,168,False,True
C02989,2023-04-29,56.0,7.5,free,0,21,False,False
C02990,2022-06-28,25.0,19.3,pro,2,61,True,True
C02991,2021-12-01,49.0,12.0,free,2,27,False,False
C02992,2022-02-17,24.0,3.4,free,2,23,False,False
C02993,2021-09-23,67.0,14.6,free,0,22,False,False
C02994,2022-01-19,42.0,76.7,free,2,9,False,False
C02995,2020-12-02,31.0,13.4,free,3,13,False,False
C02996,2020-01-21,44.0,32.2,basic,0,29,False,False
C02997,2021-07-04,66.0,55.5,free,0,6,False,False
C02998,2022-08-16,21.0,61.9,free,2,26,False,False
C02999,2023-08-28,43.0,44.8,free,2,28,False,False
C03000,2020-11-04,59.0,67.8,free,0,32,True,True
C01307,2020-01-07,39.0,5.1,free,3,24,False,False
C02038,2023-04-04,39.0,0.6,free,0,0,False,False
C00569,2021-09-30,43.0,26.1,free,1,20,False,False
C01898,2022-10-08,,11.9,free,4,5,False,False
C02499,2020-09-02,46.0,22.2,basic,1,18,False,False
C01112,2022-01-01,64.0,44.0,free,1,22,False,False
C01236,2023-12-03,,46.4,free,1,6,False,False
C01124,2021-02-05,61.0,13.6,free,4,171,True,True
C02731,2020-07-20,65.0,1.8,free,2,1,False,False
C02215,2022-10-04,63.0,6.3,free,0,20,False,False
C01854,2020-10-24,46.0,0.1,basic,1,1,False,False
C01397,2020-07-01,29.0,21.9,pro,0,14,False,False
C00719,2022-02-25,68.0,8.1,free,0,5,False,False
C00892,2022-05-30,66.0,6.4,free,1,5,False,False
C01141,2021-08-21,44.0,44.9,pro,0,15,False,False
C02804,2021-11-18,51.0,2.5,basic,1,10,False,False
C02180,2020-09-17,54.0,2.7,pro,0,23,False,False
C01444,2023-09-30,62.0,0.4,free,1,20,False,False
